{"type": "FeatureCollection", "features": [{"type": "Feature", "geometry": {"type": "Point", "coordinates": [6.05763, 50.7642]}, "properties": {"pi2025": 10.4, "pi2018": 8.2, "change_pct": 84.0, "n2025": 91, "grid": "4043_3080"}}, {"type": "Feature", "geometry": {"type": "Point", "coordinates": [6.07254, 50.75571]}, "properties": {"pi2025": 10.6, "pi2018": 7.9, "change_pct": 75.7, "n2025": 58, "grid": "4044_3079"}}, {"type": "Feature", "geometry": {"type": "Point", "coordinates": [6.07179, 50.76468]}, "properties": {"pi2025": 10.1, "pi2018": 8.3, "change_pct": 71.2, "n2025": 308, "grid": "4044_3080"}}, {"type": "Feature", "geometry": {"type": "Point", "coordinates": [6.07103, 50.77366]}, "properties": {"pi2025": 10.4, "pi2018": 9.0, "change_pct": 66.0, "n2025": 212, "grid": "4044_3081"}}, {"type": "Feature", "geometry": {"type": "Point", "coordinates": [6.07028, 50.78263]}, "properties": {"pi2025": 10.5, "pi2018": 8.7, "change_pct": 54.9, "n2025": 111, "grid": "4044_3082"}}, {"type": "Feature", "geometry": {"type": "Point", "coordinates": [6.0867, 50.75619]}, "properties": {"pi2025": 9.9, "pi2018": 8.1, "change_pct": 75.7, "n2025": 148, "grid": "4045_3079"}}, {"type": "Feature", "geometry": {"type": "Point", "coordinates": [6.08595, 50.76516]}, "properties": {"pi2025": 11.1, "pi2018": 8.1, "change_pct": 90.2, "n2025": 335, "grid": "4045_3080"}}, {"type": "Feature", "geometry": {"type": "Point", "coordinates": [6.08519, 50.77414]}, "properties": {"pi2025": 10.5, "pi2018": 7.9, "change_pct": 75.3, "n2025": 263, "grid": "4045_3081"}}, {"type": "Feature", "geometry": {"type": "Point", "coordinates": [6.1001, 50.76564]}, "properties": {"pi2025": 9.8, "pi2018": 7.8, "change_pct": 69.0, "n2025": 307, "grid": "4046_3080"}}, {"type": "Feature", "geometry": {"type": "Point", "coordinates": [6.09935, 50.77462]}, "properties": {"pi2025": 9.8, "pi2018": 7.5, "change_pct": 80.3, "n2025": 152, "grid": "4046_3081"}}, {"type": "Feature", "geometry": {"type": "Point", "coordinates": [6.09183, 50.86437]}, "properties": {"pi2025": 8.5, "pi2018": 0, "change_pct": 0, "n2025": 63, "grid": "4046_3091"}}, {"type": "Feature", "geometry": {"type": "Point", "coordinates": [6.11426, 50.76612]}, "properties": {"pi2025": 8.9, "pi2018": 7.1, "change_pct": 68.5, "n2025": 115, "grid": "4047_3080"}}, {"type": "Feature", "geometry": {"type": "Point", "coordinates": [6.12618, 50.79352]}, "properties": {"pi2025": 10.0, "pi2018": 7.0, "change_pct": 0, "n2025": 57, "grid": "4048_3083"}}, {"type": "Feature", "geometry": {"type": "Point", "coordinates": [6.12882, 51.78352]}, "properties": {"pi2025": 7.4, "pi2018": 5.9, "change_pct": 57.5, "n2025": 60, "grid": "4054_3193"}}, {"type": "Feature", "geometry": {"type": "Point", "coordinates": [6.25224, 50.81568]}, "properties": {"pi2025": 8.5, "pi2018": 6.5, "change_pct": 0, "n2025": 51, "grid": "4057_3085"}}, {"type": "Feature", "geometry": {"type": "Point", "coordinates": [6.26641, 50.81614]}, "properties": {"pi2025": 8.0, "pi2018": 6.2, "change_pct": 0, "n2025": 58, "grid": "4058_3085"}}, {"type": "Feature", "geometry": {"type": "Point", "coordinates": [6.35792, 50.91805]}, "properties": {"pi2025": 8.7, "pi2018": 0, "change_pct": 0, "n2025": 50, "grid": "4065_3096"}}, {"type": "Feature", "geometry": {"type": "Point", "coordinates": [6.38888, 51.25195]}, "properties": {"pi2025": 8.2, "pi2018": 5.9, "change_pct": 67.7, "n2025": 61, "grid": "4069_3133"}}, {"type": "Feature", "geometry": {"type": "Point", "coordinates": [6.4074, 51.19854]}, "properties": {"pi2025": 8.2, "pi2018": 6.4, "change_pct": 59.3, "n2025": 51, "grid": "4070_3127"}}, {"type": "Feature", "geometry": {"type": "Point", "coordinates": [6.42518, 51.1541]}, "properties": {"pi2025": 8.0, "pi2018": 5.9, "change_pct": 66.8, "n2025": 50, "grid": "4071_3122"}}, {"type": "Feature", "geometry": {"type": "Point", "coordinates": [6.42448, 51.16308]}, "properties": {"pi2025": 8.1, "pi2018": 5.9, "change_pct": 52.9, "n2025": 55, "grid": "4071_3123"}}, {"type": "Feature", "geometry": {"type": "Point", "coordinates": [6.42239, 51.19]}, "properties": {"pi2025": 8.6, "pi2018": 6.3, "change_pct": 70.4, "n2025": 148, "grid": "4071_3126"}}, {"type": "Feature", "geometry": {"type": "Point", "coordinates": [6.42169, 51.19898]}, "properties": {"pi2025": 9.0, "pi2018": 6.6, "change_pct": 64.8, "n2025": 66, "grid": "4071_3127"}}, {"type": "Feature", "geometry": {"type": "Point", "coordinates": [6.46691, 50.79546]}, "properties": {"pi2025": 7.5, "pi2018": 5.7, "change_pct": 60.4, "n2025": 76, "grid": "4072_3082"}}, {"type": "Feature", "geometry": {"type": "Point", "coordinates": [6.44153, 51.12761]}, "properties": {"pi2025": 7.9, "pi2018": 6.1, "change_pct": 54.3, "n2025": 71, "grid": "4072_3119"}}, {"type": "Feature", "geometry": {"type": "Point", "coordinates": [6.43945, 51.15454]}, "properties": {"pi2025": 8.4, "pi2018": 6.3, "change_pct": 72.4, "n2025": 67, "grid": "4072_3122"}}, {"type": "Feature", "geometry": {"type": "Point", "coordinates": [6.43876, 51.16351]}, "properties": {"pi2025": 8.1, "pi2018": 5.9, "change_pct": 62.1, "n2025": 110, "grid": "4072_3123"}}, {"type": "Feature", "geometry": {"type": "Point", "coordinates": [6.43737, 51.18147]}, "properties": {"pi2025": 7.8, "pi2018": 6.0, "change_pct": 59.8, "n2025": 71, "grid": "4072_3125"}}, {"type": "Feature", "geometry": {"type": "Point", "coordinates": [6.43668, 51.19044]}, "properties": {"pi2025": 8.0, "pi2018": 6.1, "change_pct": 59.0, "n2025": 104, "grid": "4072_3126"}}, {"type": "Feature", "geometry": {"type": "Point", "coordinates": [6.43598, 51.19942]}, "properties": {"pi2025": 8.1, "pi2018": 6.0, "change_pct": 66.3, "n2025": 120, "grid": "4072_3127"}}, {"type": "Feature", "geometry": {"type": "Point", "coordinates": [6.48108, 50.79589]}, "properties": {"pi2025": 7.9, "pi2018": 5.9, "change_pct": 64.0, "n2025": 117, "grid": "4073_3082"}}, {"type": "Feature", "geometry": {"type": "Point", "coordinates": [6.45442, 51.146]}, "properties": {"pi2025": 7.9, "pi2018": 5.8, "change_pct": 64.9, "n2025": 61, "grid": "4073_3121"}}, {"type": "Feature", "geometry": {"type": "Point", "coordinates": [6.45097, 51.19088]}, "properties": {"pi2025": 8.9, "pi2018": 5.9, "change_pct": 87.1, "n2025": 50, "grid": "4073_3126"}}, {"type": "Feature", "geometry": {"type": "Point", "coordinates": [6.49458, 50.8053]}, "properties": {"pi2025": 8.7, "pi2018": 5.9, "change_pct": 90.4, "n2025": 62, "grid": "4074_3083"}}, {"type": "Feature", "geometry": {"type": "Point", "coordinates": [6.48424, 51.31785]}, "properties": {"pi2025": 8.4, "pi2018": 6.5, "change_pct": 50.7, "n2025": 50, "grid": "4076_3140"}}, {"type": "Feature", "geometry": {"type": "Point", "coordinates": [6.62934, 49.72047]}, "properties": {"pi2025": 9.9, "pi2018": 6.9, "change_pct": 0, "n2025": 54, "grid": "4078_2962"}}, {"type": "Feature", "geometry": {"type": "Point", "coordinates": [6.62745, 49.74742]}, "properties": {"pi2025": 10.1, "pi2018": 8.0, "change_pct": 58.9, "n2025": 63, "grid": "4078_2965"}}, {"type": "Feature", "geometry": {"type": "Point", "coordinates": [6.64069, 49.75681]}, "properties": {"pi2025": 9.7, "pi2018": 7.9, "change_pct": 42.4, "n2025": 54, "grid": "4079_2966"}}, {"type": "Feature", "geometry": {"type": "Point", "coordinates": [6.64006, 49.76579]}, "properties": {"pi2025": 10.7, "pi2018": 0, "change_pct": 0, "n2025": 161, "grid": "4079_2967"}}, {"type": "Feature", "geometry": {"type": "Point", "coordinates": [6.54156, 51.31957]}, "properties": {"pi2025": 7.9, "pi2018": 6.3, "change_pct": 61.2, "n2025": 88, "grid": "4080_3140"}}, {"type": "Feature", "geometry": {"type": "Point", "coordinates": [6.54089, 51.32855]}, "properties": {"pi2025": 9.1, "pi2018": 6.1, "change_pct": 83.8, "n2025": 213, "grid": "4080_3141"}}, {"type": "Feature", "geometry": {"type": "Point", "coordinates": [6.66904, 49.74865]}, "properties": {"pi2025": 10.1, "pi2018": 8.4, "change_pct": 0, "n2025": 70, "grid": "4081_2965"}}, {"type": "Feature", "geometry": {"type": "Point", "coordinates": [6.57331, 51.08659]}, "properties": {"pi2025": 7.4, "pi2018": 6.5, "change_pct": 23.6, "n2025": 66, "grid": "4081_3114"}}, {"type": "Feature", "geometry": {"type": "Point", "coordinates": [6.55589, 51.31999]}, "properties": {"pi2025": 8.1, "pi2018": 6.3, "change_pct": 61.8, "n2025": 139, "grid": "4081_3140"}}, {"type": "Feature", "geometry": {"type": "Point", "coordinates": [6.55522, 51.32897]}, "properties": {"pi2025": 8.1, "pi2018": 6.2, "change_pct": 59.7, "n2025": 210, "grid": "4081_3141"}}, {"type": "Feature", "geometry": {"type": "Point", "coordinates": [6.55454, 51.33795]}, "properties": {"pi2025": 8.1, "pi2018": 5.9, "change_pct": 66.2, "n2025": 91, "grid": "4081_3142"}}, {"type": "Feature", "geometry": {"type": "Point", "coordinates": [6.5709, 51.31144]}, "properties": {"pi2025": 8.5, "pi2018": 5.9, "change_pct": 65.9, "n2025": 52, "grid": "4082_3139"}}, {"type": "Feature", "geometry": {"type": "Point", "coordinates": [6.56955, 51.32939]}, "properties": {"pi2025": 8.2, "pi2018": 6.1, "change_pct": 60.6, "n2025": 186, "grid": "4082_3141"}}, {"type": "Feature", "geometry": {"type": "Point", "coordinates": [6.56888, 51.33837]}, "properties": {"pi2025": 9.1, "pi2018": 6.9, "change_pct": 55.6, "n2025": 92, "grid": "4082_3142"}}, {"type": "Feature", "geometry": {"type": "Point", "coordinates": [6.58322, 51.33879]}, "properties": {"pi2025": 9.1, "pi2018": 6.8, "change_pct": 58.8, "n2025": 52, "grid": "4083_3142"}}, {"type": "Feature", "geometry": {"type": "Point", "coordinates": [6.63991, 51.34944]}, "properties": {"pi2025": 8.6, "pi2018": 6.4, "change_pct": 60.5, "n2025": 58, "grid": "4087_3143"}}, {"type": "Feature", "geometry": {"type": "Point", "coordinates": [6.63331, 51.43921]}, "properties": {"pi2025": 9.0, "pi2018": 6.1, "change_pct": 76.1, "n2025": 56, "grid": "4087_3153"}}, {"type": "Feature", "geometry": {"type": "Point", "coordinates": [6.63265, 51.44819]}, "properties": {"pi2025": 8.0, "pi2018": 6.2, "change_pct": 48.4, "n2025": 75, "grid": "4087_3154"}}, {"type": "Feature", "geometry": {"type": "Point", "coordinates": [6.68093, 51.17968]}, "properties": {"pi2025": 9.2, "pi2018": 7.8, "change_pct": 61.3, "n2025": 65, "grid": "4089_3124"}}, {"type": "Feature", "geometry": {"type": "Point", "coordinates": [6.68029, 51.18866]}, "properties": {"pi2025": 11.2, "pi2018": 7.5, "change_pct": 83.0, "n2025": 100, "grid": "4089_3125"}}, {"type": "Feature", "geometry": {"type": "Point", "coordinates": [6.67964, 51.19764]}, "properties": {"pi2025": 9.1, "pi2018": 7.6, "change_pct": 53.5, "n2025": 102, "grid": "4089_3126"}}, {"type": "Feature", "geometry": {"type": "Point", "coordinates": [6.67575, 51.2515]}, "properties": {"pi2025": 11.0, "pi2018": 8.7, "change_pct": 64.2, "n2025": 76, "grid": "4089_3132"}}, {"type": "Feature", "geometry": {"type": "Point", "coordinates": [6.69071, 51.24293]}, "properties": {"pi2025": 11.5, "pi2018": 8.6, "change_pct": 74.4, "n2025": 74, "grid": "4090_3131"}}, {"type": "Feature", "geometry": {"type": "Point", "coordinates": [6.70566, 51.23436]}, "properties": {"pi2025": 13.2, "pi2018": 8.7, "change_pct": 0, "n2025": 50, "grid": "4091_3130"}}, {"type": "Feature", "geometry": {"type": "Point", "coordinates": [6.71996, 51.23477]}, "properties": {"pi2025": 13.3, "pi2018": 9.9, "change_pct": 77.2, "n2025": 87, "grid": "4092_3130"}}, {"type": "Feature", "geometry": {"type": "Point", "coordinates": [6.70904, 51.38739]}, "properties": {"pi2025": 6.9, "pi2018": 0, "change_pct": 0, "n2025": 56, "grid": "4092_3147"}}, {"type": "Feature", "geometry": {"type": "Point", "coordinates": [6.70775, 51.40535]}, "properties": {"pi2025": 6.8, "pi2018": 5.0, "change_pct": 52.9, "n2025": 78, "grid": "4092_3149"}}, {"type": "Feature", "geometry": {"type": "Point", "coordinates": [6.73682, 51.19926]}, "properties": {"pi2025": 11.7, "pi2018": 8.9, "change_pct": 58.0, "n2025": 73, "grid": "4093_3126"}}, {"type": "Feature", "geometry": {"type": "Point", "coordinates": [6.73491, 51.22619]}, "properties": {"pi2025": 16.4, "pi2018": 11.6, "change_pct": 77.3, "n2025": 137, "grid": "4093_3129"}}, {"type": "Feature", "geometry": {"type": "Point", "coordinates": [6.73427, 51.23517]}, "properties": {"pi2025": 13.3, "pi2018": 10.0, "change_pct": 65.0, "n2025": 69, "grid": "4093_3130"}}, {"type": "Feature", "geometry": {"type": "Point", "coordinates": [6.71824, 51.45962]}, "properties": {"pi2025": 7.2, "pi2018": 5.1, "change_pct": 69.9, "n2025": 57, "grid": "4093_3155"}}, {"type": "Feature", "geometry": {"type": "Point", "coordinates": [6.75111, 51.19966]}, "properties": {"pi2025": 11.1, "pi2018": 9.2, "change_pct": 60.3, "n2025": 54, "grid": "4094_3126"}}, {"type": "Feature", "geometry": {"type": "Point", "coordinates": [6.75048, 51.20863]}, "properties": {"pi2025": 13.9, "pi2018": 10.5, "change_pct": 71.7, "n2025": 204, "grid": "4094_3127"}}, {"type": "Feature", "geometry": {"type": "Point", "coordinates": [6.74921, 51.22659]}, "properties": {"pi2025": 15.2, "pi2018": 11.4, "change_pct": 62.6, "n2025": 156, "grid": "4094_3129"}}, {"type": "Feature", "geometry": {"type": "Point", "coordinates": [6.73902, 51.37024]}, "properties": {"pi2025": 8.3, "pi2018": 6.0, "change_pct": 0, "n2025": 72, "grid": "4094_3145"}}, {"type": "Feature", "geometry": {"type": "Point", "coordinates": [6.73197, 51.469]}, "properties": {"pi2025": 6.6, "pi2018": 5.2, "change_pct": 60.0, "n2025": 51, "grid": "4094_3156"}}, {"type": "Feature", "geometry": {"type": "Point", "coordinates": [6.76604, 51.19108]}, "properties": {"pi2025": 11.4, "pi2018": 9.8, "change_pct": 66.1, "n2025": 103, "grid": "4095_3125"}}, {"type": "Feature", "geometry": {"type": "Point", "coordinates": [6.76541, 51.20005]}, "properties": {"pi2025": 12.5, "pi2018": 9.6, "change_pct": 84.9, "n2025": 267, "grid": "4095_3126"}}, {"type": "Feature", "geometry": {"type": "Point", "coordinates": [6.76478, 51.20903]}, "properties": {"pi2025": 12.7, "pi2018": 10.1, "change_pct": 78.5, "n2025": 362, "grid": "4095_3127"}}, {"type": "Feature", "geometry": {"type": "Point", "coordinates": [6.76415, 51.21801]}, "properties": {"pi2025": 13.8, "pi2018": 10.9, "change_pct": 57.7, "n2025": 130, "grid": "4095_3128"}}, {"type": "Feature", "geometry": {"type": "Point", "coordinates": [6.76351, 51.22699]}, "properties": {"pi2025": 16.2, "pi2018": 12.2, "change_pct": 87.0, "n2025": 57, "grid": "4095_3129"}}, {"type": "Feature", "geometry": {"type": "Point", "coordinates": [6.76288, 51.23597]}, "properties": {"pi2025": 14.1, "pi2018": 10.4, "change_pct": 81.6, "n2025": 68, "grid": "4095_3130"}}, {"type": "Feature", "geometry": {"type": "Point", "coordinates": [6.76225, 51.24495]}, "properties": {"pi2025": 12.2, "pi2018": 10.1, "change_pct": 64.7, "n2025": 76, "grid": "4095_3131"}}, {"type": "Feature", "geometry": {"type": "Point", "coordinates": [6.75146, 51.39758]}, "properties": {"pi2025": 7.2, "pi2018": 5.6, "change_pct": 59.3, "n2025": 118, "grid": "4095_3148"}}, {"type": "Feature", "geometry": {"type": "Point", "coordinates": [6.75019, 51.41553]}, "properties": {"pi2025": 7.0, "pi2018": 5.0, "change_pct": 59.1, "n2025": 117, "grid": "4095_3150"}}, {"type": "Feature", "geometry": {"type": "Point", "coordinates": [6.74955, 51.42451]}, "properties": {"pi2025": 8.1, "pi2018": 5.8, "change_pct": 73.8, "n2025": 73, "grid": "4095_3151"}}, {"type": "Feature", "geometry": {"type": "Point", "coordinates": [6.74891, 51.43349]}, "properties": {"pi2025": 7.5, "pi2018": 5.5, "change_pct": 50.6, "n2025": 63, "grid": "4095_3152"}}, {"type": "Feature", "geometry": {"type": "Point", "coordinates": [6.74699, 51.46042]}, "properties": {"pi2025": 6.7, "pi2018": 5.4, "change_pct": 51.9, "n2025": 52, "grid": "4095_3155"}}, {"type": "Feature", "geometry": {"type": "Point", "coordinates": [6.80026, 50.90414]}, "properties": {"pi2025": 9.2, "pi2018": 7.9, "change_pct": 59.1, "n2025": 50, "grid": "4096_3093"}}, {"type": "Feature", "geometry": {"type": "Point", "coordinates": [6.79406, 50.99394]}, "properties": {"pi2025": 10.7, "pi2018": 8.2, "change_pct": 61.2, "n2025": 74, "grid": "4096_3103"}}, {"type": "Feature", "geometry": {"type": "Point", "coordinates": [6.78033, 51.19147]}, "properties": {"pi2025": 11.9, "pi2018": 9.1, "change_pct": 74.9, "n2025": 80, "grid": "4096_3125"}}, {"type": "Feature", "geometry": {"type": "Point", "coordinates": [6.7797, 51.20045]}, "properties": {"pi2025": 11.4, "pi2018": 9.7, "change_pct": 71.9, "n2025": 221, "grid": "4096_3126"}}, {"type": "Feature", "geometry": {"type": "Point", "coordinates": [6.77907, 51.20943]}, "properties": {"pi2025": 12.3, "pi2018": 9.5, "change_pct": 86.5, "n2025": 569, "grid": "4096_3127"}}, {"type": "Feature", "geometry": {"type": "Point", "coordinates": [6.77845, 51.21841]}, "properties": {"pi2025": 12.7, "pi2018": 9.3, "change_pct": 83.3, "n2025": 307, "grid": "4096_3128"}}, {"type": "Feature", "geometry": {"type": "Point", "coordinates": [6.77782, 51.22739]}, "properties": {"pi2025": 12.5, "pi2018": 10.0, "change_pct": 63.5, "n2025": 254, "grid": "4096_3129"}}, {"type": "Feature", "geometry": {"type": "Point", "coordinates": [6.77719, 51.23636]}, "properties": {"pi2025": 11.9, "pi2018": 9.6, "change_pct": 70.3, "n2025": 596, "grid": "4096_3130"}}, {"type": "Feature", "geometry": {"type": "Point", "coordinates": [6.77656, 51.24534]}, "properties": {"pi2025": 12.5, "pi2018": 9.4, "change_pct": 79.3, "n2025": 397, "grid": "4096_3131"}}, {"type": "Feature", "geometry": {"type": "Point", "coordinates": [6.7753, 51.2633]}, "properties": {"pi2025": 12.2, "pi2018": 8.8, "change_pct": 81.3, "n2025": 77, "grid": "4096_3133"}}, {"type": "Feature", "geometry": {"type": "Point", "coordinates": [6.76391, 51.42491]}, "properties": {"pi2025": 7.5, "pi2018": 7.1, "change_pct": 45.8, "n2025": 83, "grid": "4096_3151"}}, {"type": "Feature", "geometry": {"type": "Point", "coordinates": [6.76328, 51.43389]}, "properties": {"pi2025": 7.6, "pi2018": 6.0, "change_pct": 38.6, "n2025": 88, "grid": "4096_3152"}}, {"type": "Feature", "geometry": {"type": "Point", "coordinates": [6.76137, 51.46082]}, "properties": {"pi2025": 7.2, "pi2018": 5.3, "change_pct": 66.7, "n2025": 56, "grid": "4096_3155"}}, {"type": "Feature", "geometry": {"type": "Point", "coordinates": [6.79337, 51.20982]}, "properties": {"pi2025": 11.5, "pi2018": 8.8, "change_pct": 82.6, "n2025": 361, "grid": "4097_3127"}}, {"type": "Feature", "geometry": {"type": "Point", "coordinates": [6.79275, 51.2188]}, "properties": {"pi2025": 11.8, "pi2018": 9.3, "change_pct": 91.5, "n2025": 301, "grid": "4097_3128"}}, {"type": "Feature", "geometry": {"type": "Point", "coordinates": [6.79212, 51.22778]}, "properties": {"pi2025": 12.5, "pi2018": 9.6, "change_pct": 65.8, "n2025": 439, "grid": "4097_3129"}}, {"type": "Feature", "geometry": {"type": "Point", "coordinates": [6.7915, 51.23676]}, "properties": {"pi2025": 12.6, "pi2018": 9.6, "change_pct": 80.2, "n2025": 341, "grid": "4097_3130"}}, {"type": "Feature", "geometry": {"type": "Point", "coordinates": [6.79087, 51.24574]}, "properties": {"pi2025": 15.0, "pi2018": 9.0, "change_pct": 119.7, "n2025": 66, "grid": "4097_3131"}}, {"type": "Feature", "geometry": {"type": "Point", "coordinates": [6.78899, 51.27267]}, "properties": {"pi2025": 11.2, "pi2018": 9.1, "change_pct": 64.7, "n2025": 52, "grid": "4097_3134"}}, {"type": "Feature", "geometry": {"type": "Point", "coordinates": [6.77891, 51.41633]}, "properties": {"pi2025": 7.7, "pi2018": 5.9, "change_pct": 65.0, "n2025": 123, "grid": "4097_3150"}}, {"type": "Feature", "geometry": {"type": "Point", "coordinates": [6.77828, 51.42531]}, "properties": {"pi2025": 7.7, "pi2018": 6.2, "change_pct": 50.4, "n2025": 130, "grid": "4097_3151"}}, {"type": "Feature", "geometry": {"type": "Point", "coordinates": [6.77765, 51.43428]}, "properties": {"pi2025": 7.7, "pi2018": 5.9, "change_pct": 49.7, "n2025": 95, "grid": "4097_3152"}}, {"type": "Feature", "geometry": {"type": "Point", "coordinates": [6.77511, 51.4702]}, "properties": {"pi2025": 7.3, "pi2018": 5.5, "change_pct": 68.6, "n2025": 102, "grid": "4097_3156"}}, {"type": "Feature", "geometry": {"type": "Point", "coordinates": [6.82683, 50.93187]}, "properties": {"pi2025": 11.6, "pi2018": 9.4, "change_pct": 67.9, "n2025": 136, "grid": "4098_3096"}}, {"type": "Feature", "geometry": {"type": "Point", "coordinates": [6.80954, 51.18328]}, "properties": {"pi2025": 11.0, "pi2018": 8.7, "change_pct": 65.5, "n2025": 79, "grid": "4098_3124"}}, {"type": "Feature", "geometry": {"type": "Point", "coordinates": [6.80767, 51.21022]}, "properties": {"pi2025": 11.3, "pi2018": 10.5, "change_pct": 90.1, "n2025": 114, "grid": "4098_3127"}}, {"type": "Feature", "geometry": {"type": "Point", "coordinates": [6.80705, 51.2192]}, "properties": {"pi2025": 12.0, "pi2018": 9.2, "change_pct": 93.5, "n2025": 202, "grid": "4098_3128"}}, {"type": "Feature", "geometry": {"type": "Point", "coordinates": [6.80643, 51.22818]}, "properties": {"pi2025": 11.8, "pi2018": 9.3, "change_pct": 61.4, "n2025": 308, "grid": "4098_3129"}}, {"type": "Feature", "geometry": {"type": "Point", "coordinates": [6.8058, 51.23715]}, "properties": {"pi2025": 11.7, "pi2018": 9.6, "change_pct": 49.0, "n2025": 86, "grid": "4098_3130"}}, {"type": "Feature", "geometry": {"type": "Point", "coordinates": [6.80518, 51.24613]}, "properties": {"pi2025": 12.2, "pi2018": 9.0, "change_pct": 71.5, "n2025": 120, "grid": "4098_3131"}}, {"type": "Feature", "geometry": {"type": "Point", "coordinates": [6.80456, 51.25511]}, "properties": {"pi2025": 11.3, "pi2018": 8.3, "change_pct": 86.3, "n2025": 160, "grid": "4098_3132"}}, {"type": "Feature", "geometry": {"type": "Point", "coordinates": [6.79264, 51.4257]}, "properties": {"pi2025": 7.8, "pi2018": 6.0, "change_pct": 57.4, "n2025": 65, "grid": "4098_3151"}}, {"type": "Feature", "geometry": {"type": "Point", "coordinates": [6.84226, 50.9143]}, "properties": {"pi2025": 12.6, "pi2018": 0, "change_pct": 0, "n2025": 81, "grid": "4099_3094"}}, {"type": "Feature", "geometry": {"type": "Point", "coordinates": [6.84104, 50.93225]}, "properties": {"pi2025": 13.6, "pi2018": 9.7, "change_pct": 89.8, "n2025": 71, "grid": "4099_3096"}}, {"type": "Feature", "geometry": {"type": "Point", "coordinates": [6.82507, 51.16571]}, "properties": {"pi2025": 10.6, "pi2018": 8.6, "change_pct": 75.2, "n2025": 54, "grid": "4099_3122"}}, {"type": "Feature", "geometry": {"type": "Point", "coordinates": [6.82445, 51.17469]}, "properties": {"pi2025": 10.8, "pi2018": 8.7, "change_pct": 69.9, "n2025": 54, "grid": "4099_3123"}}, {"type": "Feature", "geometry": {"type": "Point", "coordinates": [6.82383, 51.18367]}, "properties": {"pi2025": 12.0, "pi2018": 8.4, "change_pct": 84.9, "n2025": 54, "grid": "4099_3124"}}, {"type": "Feature", "geometry": {"type": "Point", "coordinates": [6.82259, 51.20163]}, "properties": {"pi2025": 9.8, "pi2018": 8.2, "change_pct": 58.7, "n2025": 83, "grid": "4099_3126"}}, {"type": "Feature", "geometry": {"type": "Point", "coordinates": [6.82073, 51.22857]}, "properties": {"pi2025": 11.1, "pi2018": 9.0, "change_pct": 84.1, "n2025": 137, "grid": "4099_3129"}}, {"type": "Feature", "geometry": {"type": "Point", "coordinates": [6.82011, 51.23755]}, "properties": {"pi2025": 12.2, "pi2018": 9.2, "change_pct": 68.3, "n2025": 105, "grid": "4099_3130"}}, {"type": "Feature", "geometry": {"type": "Point", "coordinates": [6.81887, 51.2555]}, "properties": {"pi2025": 10.9, "pi2018": 8.4, "change_pct": 74.8, "n2025": 50, "grid": "4099_3132"}}, {"type": "Feature", "geometry": {"type": "Point", "coordinates": [6.85586, 50.92366]}, "properties": {"pi2025": 12.0, "pi2018": 9.5, "change_pct": 54.4, "n2025": 68, "grid": "4100_3095"}}, {"type": "Feature", "geometry": {"type": "Point", "coordinates": [6.85525, 50.93264]}, "properties": {"pi2025": 13.8, "pi2018": 10.2, "change_pct": 67.4, "n2025": 73, "grid": "4100_3096"}}, {"type": "Feature", "geometry": {"type": "Point", "coordinates": [6.8375, 51.19304]}, "properties": {"pi2025": 10.5, "pi2018": 8.4, "change_pct": 63.4, "n2025": 113, "grid": "4100_3125"}}, {"type": "Feature", "geometry": {"type": "Point", "coordinates": [6.83689, 51.20202]}, "properties": {"pi2025": 10.9, "pi2018": 8.2, "change_pct": 72.3, "n2025": 78, "grid": "4100_3126"}}, {"type": "Feature", "geometry": {"type": "Point", "coordinates": [6.85425, 51.15751]}, "properties": {"pi2025": 11.9, "pi2018": 9.1, "change_pct": 63.2, "n2025": 74, "grid": "4101_3121"}}, {"type": "Feature", "geometry": {"type": "Point", "coordinates": [6.85302, 51.17547]}, "properties": {"pi2025": 11.1, "pi2018": 8.5, "change_pct": 80.6, "n2025": 119, "grid": "4101_3123"}}, {"type": "Feature", "geometry": {"type": "Point", "coordinates": [6.85241, 51.18445]}, "properties": {"pi2025": 11.2, "pi2018": 8.5, "change_pct": 77.5, "n2025": 62, "grid": "4101_3124"}}, {"type": "Feature", "geometry": {"type": "Point", "coordinates": [6.84934, 51.22935]}, "properties": {"pi2025": 11.1, "pi2018": 8.7, "change_pct": 61.6, "n2025": 110, "grid": "4101_3129"}}, {"type": "Feature", "geometry": {"type": "Point", "coordinates": [6.84872, 51.23832]}, "properties": {"pi2025": 11.9, "pi2018": 9.0, "change_pct": 65.8, "n2025": 70, "grid": "4101_3130"}}, {"type": "Feature", "geometry": {"type": "Point", "coordinates": [6.84503, 51.2922]}, "properties": {"pi2025": 10.8, "pi2018": 7.8, "change_pct": 62.5, "n2025": 110, "grid": "4101_3136"}}, {"type": "Feature", "geometry": {"type": "Point", "coordinates": [6.99313, 49.22677]}, "properties": {"pi2025": 9.8, "pi2018": 7.3, "change_pct": 79.5, "n2025": 81, "grid": "4102_2906"}}, {"type": "Feature", "geometry": {"type": "Point", "coordinates": [6.99258, 49.23575]}, "properties": {"pi2025": 7.9, "pi2018": 7.2, "change_pct": 38.0, "n2025": 53, "grid": "4102_2907"}}, {"type": "Feature", "geometry": {"type": "Point", "coordinates": [6.89089, 50.82565]}, "properties": {"pi2025": 10.1, "pi2018": 7.8, "change_pct": 61.2, "n2025": 70, "grid": "4102_3084"}}, {"type": "Feature", "geometry": {"type": "Point", "coordinates": [6.88669, 50.88851]}, "properties": {"pi2025": 11.8, "pi2018": 8.3, "change_pct": 75.6, "n2025": 68, "grid": "4102_3091"}}, {"type": "Feature", "geometry": {"type": "Point", "coordinates": [6.88488, 50.91545]}, "properties": {"pi2025": 13.0, "pi2018": 0, "change_pct": 0, "n2025": 103, "grid": "4102_3094"}}, {"type": "Feature", "geometry": {"type": "Point", "coordinates": [6.88368, 50.93341]}, "properties": {"pi2025": 12.7, "pi2018": 10.3, "change_pct": 57.1, "n2025": 143, "grid": "4102_3096"}}, {"type": "Feature", "geometry": {"type": "Point", "coordinates": [6.86853, 51.1579]}, "properties": {"pi2025": 11.1, "pi2018": 8.8, "change_pct": 61.8, "n2025": 79, "grid": "4102_3121"}}, {"type": "Feature", "geometry": {"type": "Point", "coordinates": [6.85935, 51.29258]}, "properties": {"pi2025": 10.6, "pi2018": 8.1, "change_pct": 55.8, "n2025": 60, "grid": "4102_3136"}}, {"type": "Feature", "geometry": {"type": "Point", "coordinates": [6.85135, 51.40931]}, "properties": {"pi2025": 9.4, "pi2018": 6.7, "change_pct": 66.6, "n2025": 50, "grid": "4102_3149"}}, {"type": "Feature", "geometry": {"type": "Point", "coordinates": [6.85073, 51.41829]}, "properties": {"pi2025": 7.8, "pi2018": 6.2, "change_pct": 54.6, "n2025": 64, "grid": "4102_3150"}}, {"type": "Feature", "geometry": {"type": "Point", "coordinates": [6.84763, 51.46318]}, "properties": {"pi2025": 7.7, "pi2018": 5.4, "change_pct": 65.2, "n2025": 143, "grid": "4102_3155"}}, {"type": "Feature", "geometry": {"type": "Point", "coordinates": [6.90089, 50.88889]}, "properties": {"pi2025": 11.0, "pi2018": 8.5, "change_pct": 58.1, "n2025": 69, "grid": "4103_3091"}}, {"type": "Feature", "geometry": {"type": "Point", "coordinates": [6.89909, 50.91583]}, "properties": {"pi2025": 12.9, "pi2018": 10.8, "change_pct": 49.8, "n2025": 226, "grid": "4103_3094"}}, {"type": "Feature", "geometry": {"type": "Point", "coordinates": [6.89849, 50.92481]}, "properties": {"pi2025": 13.0, "pi2018": 11.4, "change_pct": 51.4, "n2025": 111, "grid": "4103_3095"}}, {"type": "Feature", "geometry": {"type": "Point", "coordinates": [6.89789, 50.93379]}, "properties": {"pi2025": 13.8, "pi2018": 10.4, "change_pct": 67.9, "n2025": 128, "grid": "4103_3096"}}, {"type": "Feature", "geometry": {"type": "Point", "coordinates": [6.8973, 50.94277]}, "properties": {"pi2025": 8.9, "pi2018": 0, "change_pct": 0, "n2025": 147, "grid": "4103_3097"}}, {"type": "Feature", "geometry": {"type": "Point", "coordinates": [6.8967, 50.95175]}, "properties": {"pi2025": 12.3, "pi2018": 9.7, "change_pct": 69.6, "n2025": 175, "grid": "4103_3098"}}, {"type": "Feature", "geometry": {"type": "Point", "coordinates": [6.89489, 50.97869]}, "properties": {"pi2025": 10.4, "pi2018": 0, "change_pct": 0, "n2025": 60, "grid": "4103_3101"}}, {"type": "Feature", "geometry": {"type": "Point", "coordinates": [6.88826, 51.07747]}, "properties": {"pi2025": 9.8, "pi2018": 7.5, "change_pct": 127.5, "n2025": 72, "grid": "4103_3112"}}, {"type": "Feature", "geometry": {"type": "Point", "coordinates": [6.88766, 51.08645]}, "properties": {"pi2025": 10.0, "pi2018": 6.5, "change_pct": 89.7, "n2025": 109, "grid": "4103_3113"}}, {"type": "Feature", "geometry": {"type": "Point", "coordinates": [6.88584, 51.11339]}, "properties": {"pi2025": 10.1, "pi2018": 7.4, "change_pct": 66.2, "n2025": 62, "grid": "4103_3116"}}, {"type": "Feature", "geometry": {"type": "Point", "coordinates": [6.86139, 51.47255]}, "properties": {"pi2025": 7.4, "pi2018": 5.6, "change_pct": 61.4, "n2025": 89, "grid": "4103_3156"}}, {"type": "Feature", "geometry": {"type": "Point", "coordinates": [6.9139, 50.90723]}, "properties": {"pi2025": 12.5, "pi2018": 10.7, "change_pct": 50.6, "n2025": 448, "grid": "4104_3093"}}, {"type": "Feature", "geometry": {"type": "Point", "coordinates": [6.9133, 50.91621]}, "properties": {"pi2025": 13.2, "pi2018": 10.8, "change_pct": 56.0, "n2025": 240, "grid": "4104_3094"}}, {"type": "Feature", "geometry": {"type": "Point", "coordinates": [6.91271, 50.92519]}, "properties": {"pi2025": 12.6, "pi2018": 10.9, "change_pct": 46.1, "n2025": 401, "grid": "4104_3095"}}, {"type": "Feature", "geometry": {"type": "Point", "coordinates": [6.91211, 50.93417]}, "properties": {"pi2025": 12.8, "pi2018": 10.6, "change_pct": 65.9, "n2025": 84, "grid": "4104_3096"}}, {"type": "Feature", "geometry": {"type": "Point", "coordinates": [6.91151, 50.94315]}, "properties": {"pi2025": 13.3, "pi2018": 10.7, "change_pct": 67.7, "n2025": 707, "grid": "4104_3097"}}, {"type": "Feature", "geometry": {"type": "Point", "coordinates": [6.91091, 50.95213]}, "properties": {"pi2025": 14.3, "pi2018": 10.4, "change_pct": 80.7, "n2025": 216, "grid": "4104_3098"}}, {"type": "Feature", "geometry": {"type": "Point", "coordinates": [6.91032, 50.96111]}, "properties": {"pi2025": 14.0, "pi2018": 9.3, "change_pct": 133.7, "n2025": 106, "grid": "4104_3099"}}, {"type": "Feature", "geometry": {"type": "Point", "coordinates": [6.89831, 51.14071]}, "properties": {"pi2025": 10.2, "pi2018": 8.5, "change_pct": 113.9, "n2025": 55, "grid": "4104_3119"}}, {"type": "Feature", "geometry": {"type": "Point", "coordinates": [6.87946, 51.41906]}, "properties": {"pi2025": 7.8, "pi2018": 6.2, "change_pct": 58.2, "n2025": 97, "grid": "4104_3150"}}, {"type": "Feature", "geometry": {"type": "Point", "coordinates": [6.87884, 51.42804]}, "properties": {"pi2025": 7.6, "pi2018": 5.9, "change_pct": 63.3, "n2025": 92, "grid": "4104_3151"}}, {"type": "Feature", "geometry": {"type": "Point", "coordinates": [6.9281, 50.90761]}, "properties": {"pi2025": 13.5, "pi2018": 11.4, "change_pct": 72.5, "n2025": 226, "grid": "4105_3093"}}, {"type": "Feature", "geometry": {"type": "Point", "coordinates": [6.92751, 50.91659]}, "properties": {"pi2025": 13.3, "pi2018": 11.4, "change_pct": 60.1, "n2025": 259, "grid": "4105_3094"}}, {"type": "Feature", "geometry": {"type": "Point", "coordinates": [6.92692, 50.92557]}, "properties": {"pi2025": 13.8, "pi2018": 11.6, "change_pct": 59.5, "n2025": 739, "grid": "4105_3095"}}, {"type": "Feature", "geometry": {"type": "Point", "coordinates": [6.92632, 50.93455]}, "properties": {"pi2025": 14.9, "pi2018": 11.7, "change_pct": 69.7, "n2025": 510, "grid": "4105_3096"}}, {"type": "Feature", "geometry": {"type": "Point", "coordinates": [6.92573, 50.94353]}, "properties": {"pi2025": 14.1, "pi2018": 11.0, "change_pct": 79.1, "n2025": 210, "grid": "4105_3097"}}, {"type": "Feature", "geometry": {"type": "Point", "coordinates": [6.92513, 50.95251]}, "properties": {"pi2025": 14.3, "pi2018": 10.1, "change_pct": 94.6, "n2025": 89, "grid": "4105_3098"}}, {"type": "Feature", "geometry": {"type": "Point", "coordinates": [6.92454, 50.96149]}, "properties": {"pi2025": 10.8, "pi2018": 9.2, "change_pct": 58.4, "n2025": 50, "grid": "4105_3099"}}, {"type": "Feature", "geometry": {"type": "Point", "coordinates": [6.92395, 50.97047]}, "properties": {"pi2025": 10.5, "pi2018": 0, "change_pct": 53.7, "n2025": 71, "grid": "4105_3100"}}, {"type": "Feature", "geometry": {"type": "Point", "coordinates": [6.89321, 51.42842]}, "properties": {"pi2025": 7.8, "pi2018": 6.0, "change_pct": 58.8, "n2025": 71, "grid": "4105_3151"}}, {"type": "Feature", "geometry": {"type": "Point", "coordinates": [6.9429, 50.89901]}, "properties": {"pi2025": 12.6, "pi2018": 9.7, "change_pct": 81.7, "n2025": 104, "grid": "4106_3092"}}, {"type": "Feature", "geometry": {"type": "Point", "coordinates": [6.94231, 50.90799]}, "properties": {"pi2025": 13.3, "pi2018": 10.3, "change_pct": 82.6, "n2025": 75, "grid": "4106_3093"}}, {"type": "Feature", "geometry": {"type": "Point", "coordinates": [6.94172, 50.91697]}, "properties": {"pi2025": 12.6, "pi2018": 11.1, "change_pct": 54.8, "n2025": 334, "grid": "4106_3094"}}, {"type": "Feature", "geometry": {"type": "Point", "coordinates": [6.94113, 50.92595]}, "properties": {"pi2025": 13.8, "pi2018": 11.4, "change_pct": 65.7, "n2025": 440, "grid": "4106_3095"}}, {"type": "Feature", "geometry": {"type": "Point", "coordinates": [6.94054, 50.93493]}, "properties": {"pi2025": 13.6, "pi2018": 11.5, "change_pct": 55.5, "n2025": 358, "grid": "4106_3096"}}, {"type": "Feature", "geometry": {"type": "Point", "coordinates": [6.93995, 50.94391]}, "properties": {"pi2025": 14.1, "pi2018": 11.5, "change_pct": 68.0, "n2025": 350, "grid": "4106_3097"}}, {"type": "Feature", "geometry": {"type": "Point", "coordinates": [6.93936, 50.95289]}, "properties": {"pi2025": 13.4, "pi2018": 10.5, "change_pct": 71.6, "n2025": 171, "grid": "4106_3098"}}, {"type": "Feature", "geometry": {"type": "Point", "coordinates": [6.93876, 50.96187]}, "properties": {"pi2025": 12.9, "pi2018": 9.8, "change_pct": 71.8, "n2025": 161, "grid": "4106_3099"}}, {"type": "Feature", "geometry": {"type": "Point", "coordinates": [6.93817, 50.97085]}, "properties": {"pi2025": 11.6, "pi2018": 8.7, "change_pct": 74.3, "n2025": 103, "grid": "4106_3100"}}, {"type": "Feature", "geometry": {"type": "Point", "coordinates": [6.93758, 50.97983]}, "properties": {"pi2025": 11.6, "pi2018": 9.3, "change_pct": 71.8, "n2025": 103, "grid": "4106_3101"}}, {"type": "Feature", "geometry": {"type": "Point", "coordinates": [6.92566, 51.15942]}, "properties": {"pi2025": 10.2, "pi2018": 7.8, "change_pct": 64.1, "n2025": 72, "grid": "4106_3121"}}, {"type": "Feature", "geometry": {"type": "Point", "coordinates": [6.92507, 51.1684]}, "properties": {"pi2025": 10.2, "pi2018": 7.6, "change_pct": 66.2, "n2025": 105, "grid": "4106_3122"}}, {"type": "Feature", "geometry": {"type": "Point", "coordinates": [6.92447, 51.17738]}, "properties": {"pi2025": 10.2, "pi2018": 7.8, "change_pct": 67.0, "n2025": 62, "grid": "4106_3123"}}, {"type": "Feature", "geometry": {"type": "Point", "coordinates": [6.96238, 50.81856]}, "properties": {"pi2025": 11.1, "pi2018": 0, "change_pct": 75.2, "n2025": 65, "grid": "4107_3083"}}, {"type": "Feature", "geometry": {"type": "Point", "coordinates": [6.95769, 50.8904]}, "properties": {"pi2025": 13.4, "pi2018": 9.7, "change_pct": 73.5, "n2025": 56, "grid": "4107_3091"}}, {"type": "Feature", "geometry": {"type": "Point", "coordinates": [6.95711, 50.89938]}, "properties": {"pi2025": 12.0, "pi2018": 10.4, "change_pct": 51.4, "n2025": 263, "grid": "4107_3092"}}, {"type": "Feature", "geometry": {"type": "Point", "coordinates": [6.95652, 50.90836]}, "properties": {"pi2025": 13.0, "pi2018": 10.2, "change_pct": 72.2, "n2025": 179, "grid": "4107_3093"}}, {"type": "Feature", "geometry": {"type": "Point", "coordinates": [6.95593, 50.91734]}, "properties": {"pi2025": 13.3, "pi2018": 11.7, "change_pct": 58.4, "n2025": 440, "grid": "4107_3094"}}, {"type": "Feature", "geometry": {"type": "Point", "coordinates": [6.95534, 50.92632]}, "properties": {"pi2025": 15.3, "pi2018": 11.6, "change_pct": 80.8, "n2025": 234, "grid": "4107_3095"}}, {"type": "Feature", "geometry": {"type": "Point", "coordinates": [6.95475, 50.9353]}, "properties": {"pi2025": 12.7, "pi2018": 10.8, "change_pct": 42.4, "n2025": 108, "grid": "4107_3096"}}, {"type": "Feature", "geometry": {"type": "Point", "coordinates": [6.95416, 50.94428]}, "properties": {"pi2025": 13.3, "pi2018": 11.2, "change_pct": 61.2, "n2025": 457, "grid": "4107_3097"}}, {"type": "Feature", "geometry": {"type": "Point", "coordinates": [6.95358, 50.95326]}, "properties": {"pi2025": 12.7, "pi2018": 11.3, "change_pct": 56.9, "n2025": 188, "grid": "4107_3098"}}, {"type": "Feature", "geometry": {"type": "Point", "coordinates": [6.95299, 50.96224]}, "properties": {"pi2025": 11.6, "pi2018": 10.4, "change_pct": 52.9, "n2025": 516, "grid": "4107_3099"}}, {"type": "Feature", "geometry": {"type": "Point", "coordinates": [6.9524, 50.97122]}, "properties": {"pi2025": 11.4, "pi2018": 9.3, "change_pct": 60.9, "n2025": 98, "grid": "4107_3100"}}, {"type": "Feature", "geometry": {"type": "Point", "coordinates": [6.94411, 51.09694]}, "properties": {"pi2025": 10.7, "pi2018": 0, "change_pct": 69.7, "n2025": 53, "grid": "4107_3114"}}, {"type": "Feature", "geometry": {"type": "Point", "coordinates": [6.94352, 51.10592]}, "properties": {"pi2025": 10.5, "pi2018": 8.1, "change_pct": 47.9, "n2025": 54, "grid": "4107_3115"}}, {"type": "Feature", "geometry": {"type": "Point", "coordinates": [6.91952, 51.4651]}, "properties": {"pi2025": 7.8, "pi2018": 6.2, "change_pct": 51.5, "n2025": 53, "grid": "4107_3155"}}, {"type": "Feature", "geometry": {"type": "Point", "coordinates": [6.91589, 51.51897]}, "properties": {"pi2025": 8.6, "pi2018": 5.8, "change_pct": 79.3, "n2025": 55, "grid": "4107_3161"}}, {"type": "Feature", "geometry": {"type": "Point", "coordinates": [6.97656, 50.81893]}, "properties": {"pi2025": 9.6, "pi2018": 6.7, "change_pct": 56.8, "n2025": 80, "grid": "4108_3083"}}, {"type": "Feature", "geometry": {"type": "Point", "coordinates": [6.97131, 50.89975]}, "properties": {"pi2025": 13.5, "pi2018": 10.8, "change_pct": 56.3, "n2025": 61, "grid": "4108_3092"}}, {"type": "Feature", "geometry": {"type": "Point", "coordinates": [6.96955, 50.9267]}, "properties": {"pi2025": 13.3, "pi2018": 10.6, "change_pct": 73.5, "n2025": 187, "grid": "4108_3095"}}, {"type": "Feature", "geometry": {"type": "Point", "coordinates": [6.96897, 50.93568]}, "properties": {"pi2025": 13.3, "pi2018": 10.5, "change_pct": 67.4, "n2025": 81, "grid": "4108_3096"}}, {"type": "Feature", "geometry": {"type": "Point", "coordinates": [6.9678, 50.95364]}, "properties": {"pi2025": 14.0, "pi2018": 0, "change_pct": 0, "n2025": 80, "grid": "4108_3098"}}, {"type": "Feature", "geometry": {"type": "Point", "coordinates": [6.96721, 50.96262]}, "properties": {"pi2025": 10.8, "pi2018": 10.0, "change_pct": 37.3, "n2025": 113, "grid": "4108_3099"}}, {"type": "Feature", "geometry": {"type": "Point", "coordinates": [6.96662, 50.9716]}, "properties": {"pi2025": 11.0, "pi2018": 0, "change_pct": 0, "n2025": 108, "grid": "4108_3100"}}, {"type": "Feature", "geometry": {"type": "Point", "coordinates": [6.9339, 51.46548]}, "properties": {"pi2025": 8.6, "pi2018": 7.0, "change_pct": 69.9, "n2025": 70, "grid": "4108_3155"}}, {"type": "Feature", "geometry": {"type": "Point", "coordinates": [6.98668, 50.88216]}, "properties": {"pi2025": 13.4, "pi2018": 10.1, "change_pct": 63.9, "n2025": 98, "grid": "4109_3090"}}, {"type": "Feature", "geometry": {"type": "Point", "coordinates": [6.9861, 50.89115]}, "properties": {"pi2025": 14.8, "pi2018": 9.8, "change_pct": 79.0, "n2025": 89, "grid": "4109_3091"}}, {"type": "Feature", "geometry": {"type": "Point", "coordinates": [6.98493, 50.90911]}, "properties": {"pi2025": 12.1, "pi2018": 8.8, "change_pct": 74.6, "n2025": 56, "grid": "4109_3093"}}, {"type": "Feature", "geometry": {"type": "Point", "coordinates": [6.98377, 50.92707]}, "properties": {"pi2025": 11.5, "pi2018": 9.0, "change_pct": 70.2, "n2025": 102, "grid": "4109_3095"}}, {"type": "Feature", "geometry": {"type": "Point", "coordinates": [6.96319, 51.24137]}, "properties": {"pi2025": 8.5, "pi2018": 7.4, "change_pct": 46.5, "n2025": 57, "grid": "4109_3130"}}, {"type": "Feature", "geometry": {"type": "Point", "coordinates": [6.94828, 51.46585]}, "properties": {"pi2025": 7.2, "pi2018": 5.7, "change_pct": 54.9, "n2025": 61, "grid": "4109_3155"}}, {"type": "Feature", "geometry": {"type": "Point", "coordinates": [6.94768, 51.47483]}, "properties": {"pi2025": 7.9, "pi2018": 6.2, "change_pct": 61.6, "n2025": 110, "grid": "4109_3156"}}, {"type": "Feature", "geometry": {"type": "Point", "coordinates": [6.99856, 50.91846]}, "properties": {"pi2025": 10.7, "pi2018": 0, "change_pct": 0, "n2025": 50, "grid": "4110_3094"}}, {"type": "Feature", "geometry": {"type": "Point", "coordinates": [6.99798, 50.92744]}, "properties": {"pi2025": 11.2, "pi2018": 9.3, "change_pct": 69.9, "n2025": 126, "grid": "4110_3095"}}, {"type": "Feature", "geometry": {"type": "Point", "coordinates": [6.9974, 50.93642]}, "properties": {"pi2025": 11.1, "pi2018": 8.9, "change_pct": 72.2, "n2025": 255, "grid": "4110_3096"}}, {"type": "Feature", "geometry": {"type": "Point", "coordinates": [6.99682, 50.9454]}, "properties": {"pi2025": 12.9, "pi2018": 0, "change_pct": 113.1, "n2025": 71, "grid": "4110_3097"}}, {"type": "Feature", "geometry": {"type": "Point", "coordinates": [6.99624, 50.95438]}, "properties": {"pi2025": 12.2, "pi2018": 9.4, "change_pct": 85.4, "n2025": 154, "grid": "4110_3098"}}, {"type": "Feature", "geometry": {"type": "Point", "coordinates": [6.99566, 50.96336]}, "properties": {"pi2025": 13.3, "pi2018": 9.2, "change_pct": 99.5, "n2025": 115, "grid": "4110_3099"}}, {"type": "Feature", "geometry": {"type": "Point", "coordinates": [6.98925, 51.06214]}, "properties": {"pi2025": 9.2, "pi2018": 7.0, "change_pct": 62.0, "n2025": 94, "grid": "4110_3110"}}, {"type": "Feature", "geometry": {"type": "Point", "coordinates": [6.96445, 51.43929]}, "properties": {"pi2025": 8.0, "pi2018": 5.9, "change_pct": 64.2, "n2025": 125, "grid": "4110_3152"}}, {"type": "Feature", "geometry": {"type": "Point", "coordinates": [6.96386, 51.44827]}, "properties": {"pi2025": 7.7, "pi2018": 6.0, "change_pct": 58.2, "n2025": 127, "grid": "4110_3153"}}, {"type": "Feature", "geometry": {"type": "Point", "coordinates": [6.96326, 51.45725]}, "properties": {"pi2025": 7.6, "pi2018": 5.9, "change_pct": 62.9, "n2025": 123, "grid": "4110_3154"}}, {"type": "Feature", "geometry": {"type": "Point", "coordinates": [7.01162, 50.93679]}, "properties": {"pi2025": 11.4, "pi2018": 8.8, "change_pct": 73.6, "n2025": 197, "grid": "4111_3096"}}, {"type": "Feature", "geometry": {"type": "Point", "coordinates": [7.01046, 50.95475]}, "properties": {"pi2025": 11.6, "pi2018": 8.9, "change_pct": 85.6, "n2025": 203, "grid": "4111_3098"}}, {"type": "Feature", "geometry": {"type": "Point", "coordinates": [7.0093, 50.97271]}, "properties": {"pi2025": 12.0, "pi2018": 0, "change_pct": 82.7, "n2025": 68, "grid": "4111_3100"}}, {"type": "Feature", "geometry": {"type": "Point", "coordinates": [7.0035, 51.06251]}, "properties": {"pi2025": 10.1, "pi2018": 6.9, "change_pct": 77.2, "n2025": 100, "grid": "4111_3110"}}, {"type": "Feature", "geometry": {"type": "Point", "coordinates": [6.97942, 51.43068]}, "properties": {"pi2025": 8.7, "pi2018": 6.7, "change_pct": 63.4, "n2025": 108, "grid": "4111_3151"}}, {"type": "Feature", "geometry": {"type": "Point", "coordinates": [6.97882, 51.43966]}, "properties": {"pi2025": 8.7, "pi2018": 6.6, "change_pct": 73.5, "n2025": 240, "grid": "4111_3152"}}, {"type": "Feature", "geometry": {"type": "Point", "coordinates": [6.97823, 51.44864]}, "properties": {"pi2025": 7.6, "pi2018": 6.1, "change_pct": 57.0, "n2025": 68, "grid": "4111_3153"}}, {"type": "Feature", "geometry": {"type": "Point", "coordinates": [6.97764, 51.45762]}, "properties": {"pi2025": 7.4, "pi2018": 5.8, "change_pct": 47.1, "n2025": 54, "grid": "4111_3154"}}, {"type": "Feature", "geometry": {"type": "Point", "coordinates": [7.04012, 50.71263]}, "properties": {"pi2025": 10.5, "pi2018": 8.0, "change_pct": 61.3, "n2025": 72, "grid": "4112_3071"}}, {"type": "Feature", "geometry": {"type": "Point", "coordinates": [6.99438, 51.42207]}, "properties": {"pi2025": 10.4, "pi2018": 7.7, "change_pct": 66.9, "n2025": 82, "grid": "4112_3150"}}, {"type": "Feature", "geometry": {"type": "Point", "coordinates": [6.99379, 51.43105]}, "properties": {"pi2025": 10.5, "pi2018": 7.6, "change_pct": 82.6, "n2025": 174, "grid": "4112_3151"}}, {"type": "Feature", "geometry": {"type": "Point", "coordinates": [6.9932, 51.44003]}, "properties": {"pi2025": 9.5, "pi2018": 7.0, "change_pct": 82.2, "n2025": 159, "grid": "4112_3152"}}, {"type": "Feature", "geometry": {"type": "Point", "coordinates": [6.98311, 51.59268]}, "properties": {"pi2025": 7.4, "pi2018": 5.2, "change_pct": 0, "n2025": 57, "grid": "4112_3169"}}, {"type": "Feature", "geometry": {"type": "Point", "coordinates": [7.05427, 50.71299]}, "properties": {"pi2025": 11.0, "pi2018": 8.8, "change_pct": 75.1, "n2025": 51, "grid": "4113_3071"}}, {"type": "Feature", "geometry": {"type": "Point", "coordinates": [7.05257, 50.73993]}, "properties": {"pi2025": 8.8, "pi2018": 0, "change_pct": 0, "n2025": 57, "grid": "4113_3074"}}, {"type": "Feature", "geometry": {"type": "Point", "coordinates": [7.03833, 50.96446]}, "properties": {"pi2025": 10.5, "pi2018": 8.5, "change_pct": 55.1, "n2025": 114, "grid": "4113_3099"}}, {"type": "Feature", "geometry": {"type": "Point", "coordinates": [7.00816, 51.43142]}, "properties": {"pi2025": 9.9, "pi2018": 7.5, "change_pct": 66.6, "n2025": 196, "grid": "4113_3151"}}, {"type": "Feature", "geometry": {"type": "Point", "coordinates": [7.00757, 51.4404]}, "properties": {"pi2025": 9.2, "pi2018": 7.2, "change_pct": 72.3, "n2025": 181, "grid": "4113_3152"}}, {"type": "Feature", "geometry": {"type": "Point", "coordinates": [7.00698, 51.44938]}, "properties": {"pi2025": 14.9, "pi2018": 6.9, "change_pct": 184.8, "n2025": 78, "grid": "4113_3153"}}, {"type": "Feature", "geometry": {"type": "Point", "coordinates": [7.00639, 51.45836]}, "properties": {"pi2025": 8.7, "pi2018": 6.5, "change_pct": 80.6, "n2025": 140, "grid": "4113_3154"}}, {"type": "Feature", "geometry": {"type": "Point", "coordinates": [7.06785, 50.72233]}, "properties": {"pi2025": 11.6, "pi2018": 9.0, "change_pct": 60.2, "n2025": 125, "grid": "4114_3072"}}, {"type": "Feature", "geometry": {"type": "Point", "coordinates": [7.06729, 50.73131]}, "properties": {"pi2025": 11.1, "pi2018": 0, "change_pct": 0, "n2025": 241, "grid": "4114_3073"}}, {"type": "Feature", "geometry": {"type": "Point", "coordinates": [7.06616, 50.74928]}, "properties": {"pi2025": 9.9, "pi2018": 7.7, "change_pct": 58.3, "n2025": 74, "grid": "4114_3075"}}, {"type": "Feature", "geometry": {"type": "Point", "coordinates": [7.02252, 51.43179]}, "properties": {"pi2025": 7.9, "pi2018": 6.8, "change_pct": 43.9, "n2025": 67, "grid": "4114_3151"}}, {"type": "Feature", "geometry": {"type": "Point", "coordinates": [7.02194, 51.44077]}, "properties": {"pi2025": 8.3, "pi2018": 6.3, "change_pct": 54.4, "n2025": 104, "grid": "4114_3152"}}, {"type": "Feature", "geometry": {"type": "Point", "coordinates": [7.02135, 51.44975]}, "properties": {"pi2025": 7.7, "pi2018": 6.0, "change_pct": 57.7, "n2025": 118, "grid": "4114_3153"}}, {"type": "Feature", "geometry": {"type": "Point", "coordinates": [7.01607, 51.53056]}, "properties": {"pi2025": 6.3, "pi2018": 5.3, "change_pct": 50.6, "n2025": 56, "grid": "4114_3162"}}, {"type": "Feature", "geometry": {"type": "Point", "coordinates": [7.08256, 50.71371]}, "properties": {"pi2025": 12.0, "pi2018": 9.6, "change_pct": 56.8, "n2025": 144, "grid": "4115_3071"}}, {"type": "Feature", "geometry": {"type": "Point", "coordinates": [7.082, 50.72269]}, "properties": {"pi2025": 11.8, "pi2018": 9.7, "change_pct": 50.4, "n2025": 108, "grid": "4115_3072"}}, {"type": "Feature", "geometry": {"type": "Point", "coordinates": [7.08144, 50.73167]}, "properties": {"pi2025": 11.3, "pi2018": 9.2, "change_pct": 54.0, "n2025": 263, "grid": "4115_3073"}}, {"type": "Feature", "geometry": {"type": "Point", "coordinates": [7.08088, 50.74065]}, "properties": {"pi2025": 10.7, "pi2018": 8.7, "change_pct": 53.0, "n2025": 73, "grid": "4115_3074"}}, {"type": "Feature", "geometry": {"type": "Point", "coordinates": [7.07244, 50.87537]}, "properties": {"pi2025": 10.6, "pi2018": 7.8, "change_pct": 69.2, "n2025": 75, "grid": "4115_3089"}}, {"type": "Feature", "geometry": {"type": "Point", "coordinates": [7.07188, 50.88435]}, "properties": {"pi2025": 11.3, "pi2018": 7.9, "change_pct": 85.5, "n2025": 58, "grid": "4115_3090"}}, {"type": "Feature", "geometry": {"type": "Point", "coordinates": [7.06621, 50.97416]}, "properties": {"pi2025": 11.0, "pi2018": 8.7, "change_pct": 61.6, "n2025": 58, "grid": "4115_3100"}}, {"type": "Feature", "geometry": {"type": "Point", "coordinates": [7.05251, 51.1897]}, "properties": {"pi2025": 8.0, "pi2018": 5.6, "change_pct": 0, "n2025": 51, "grid": "4115_3124"}}, {"type": "Feature", "geometry": {"type": "Point", "coordinates": [7.09727, 50.70509]}, "properties": {"pi2025": 11.7, "pi2018": 8.7, "change_pct": 66.3, "n2025": 74, "grid": "4116_3070"}}, {"type": "Feature", "geometry": {"type": "Point", "coordinates": [7.09671, 50.71407]}, "properties": {"pi2025": 11.5, "pi2018": 9.4, "change_pct": 61.9, "n2025": 203, "grid": "4116_3071"}}, {"type": "Feature", "geometry": {"type": "Point", "coordinates": [7.09616, 50.72305]}, "properties": {"pi2025": 12.7, "pi2018": 9.8, "change_pct": 43.0, "n2025": 203, "grid": "4116_3072"}}, {"type": "Feature", "geometry": {"type": "Point", "coordinates": [7.0956, 50.73203]}, "properties": {"pi2025": 12.7, "pi2018": 9.5, "change_pct": 67.6, "n2025": 225, "grid": "4116_3073"}}, {"type": "Feature", "geometry": {"type": "Point", "coordinates": [7.09504, 50.74101]}, "properties": {"pi2025": 11.5, "pi2018": 9.3, "change_pct": 68.6, "n2025": 214, "grid": "4116_3074"}}, {"type": "Feature", "geometry": {"type": "Point", "coordinates": [7.06851, 51.16312]}, "properties": {"pi2025": 8.2, "pi2018": 6.2, "change_pct": 70.0, "n2025": 57, "grid": "4116_3121"}}, {"type": "Feature", "geometry": {"type": "Point", "coordinates": [7.06794, 51.1721]}, "properties": {"pi2025": 8.2, "pi2018": 6.2, "change_pct": 71.4, "n2025": 56, "grid": "4116_3122"}}, {"type": "Feature", "geometry": {"type": "Point", "coordinates": [7.06451, 51.22598]}, "properties": {"pi2025": 7.4, "pi2018": 6.1, "change_pct": 49.0, "n2025": 59, "grid": "4116_3128"}}, {"type": "Feature", "geometry": {"type": "Point", "coordinates": [7.04254, 51.56721]}, "properties": {"pi2025": 6.8, "pi2018": 5.4, "change_pct": 45.7, "n2025": 64, "grid": "4116_3166"}}, {"type": "Feature", "geometry": {"type": "Point", "coordinates": [7.04196, 51.57619]}, "properties": {"pi2025": 7.1, "pi2018": 5.7, "change_pct": 43.9, "n2025": 75, "grid": "4116_3167"}}, {"type": "Feature", "geometry": {"type": "Point", "coordinates": [7.11086, 50.71442]}, "properties": {"pi2025": 11.9, "pi2018": 9.6, "change_pct": 58.6, "n2025": 89, "grid": "4117_3071"}}, {"type": "Feature", "geometry": {"type": "Point", "coordinates": [7.10975, 50.73239]}, "properties": {"pi2025": 11.2, "pi2018": 9.4, "change_pct": 53.9, "n2025": 127, "grid": "4117_3073"}}, {"type": "Feature", "geometry": {"type": "Point", "coordinates": [7.1092, 50.74137]}, "properties": {"pi2025": 11.5, "pi2018": 9.0, "change_pct": 68.5, "n2025": 69, "grid": "4117_3074"}}, {"type": "Feature", "geometry": {"type": "Point", "coordinates": [7.09635, 50.94794]}, "properties": {"pi2025": 12.3, "pi2018": 8.3, "change_pct": 79.9, "n2025": 54, "grid": "4117_3097"}}, {"type": "Feature", "geometry": {"type": "Point", "coordinates": [7.0828, 51.16348]}, "properties": {"pi2025": 7.9, "pi2018": 6.0, "change_pct": 59.5, "n2025": 73, "grid": "4117_3121"}}, {"type": "Feature", "geometry": {"type": "Point", "coordinates": [7.08223, 51.17246]}, "properties": {"pi2025": 8.1, "pi2018": 6.0, "change_pct": 61.5, "n2025": 80, "grid": "4117_3122"}}, {"type": "Feature", "geometry": {"type": "Point", "coordinates": [7.06506, 51.44186]}, "properties": {"pi2025": 8.2, "pi2018": 6.0, "change_pct": 60.2, "n2025": 66, "grid": "4117_3152"}}, {"type": "Feature", "geometry": {"type": "Point", "coordinates": [7.06448, 51.45084]}, "properties": {"pi2025": 7.8, "pi2018": 5.7, "change_pct": 64.1, "n2025": 50, "grid": "4117_3153"}}, {"type": "Feature", "geometry": {"type": "Point", "coordinates": [7.0639, 51.45982]}, "properties": {"pi2025": 7.3, "pi2018": 5.8, "change_pct": 59.2, "n2025": 52, "grid": "4117_3154"}}, {"type": "Feature", "geometry": {"type": "Point", "coordinates": [7.136, 50.53514]}, "properties": {"pi2025": 8.8, "pi2018": 6.9, "change_pct": 53.4, "n2025": 57, "grid": "4118_3051"}}, {"type": "Feature", "geometry": {"type": "Point", "coordinates": [7.11057, 50.94829]}, "properties": {"pi2025": 10.2, "pi2018": 8.2, "change_pct": 57.2, "n2025": 54, "grid": "4118_3097"}}, {"type": "Feature", "geometry": {"type": "Point", "coordinates": [7.07656, 51.48712]}, "properties": {"pi2025": 6.4, "pi2018": 5.1, "change_pct": 0, "n2025": 66, "grid": "4118_3157"}}, {"type": "Feature", "geometry": {"type": "Point", "coordinates": [7.07541, 51.50508]}, "properties": {"pi2025": 6.8, "pi2018": 5.3, "change_pct": 49.1, "n2025": 71, "grid": "4118_3159"}}, {"type": "Feature", "geometry": {"type": "Point", "coordinates": [7.14136, 50.6792]}, "properties": {"pi2025": 12.1, "pi2018": 8.2, "change_pct": 75.9, "n2025": 53, "grid": "4119_3067"}}, {"type": "Feature", "geometry": {"type": "Point", "coordinates": [7.0938, 51.44258]}, "properties": {"pi2025": 7.6, "pi2018": 5.3, "change_pct": 42.7, "n2025": 85, "grid": "4119_3152"}}, {"type": "Feature", "geometry": {"type": "Point", "coordinates": [7.0898, 51.50544]}, "properties": {"pi2025": 6.9, "pi2018": 5.1, "change_pct": 56.3, "n2025": 111, "grid": "4119_3159"}}, {"type": "Feature", "geometry": {"type": "Point", "coordinates": [7.08923, 51.51442]}, "properties": {"pi2025": 6.4, "pi2018": 5.0, "change_pct": 54.3, "n2025": 106, "grid": "4119_3160"}}, {"type": "Feature", "geometry": {"type": "Point", "coordinates": [7.08693, 51.55034]}, "properties": {"pi2025": 6.3, "pi2018": 5.3, "change_pct": 0, "n2025": 97, "grid": "4119_3164"}}, {"type": "Feature", "geometry": {"type": "Point", "coordinates": [7.15495, 50.68853]}, "properties": {"pi2025": 11.2, "pi2018": 8.8, "change_pct": 50.7, "n2025": 68, "grid": "4120_3068"}}, {"type": "Feature", "geometry": {"type": "Point", "coordinates": [7.14783, 50.8053]}, "properties": {"pi2025": 10.0, "pi2018": 6.8, "change_pct": 83.0, "n2025": 54, "grid": "4120_3081"}}, {"type": "Feature", "geometry": {"type": "Point", "coordinates": [7.12061, 51.24537]}, "properties": {"pi2025": 8.0, "pi2018": 5.9, "change_pct": 61.4, "n2025": 82, "grid": "4120_3130"}}, {"type": "Feature", "geometry": {"type": "Point", "coordinates": [7.12005, 51.25435]}, "properties": {"pi2025": 8.6, "pi2018": 6.6, "change_pct": 57.3, "n2025": 61, "grid": "4120_3131"}}, {"type": "Feature", "geometry": {"type": "Point", "coordinates": [7.10362, 51.51478]}, "properties": {"pi2025": 6.6, "pi2018": 5.0, "change_pct": 50.3, "n2025": 57, "grid": "4120_3160"}}, {"type": "Feature", "geometry": {"type": "Point", "coordinates": [7.10077, 51.55968]}, "properties": {"pi2025": 7.2, "pi2018": 5.4, "change_pct": 97.4, "n2025": 66, "grid": "4120_3165"}}, {"type": "Feature", "geometry": {"type": "Point", "coordinates": [7.09446, 51.65845]}, "properties": {"pi2025": 6.8, "pi2018": 5.7, "change_pct": 0, "n2025": 80, "grid": "4120_3176"}}, {"type": "Feature", "geometry": {"type": "Point", "coordinates": [7.13548, 51.23674]}, "properties": {"pi2025": 8.6, "pi2018": 5.8, "change_pct": 75.2, "n2025": 53, "grid": "4121_3129"}}, {"type": "Feature", "geometry": {"type": "Point", "coordinates": [7.13492, 51.24572]}, "properties": {"pi2025": 8.8, "pi2018": 6.1, "change_pct": 65.1, "n2025": 126, "grid": "4121_3130"}}, {"type": "Feature", "geometry": {"type": "Point", "coordinates": [7.13436, 51.2547]}, "properties": {"pi2025": 7.7, "pi2018": 6.0, "change_pct": 57.2, "n2025": 194, "grid": "4121_3131"}}, {"type": "Feature", "geometry": {"type": "Point", "coordinates": [7.1338, 51.26368]}, "properties": {"pi2025": 6.9, "pi2018": 5.7, "change_pct": 43.1, "n2025": 80, "grid": "4121_3132"}}, {"type": "Feature", "geometry": {"type": "Point", "coordinates": [7.14923, 51.24607]}, "properties": {"pi2025": 8.0, "pi2018": 5.8, "change_pct": 57.6, "n2025": 166, "grid": "4122_3130"}}, {"type": "Feature", "geometry": {"type": "Point", "coordinates": [7.14868, 51.25505]}, "properties": {"pi2025": 8.0, "pi2018": 5.8, "change_pct": 67.0, "n2025": 105, "grid": "4122_3131"}}, {"type": "Feature", "geometry": {"type": "Point", "coordinates": [7.14812, 51.26404]}, "properties": {"pi2025": 8.0, "pi2018": 5.6, "change_pct": 73.7, "n2025": 108, "grid": "4122_3132"}}, {"type": "Feature", "geometry": {"type": "Point", "coordinates": [7.13467, 51.47957]}, "properties": {"pi2025": 7.2, "pi2018": 5.7, "change_pct": 52.1, "n2025": 65, "grid": "4122_3156"}}, {"type": "Feature", "geometry": {"type": "Point", "coordinates": [7.12334, 51.65916]}, "properties": {"pi2025": 8.0, "pi2018": 0, "change_pct": 67.2, "n2025": 59, "grid": "4122_3176"}}, {"type": "Feature", "geometry": {"type": "Point", "coordinates": [7.16299, 51.2554]}, "properties": {"pi2025": 7.7, "pi2018": 5.4, "change_pct": 63.9, "n2025": 57, "grid": "4123_3131"}}, {"type": "Feature", "geometry": {"type": "Point", "coordinates": [7.15018, 51.46196]}, "properties": {"pi2025": 7.6, "pi2018": 6.0, "change_pct": 0, "n2025": 61, "grid": "4123_3154"}}, {"type": "Feature", "geometry": {"type": "Point", "coordinates": [7.20508, 50.7977]}, "properties": {"pi2025": 9.9, "pi2018": 7.5, "change_pct": 63.8, "n2025": 92, "grid": "4124_3080"}}, {"type": "Feature", "geometry": {"type": "Point", "coordinates": [7.18226, 51.17492]}, "properties": {"pi2025": 7.4, "pi2018": 5.7, "change_pct": 49.8, "n2025": 83, "grid": "4124_3122"}}, {"type": "Feature", "geometry": {"type": "Point", "coordinates": [7.18171, 51.1839]}, "properties": {"pi2025": 6.9, "pi2018": 5.8, "change_pct": 42.8, "n2025": 63, "grid": "4124_3123"}}, {"type": "Feature", "geometry": {"type": "Point", "coordinates": [7.17731, 51.25575]}, "properties": {"pi2025": 7.6, "pi2018": 5.6, "change_pct": 59.8, "n2025": 58, "grid": "4124_3131"}}, {"type": "Feature", "geometry": {"type": "Point", "coordinates": [7.17676, 51.26473]}, "properties": {"pi2025": 7.6, "pi2018": 5.6, "change_pct": 63.7, "n2025": 129, "grid": "4124_3132"}}, {"type": "Feature", "geometry": {"type": "Point", "coordinates": [7.16121, 51.51619]}, "properties": {"pi2025": 6.9, "pi2018": 5.4, "change_pct": 59.8, "n2025": 69, "grid": "4124_3160"}}, {"type": "Feature", "geometry": {"type": "Point", "coordinates": [7.19107, 51.26508]}, "properties": {"pi2025": 8.2, "pi2018": 5.7, "change_pct": 73.5, "n2025": 100, "grid": "4125_3132"}}, {"type": "Feature", "geometry": {"type": "Point", "coordinates": [7.19053, 51.27406]}, "properties": {"pi2025": 7.4, "pi2018": 5.5, "change_pct": 55.6, "n2025": 94, "grid": "4125_3133"}}, {"type": "Feature", "geometry": {"type": "Point", "coordinates": [7.18337, 51.39081]}, "properties": {"pi2025": 7.6, "pi2018": 5.8, "change_pct": 51.7, "n2025": 52, "grid": "4125_3146"}}, {"type": "Feature", "geometry": {"type": "Point", "coordinates": [7.18281, 51.39979]}, "properties": {"pi2025": 7.7, "pi2018": 5.6, "change_pct": 59.7, "n2025": 88, "grid": "4125_3147"}}, {"type": "Feature", "geometry": {"type": "Point", "coordinates": [7.17949, 51.45367]}, "properties": {"pi2025": 8.6, "pi2018": 6.9, "change_pct": 68.1, "n2025": 51, "grid": "4125_3153"}}, {"type": "Feature", "geometry": {"type": "Point", "coordinates": [7.17838, 51.47163]}, "properties": {"pi2025": 8.2, "pi2018": 6.3, "change_pct": 76.7, "n2025": 50, "grid": "4125_3155"}}, {"type": "Feature", "geometry": {"type": "Point", "coordinates": [7.20539, 51.26542]}, "properties": {"pi2025": 7.2, "pi2018": 5.8, "change_pct": 55.6, "n2025": 97, "grid": "4126_3132"}}, {"type": "Feature", "geometry": {"type": "Point", "coordinates": [7.20485, 51.2744]}, "properties": {"pi2025": 7.5, "pi2018": 5.4, "change_pct": 57.5, "n2025": 151, "grid": "4126_3133"}}, {"type": "Feature", "geometry": {"type": "Point", "coordinates": [7.19387, 51.45402]}, "properties": {"pi2025": 8.9, "pi2018": 7.1, "change_pct": 69.7, "n2025": 55, "grid": "4126_3153"}}, {"type": "Feature", "geometry": {"type": "Point", "coordinates": [7.19277, 51.47198]}, "properties": {"pi2025": 8.2, "pi2018": 6.2, "change_pct": 69.0, "n2025": 52, "grid": "4126_3155"}}, {"type": "Feature", "geometry": {"type": "Point", "coordinates": [7.19166, 51.48994]}, "properties": {"pi2025": 7.0, "pi2018": 5.8, "change_pct": 52.5, "n2025": 54, "grid": "4126_3157"}}, {"type": "Feature", "geometry": {"type": "Point", "coordinates": [7.18445, 51.60669]}, "properties": {"pi2025": 7.2, "pi2018": 5.8, "change_pct": 49.8, "n2025": 73, "grid": "4126_3170"}}, {"type": "Feature", "geometry": {"type": "Point", "coordinates": [7.33169, 49.31631]}, "properties": {"pi2025": 9.6, "pi2018": 6.7, "change_pct": 69.1, "n2025": 52, "grid": "4127_2915"}}, {"type": "Feature", "geometry": {"type": "Point", "coordinates": [7.21971, 51.26577]}, "properties": {"pi2025": 7.4, "pi2018": 5.4, "change_pct": 53.5, "n2025": 61, "grid": "4127_3132"}}, {"type": "Feature", "geometry": {"type": "Point", "coordinates": [7.21917, 51.27475]}, "properties": {"pi2025": 7.6, "pi2018": 5.9, "change_pct": 63.0, "n2025": 81, "grid": "4127_3133"}}, {"type": "Feature", "geometry": {"type": "Point", "coordinates": [7.2077, 51.46334]}, "properties": {"pi2025": 8.3, "pi2018": 6.5, "change_pct": 58.6, "n2025": 112, "grid": "4127_3154"}}, {"type": "Feature", "geometry": {"type": "Point", "coordinates": [7.20715, 51.47233]}, "properties": {"pi2025": 8.5, "pi2018": 6.7, "change_pct": 72.6, "n2025": 105, "grid": "4127_3155"}}, {"type": "Feature", "geometry": {"type": "Point", "coordinates": [7.2066, 51.48131]}, "properties": {"pi2025": 8.8, "pi2018": 6.5, "change_pct": 75.9, "n2025": 135, "grid": "4127_3156"}}, {"type": "Feature", "geometry": {"type": "Point", "coordinates": [7.19833, 51.61601]}, "properties": {"pi2025": 7.6, "pi2018": 6.1, "change_pct": 50.2, "n2025": 82, "grid": "4127_3171"}}, {"type": "Feature", "geometry": {"type": "Point", "coordinates": [7.22153, 51.47267]}, "properties": {"pi2025": 8.8, "pi2018": 6.2, "change_pct": 74.0, "n2025": 86, "grid": "4128_3155"}}, {"type": "Feature", "geometry": {"type": "Point", "coordinates": [7.21825, 51.52655]}, "properties": {"pi2025": 7.0, "pi2018": 5.5, "change_pct": 65.3, "n2025": 84, "grid": "4128_3161"}}, {"type": "Feature", "geometry": {"type": "Point", "coordinates": [7.2177, 51.53553]}, "properties": {"pi2025": 6.4, "pi2018": 5.4, "change_pct": 50.1, "n2025": 97, "grid": "4128_3162"}}, {"type": "Feature", "geometry": {"type": "Point", "coordinates": [7.23592, 51.47301]}, "properties": {"pi2025": 7.3, "pi2018": 6.3, "change_pct": 56.1, "n2025": 63, "grid": "4129_3155"}}, {"type": "Feature", "geometry": {"type": "Point", "coordinates": [7.29025, 51.28542]}, "properties": {"pi2025": 7.1, "pi2018": 5.5, "change_pct": 0, "n2025": 53, "grid": "4132_3134"}}, {"type": "Feature", "geometry": {"type": "Point", "coordinates": [7.32485, 51.43011]}, "properties": {"pi2025": 7.8, "pi2018": 5.8, "change_pct": 68.6, "n2025": 82, "grid": "4135_3150"}}, {"type": "Feature", "geometry": {"type": "Point", "coordinates": [7.32433, 51.43909]}, "properties": {"pi2025": 7.2, "pi2018": 5.4, "change_pct": 57.7, "n2025": 87, "grid": "4135_3151"}}, {"type": "Feature", "geometry": {"type": "Point", "coordinates": [7.42343, 51.4683]}, "properties": {"pi2025": 8.7, "pi2018": 6.7, "change_pct": 67.9, "n2025": 55, "grid": "4142_3154"}}, {"type": "Feature", "geometry": {"type": "Point", "coordinates": [7.42292, 51.47728]}, "properties": {"pi2025": 8.8, "pi2018": 6.5, "change_pct": 75.4, "n2025": 61, "grid": "4142_3155"}}, {"type": "Feature", "geometry": {"type": "Point", "coordinates": [7.44434, 51.35185]}, "properties": {"pi2025": 6.1, "pi2018": 4.8, "change_pct": 40.4, "n2025": 51, "grid": "4143_3141"}}, {"type": "Feature", "geometry": {"type": "Point", "coordinates": [7.43781, 51.46862]}, "properties": {"pi2025": 8.8, "pi2018": 7.1, "change_pct": 88.0, "n2025": 54, "grid": "4143_3154"}}, {"type": "Feature", "geometry": {"type": "Point", "coordinates": [7.43579, 51.50454]}, "properties": {"pi2025": 8.2, "pi2018": 6.9, "change_pct": 69.1, "n2025": 120, "grid": "4143_3158"}}, {"type": "Feature", "geometry": {"type": "Point", "coordinates": [7.45869, 51.35216]}, "properties": {"pi2025": 6.8, "pi2018": 5.1, "change_pct": 62.9, "n2025": 126, "grid": "4144_3141"}}, {"type": "Feature", "geometry": {"type": "Point", "coordinates": [7.45819, 51.36115]}, "properties": {"pi2025": 6.3, "pi2018": 4.9, "change_pct": 51.9, "n2025": 92, "grid": "4144_3142"}}, {"type": "Feature", "geometry": {"type": "Point", "coordinates": [7.45769, 51.37013]}, "properties": {"pi2025": 6.2, "pi2018": 4.7, "change_pct": 59.4, "n2025": 58, "grid": "4144_3143"}}, {"type": "Feature", "geometry": {"type": "Point", "coordinates": [7.45069, 51.49588]}, "properties": {"pi2025": 9.4, "pi2018": 7.5, "change_pct": 74.2, "n2025": 150, "grid": "4144_3157"}}, {"type": "Feature", "geometry": {"type": "Point", "coordinates": [7.45019, 51.50486]}, "properties": {"pi2025": 8.8, "pi2018": 7.1, "change_pct": 69.2, "n2025": 262, "grid": "4144_3158"}}, {"type": "Feature", "geometry": {"type": "Point", "coordinates": [7.44968, 51.51384]}, "properties": {"pi2025": 8.0, "pi2018": 6.1, "change_pct": 73.6, "n2025": 68, "grid": "4144_3159"}}, {"type": "Feature", "geometry": {"type": "Point", "coordinates": [7.44918, 51.52282]}, "properties": {"pi2025": 7.4, "pi2018": 6.0, "change_pct": 78.2, "n2025": 91, "grid": "4144_3160"}}, {"type": "Feature", "geometry": {"type": "Point", "coordinates": [7.47303, 51.35248]}, "properties": {"pi2025": 6.8, "pi2018": 5.0, "change_pct": 57.5, "n2025": 124, "grid": "4145_3141"}}, {"type": "Feature", "geometry": {"type": "Point", "coordinates": [7.47254, 51.36146]}, "properties": {"pi2025": 6.4, "pi2018": 5.1, "change_pct": 47.4, "n2025": 61, "grid": "4145_3142"}}, {"type": "Feature", "geometry": {"type": "Point", "coordinates": [7.46508, 51.49619]}, "properties": {"pi2025": 9.5, "pi2018": 7.5, "change_pct": 75.7, "n2025": 100, "grid": "4145_3157"}}, {"type": "Feature", "geometry": {"type": "Point", "coordinates": [7.46458, 51.50517]}, "properties": {"pi2025": 10.0, "pi2018": 7.2, "change_pct": 78.4, "n2025": 154, "grid": "4145_3158"}}, {"type": "Feature", "geometry": {"type": "Point", "coordinates": [7.46408, 51.51415]}, "properties": {"pi2025": 9.8, "pi2018": 6.4, "change_pct": 112.4, "n2025": 129, "grid": "4145_3159"}}, {"type": "Feature", "geometry": {"type": "Point", "coordinates": [7.46358, 51.52313]}, "properties": {"pi2025": 8.3, "pi2018": 5.9, "change_pct": 93.7, "n2025": 51, "grid": "4145_3160"}}, {"type": "Feature", "geometry": {"type": "Point", "coordinates": [7.59902, 49.19637]}, "properties": {"pi2025": 5.8, "pi2018": 4.2, "change_pct": 0, "n2025": 57, "grid": "4146_2901"}}, {"type": "Feature", "geometry": {"type": "Point", "coordinates": [7.48738, 51.35279]}, "properties": {"pi2025": 6.9, "pi2018": 5.1, "change_pct": 40.7, "n2025": 67, "grid": "4146_3141"}}, {"type": "Feature", "geometry": {"type": "Point", "coordinates": [7.47947, 51.4965]}, "properties": {"pi2025": 8.8, "pi2018": 7.1, "change_pct": 58.2, "n2025": 54, "grid": "4146_3157"}}, {"type": "Feature", "geometry": {"type": "Point", "coordinates": [7.47898, 51.50548]}, "properties": {"pi2025": 9.2, "pi2018": 7.1, "change_pct": 83.1, "n2025": 110, "grid": "4146_3158"}}, {"type": "Feature", "geometry": {"type": "Point", "coordinates": [7.47848, 51.51446]}, "properties": {"pi2025": 7.4, "pi2018": 6.6, "change_pct": 68.8, "n2025": 72, "grid": "4146_3159"}}, {"type": "Feature", "geometry": {"type": "Point", "coordinates": [7.47649, 51.55039]}, "properties": {"pi2025": 7.2, "pi2018": 6.4, "change_pct": 63.7, "n2025": 85, "grid": "4146_3163"}}, {"type": "Feature", "geometry": {"type": "Point", "coordinates": [7.43538, 52.27787]}, "properties": {"pi2025": 7.7, "pi2018": 0, "change_pct": 0, "n2025": 53, "grid": "4146_3244"}}, {"type": "Feature", "geometry": {"type": "Point", "coordinates": [7.49485, 51.47885]}, "properties": {"pi2025": 6.6, "pi2018": 6.0, "change_pct": 46.1, "n2025": 129, "grid": "4147_3155"}}, {"type": "Feature", "geometry": {"type": "Point", "coordinates": [7.49436, 51.48783]}, "properties": {"pi2025": 8.8, "pi2018": 7.3, "change_pct": 84.0, "n2025": 92, "grid": "4147_3156"}}, {"type": "Feature", "geometry": {"type": "Point", "coordinates": [7.49337, 51.50579]}, "properties": {"pi2025": 8.1, "pi2018": 6.5, "change_pct": 72.1, "n2025": 71, "grid": "4147_3158"}}, {"type": "Feature", "geometry": {"type": "Point", "coordinates": [7.50875, 51.48813]}, "properties": {"pi2025": 10.1, "pi2018": 7.8, "change_pct": 0, "n2025": 50, "grid": "4148_3156"}}, {"type": "Feature", "geometry": {"type": "Point", "coordinates": [7.50777, 51.5061]}, "properties": {"pi2025": 9.1, "pi2018": 7.2, "change_pct": 93.2, "n2025": 52, "grid": "4148_3158"}}, {"type": "Feature", "geometry": {"type": "Point", "coordinates": [7.58364, 50.33855]}, "properties": {"pi2025": 9.7, "pi2018": 7.6, "change_pct": 83.6, "n2025": 75, "grid": "4149_3028"}}, {"type": "Feature", "geometry": {"type": "Point", "coordinates": [7.58318, 50.34754]}, "properties": {"pi2025": 10.2, "pi2018": 7.7, "change_pct": 101.9, "n2025": 146, "grid": "4149_3029"}}, {"type": "Feature", "geometry": {"type": "Point", "coordinates": [7.58272, 50.35652]}, "properties": {"pi2025": 9.9, "pi2018": 7.6, "change_pct": 70.4, "n2025": 91, "grid": "4149_3030"}}, {"type": "Feature", "geometry": {"type": "Point", "coordinates": [7.59677, 50.35682]}, "properties": {"pi2025": 11.6, "pi2018": 8.1, "change_pct": 109.6, "n2025": 65, "grid": "4150_3030"}}, {"type": "Feature", "geometry": {"type": "Point", "coordinates": [7.53413, 51.55162]}, "properties": {"pi2025": 7.5, "pi2018": 5.4, "change_pct": 96.5, "n2025": 71, "grid": "4150_3163"}}, {"type": "Feature", "geometry": {"type": "Point", "coordinates": [7.609, 50.39305]}, "properties": {"pi2025": 9.5, "pi2018": 0, "change_pct": 71.9, "n2025": 58, "grid": "4151_3034"}}, {"type": "Feature", "geometry": {"type": "Point", "coordinates": [7.55514, 51.96569]}, "properties": {"pi2025": 9.6, "pi2018": 7.3, "change_pct": 0, "n2025": 58, "grid": "4153_3209"}}, {"type": "Feature", "geometry": {"type": "Point", "coordinates": [7.56968, 51.96599]}, "properties": {"pi2025": 10.2, "pi2018": 7.9, "change_pct": 66.7, "n2025": 66, "grid": "4154_3209"}}, {"type": "Feature", "geometry": {"type": "Point", "coordinates": [7.60713, 51.53515]}, "properties": {"pi2025": 7.5, "pi2018": 5.7, "change_pct": 84.1, "n2025": 66, "grid": "4155_3161"}}, {"type": "Feature", "geometry": {"type": "Point", "coordinates": [7.58471, 51.95731]}, "properties": {"pi2025": 10.7, "pi2018": 0, "change_pct": 70.0, "n2025": 135, "grid": "4155_3208"}}, {"type": "Feature", "geometry": {"type": "Point", "coordinates": [7.79, 47.99438]}, "properties": {"pi2025": 11.9, "pi2018": 10.0, "change_pct": 61.3, "n2025": 67, "grid": "4156_2767"}}, {"type": "Feature", "geometry": {"type": "Point", "coordinates": [7.6378, 51.22104]}, "properties": {"pi2025": 6.8, "pi2018": 5.5, "change_pct": 0, "n2025": 59, "grid": "4156_3126"}}, {"type": "Feature", "geometry": {"type": "Point", "coordinates": [7.60021, 51.93964]}, "properties": {"pi2025": 10.4, "pi2018": 9.5, "change_pct": 52.9, "n2025": 189, "grid": "4156_3206"}}, {"type": "Feature", "geometry": {"type": "Point", "coordinates": [7.59877, 51.96659]}, "properties": {"pi2025": 11.8, "pi2018": 8.8, "change_pct": 69.9, "n2025": 109, "grid": "4156_3209"}}, {"type": "Feature", "geometry": {"type": "Point", "coordinates": [7.59829, 51.97557]}, "properties": {"pi2025": 9.8, "pi2018": 0, "change_pct": 0, "n2025": 83, "grid": "4156_3210"}}, {"type": "Feature", "geometry": {"type": "Point", "coordinates": [7.80377, 47.98565]}, "properties": {"pi2025": 11.4, "pi2018": 0, "change_pct": 0, "n2025": 64, "grid": "4157_2766"}}, {"type": "Feature", "geometry": {"type": "Point", "coordinates": [7.80339, 47.99465]}, "properties": {"pi2025": 10.9, "pi2018": 0, "change_pct": 0, "n2025": 65, "grid": "4157_2767"}}, {"type": "Feature", "geometry": {"type": "Point", "coordinates": [7.803, 48.00364]}, "properties": {"pi2025": 12.2, "pi2018": 10.7, "change_pct": 64.7, "n2025": 57, "grid": "4157_2768"}}, {"type": "Feature", "geometry": {"type": "Point", "coordinates": [7.80261, 48.01264]}, "properties": {"pi2025": 11.4, "pi2018": 0, "change_pct": 0, "n2025": 67, "grid": "4157_2769"}}, {"type": "Feature", "geometry": {"type": "Point", "coordinates": [7.61522, 51.93096]}, "properties": {"pi2025": 10.4, "pi2018": 8.7, "change_pct": 66.1, "n2025": 145, "grid": "4157_3205"}}, {"type": "Feature", "geometry": {"type": "Point", "coordinates": [7.61474, 51.93994]}, "properties": {"pi2025": 11.7, "pi2018": 8.9, "change_pct": 66.0, "n2025": 180, "grid": "4157_3206"}}, {"type": "Feature", "geometry": {"type": "Point", "coordinates": [7.61426, 51.94892]}, "properties": {"pi2025": 11.6, "pi2018": 9.9, "change_pct": 66.3, "n2025": 179, "grid": "4157_3207"}}, {"type": "Feature", "geometry": {"type": "Point", "coordinates": [7.61379, 51.9579]}, "properties": {"pi2025": 10.8, "pi2018": 10.3, "change_pct": 41.8, "n2025": 193, "grid": "4157_3208"}}, {"type": "Feature", "geometry": {"type": "Point", "coordinates": [7.61331, 51.96688]}, "properties": {"pi2025": 12.3, "pi2018": 9.8, "change_pct": 72.0, "n2025": 166, "grid": "4157_3209"}}, {"type": "Feature", "geometry": {"type": "Point", "coordinates": [7.81716, 47.98592]}, "properties": {"pi2025": 11.5, "pi2018": 0, "change_pct": 61.3, "n2025": 112, "grid": "4158_2766"}}, {"type": "Feature", "geometry": {"type": "Point", "coordinates": [7.81639, 48.00391]}, "properties": {"pi2025": 12.6, "pi2018": 10.3, "change_pct": 0, "n2025": 62, "grid": "4158_2768"}}, {"type": "Feature", "geometry": {"type": "Point", "coordinates": [7.75327, 49.42449]}, "properties": {"pi2025": 10.8, "pi2018": 7.0, "change_pct": 102.9, "n2025": 67, "grid": "4158_2926"}}, {"type": "Feature", "geometry": {"type": "Point", "coordinates": [7.75285, 49.43347]}, "properties": {"pi2025": 9.9, "pi2018": 6.3, "change_pct": 96.6, "n2025": 123, "grid": "4158_2927"}}, {"type": "Feature", "geometry": {"type": "Point", "coordinates": [7.75244, 49.44246]}, "properties": {"pi2025": 10.1, "pi2018": 6.1, "change_pct": 103.2, "n2025": 88, "grid": "4158_2928"}}, {"type": "Feature", "geometry": {"type": "Point", "coordinates": [7.63164, 51.89532]}, "properties": {"pi2025": 9.3, "pi2018": 7.7, "change_pct": 0, "n2025": 60, "grid": "4158_3201"}}, {"type": "Feature", "geometry": {"type": "Point", "coordinates": [7.6288, 51.94921]}, "properties": {"pi2025": 11.2, "pi2018": 9.3, "change_pct": 56.8, "n2025": 339, "grid": "4158_3207"}}, {"type": "Feature", "geometry": {"type": "Point", "coordinates": [7.62833, 51.95819]}, "properties": {"pi2025": 11.0, "pi2018": 9.8, "change_pct": 51.8, "n2025": 147, "grid": "4158_3208"}}, {"type": "Feature", "geometry": {"type": "Point", "coordinates": [7.62785, 51.96718]}, "properties": {"pi2025": 11.5, "pi2018": 9.8, "change_pct": 63.6, "n2025": 134, "grid": "4158_3209"}}, {"type": "Feature", "geometry": {"type": "Point", "coordinates": [7.62738, 51.97616]}, "properties": {"pi2025": 10.5, "pi2018": 0, "change_pct": 0, "n2025": 162, "grid": "4158_3210"}}, {"type": "Feature", "geometry": {"type": "Point", "coordinates": [7.83093, 47.97719]}, "properties": {"pi2025": 11.0, "pi2018": 0, "change_pct": 36.6, "n2025": 90, "grid": "4159_2765"}}, {"type": "Feature", "geometry": {"type": "Point", "coordinates": [7.83054, 47.98618]}, "properties": {"pi2025": 12.9, "pi2018": 11.2, "change_pct": 68.1, "n2025": 108, "grid": "4159_2766"}}, {"type": "Feature", "geometry": {"type": "Point", "coordinates": [7.83016, 47.99518]}, "properties": {"pi2025": 10.8, "pi2018": 11.2, "change_pct": 39.0, "n2025": 200, "grid": "4159_2767"}}, {"type": "Feature", "geometry": {"type": "Point", "coordinates": [7.82978, 48.00417]}, "properties": {"pi2025": 12.1, "pi2018": 0, "change_pct": 0, "n2025": 97, "grid": "4159_2768"}}, {"type": "Feature", "geometry": {"type": "Point", "coordinates": [7.76663, 49.43375]}, "properties": {"pi2025": 9.4, "pi2018": 6.5, "change_pct": 89.3, "n2025": 142, "grid": "4159_2927"}}, {"type": "Feature", "geometry": {"type": "Point", "coordinates": [7.76622, 49.44274]}, "properties": {"pi2025": 10.4, "pi2018": 6.4, "change_pct": 104.0, "n2025": 116, "grid": "4159_2928"}}, {"type": "Feature", "geometry": {"type": "Point", "coordinates": [7.64334, 51.9495]}, "properties": {"pi2025": 10.5, "pi2018": 9.2, "change_pct": 50.7, "n2025": 127, "grid": "4159_3207"}}, {"type": "Feature", "geometry": {"type": "Point", "coordinates": [7.64287, 51.95849]}, "properties": {"pi2025": 10.9, "pi2018": 9.3, "change_pct": 55.2, "n2025": 272, "grid": "4159_3208"}}, {"type": "Feature", "geometry": {"type": "Point", "coordinates": [7.6424, 51.96747]}, "properties": {"pi2025": 10.1, "pi2018": 9.2, "change_pct": 51.3, "n2025": 89, "grid": "4159_3209"}}, {"type": "Feature", "geometry": {"type": "Point", "coordinates": [7.84507, 47.95947]}, "properties": {"pi2025": 11.4, "pi2018": 0, "change_pct": 0, "n2025": 66, "grid": "4160_2763"}}, {"type": "Feature", "geometry": {"type": "Point", "coordinates": [7.84431, 47.97745]}, "properties": {"pi2025": 11.2, "pi2018": 0, "change_pct": 0, "n2025": 70, "grid": "4160_2765"}}, {"type": "Feature", "geometry": {"type": "Point", "coordinates": [7.84393, 47.98645]}, "properties": {"pi2025": 11.9, "pi2018": 11.5, "change_pct": 40.1, "n2025": 348, "grid": "4160_2766"}}, {"type": "Feature", "geometry": {"type": "Point", "coordinates": [7.84355, 47.99544]}, "properties": {"pi2025": 12.6, "pi2018": 9.2, "change_pct": 56.5, "n2025": 107, "grid": "4160_2767"}}, {"type": "Feature", "geometry": {"type": "Point", "coordinates": [7.84317, 48.00444]}, "properties": {"pi2025": 12.1, "pi2018": 10.1, "change_pct": 69.6, "n2025": 157, "grid": "4160_2768"}}, {"type": "Feature", "geometry": {"type": "Point", "coordinates": [7.78, 49.44301]}, "properties": {"pi2025": 9.3, "pi2018": 5.9, "change_pct": 106.1, "n2025": 93, "grid": "4160_2928"}}, {"type": "Feature", "geometry": {"type": "Point", "coordinates": [7.68735, 51.37491]}, "properties": {"pi2025": 7.0, "pi2018": 5.7, "change_pct": 0, "n2025": 53, "grid": "4160_3143"}}, {"type": "Feature", "geometry": {"type": "Point", "coordinates": [7.67961, 51.52762]}, "properties": {"pi2025": 8.2, "pi2018": 6.3, "change_pct": 51.9, "n2025": 53, "grid": "4160_3160"}}, {"type": "Feature", "geometry": {"type": "Point", "coordinates": [7.65928, 51.92285]}, "properties": {"pi2025": 10.2, "pi2018": 0, "change_pct": 0, "n2025": 59, "grid": "4160_3204"}}, {"type": "Feature", "geometry": {"type": "Point", "coordinates": [7.65835, 51.94081]}, "properties": {"pi2025": 9.6, "pi2018": 0, "change_pct": 0, "n2025": 110, "grid": "4160_3206"}}, {"type": "Feature", "geometry": {"type": "Point", "coordinates": [7.65788, 51.94979]}, "properties": {"pi2025": 8.7, "pi2018": 8.4, "change_pct": 46.4, "n2025": 62, "grid": "4160_3207"}}, {"type": "Feature", "geometry": {"type": "Point", "coordinates": [7.85731, 47.98671]}, "properties": {"pi2025": 12.0, "pi2018": 10.7, "change_pct": 55.4, "n2025": 111, "grid": "4161_2766"}}, {"type": "Feature", "geometry": {"type": "Point", "coordinates": [7.85656, 48.0047]}, "properties": {"pi2025": 11.6, "pi2018": 0, "change_pct": 41.5, "n2025": 55, "grid": "4161_2768"}}, {"type": "Feature", "geometry": {"type": "Point", "coordinates": [7.8558, 48.02269]}, "properties": {"pi2025": 13.0, "pi2018": 0, "change_pct": 105.1, "n2025": 64, "grid": "4161_2770"}}, {"type": "Feature", "geometry": {"type": "Point", "coordinates": [7.67427, 51.91415]}, "properties": {"pi2025": 10.8, "pi2018": 8.0, "change_pct": 0, "n2025": 61, "grid": "4161_3203"}}, {"type": "Feature", "geometry": {"type": "Point", "coordinates": [7.88371, 47.99622]}, "properties": {"pi2025": 11.8, "pi2018": 0, "change_pct": 0, "n2025": 53, "grid": "4163_2767"}}, {"type": "Feature", "geometry": {"type": "Point", "coordinates": [7.84516, 49.84008]}, "properties": {"pi2025": 8.4, "pi2018": 6.6, "change_pct": 0, "n2025": 51, "grid": "4166_2972"}}, {"type": "Feature", "geometry": {"type": "Point", "coordinates": [7.8186, 50.42421]}, "properties": {"pi2025": 7.5, "pi2018": 6.2, "change_pct": 0, "n2025": 68, "grid": "4166_3037"}}, {"type": "Feature", "geometry": {"type": "Point", "coordinates": [7.85946, 49.83136]}, "properties": {"pi2025": 9.7, "pi2018": 6.4, "change_pct": 0, "n2025": 58, "grid": "4167_2971"}}, {"type": "Feature", "geometry": {"type": "Point", "coordinates": [7.85906, 49.84035]}, "properties": {"pi2025": 8.6, "pi2018": 6.1, "change_pct": 0, "n2025": 62, "grid": "4167_2972"}}, {"type": "Feature", "geometry": {"type": "Point", "coordinates": [7.87335, 49.83162]}, "properties": {"pi2025": 7.6, "pi2018": 6.4, "change_pct": 0, "n2025": 53, "grid": "4168_2971"}}, {"type": "Feature", "geometry": {"type": "Point", "coordinates": [7.94514, 48.4654]}, "properties": {"pi2025": 9.2, "pi2018": 7.5, "change_pct": 0, "n2025": 54, "grid": "4169_2819"}}, {"type": "Feature", "geometry": {"type": "Point", "coordinates": [7.9945, 50.92202]}, "properties": {"pi2025": 7.6, "pi2018": 6.3, "change_pct": 0, "n2025": 50, "grid": "4180_3092"}}, {"type": "Feature", "geometry": {"type": "Point", "coordinates": [8.01103, 50.86835]}, "properties": {"pi2025": 8.3, "pi2018": 7.3, "change_pct": 49.9, "n2025": 98, "grid": "4181_3086"}}, {"type": "Feature", "geometry": {"type": "Point", "coordinates": [8.02523, 50.86859]}, "properties": {"pi2025": 8.6, "pi2018": 6.9, "change_pct": 0, "n2025": 57, "grid": "4182_3086"}}, {"type": "Feature", "geometry": {"type": "Point", "coordinates": [8.10712, 49.18809]}, "properties": {"pi2025": 9.8, "pi2018": 7.4, "change_pct": 83.0, "n2025": 70, "grid": "4183_2899"}}, {"type": "Feature", "geometry": {"type": "Point", "coordinates": [8.10677, 49.19708]}, "properties": {"pi2025": 9.8, "pi2018": 7.5, "change_pct": 72.5, "n2025": 90, "grid": "4183_2900"}}, {"type": "Feature", "geometry": {"type": "Point", "coordinates": [8.05959, 50.38358]}, "properties": {"pi2025": 9.0, "pi2018": 6.8, "change_pct": 70.7, "n2025": 64, "grid": "4183_3032"}}, {"type": "Feature", "geometry": {"type": "Point", "coordinates": [8.05922, 50.39257]}, "properties": {"pi2025": 9.4, "pi2018": 0, "change_pct": 93.9, "n2025": 61, "grid": "4183_3033"}}, {"type": "Feature", "geometry": {"type": "Point", "coordinates": [8.03905, 50.87782]}, "properties": {"pi2025": 7.9, "pi2018": 6.0, "change_pct": 0, "n2025": 58, "grid": "4183_3087"}}, {"type": "Feature", "geometry": {"type": "Point", "coordinates": [7.97691, 52.29732]}, "properties": {"pi2025": 9.0, "pi2018": 0, "change_pct": 0, "n2025": 81, "grid": "4183_3245"}}, {"type": "Feature", "geometry": {"type": "Point", "coordinates": [8.12837, 49.35038]}, "properties": {"pi2025": 9.1, "pi2018": 6.8, "change_pct": 71.2, "n2025": 73, "grid": "4185_2917"}}, {"type": "Feature", "geometry": {"type": "Point", "coordinates": [8.14213, 49.35061]}, "properties": {"pi2025": 9.2, "pi2018": 6.7, "change_pct": 87.7, "n2025": 71, "grid": "4186_2917"}}, {"type": "Feature", "geometry": {"type": "Point", "coordinates": [8.02207, 52.27111]}, "properties": {"pi2025": 9.6, "pi2018": 7.9, "change_pct": 63.1, "n2025": 60, "grid": "4186_3242"}}, {"type": "Feature", "geometry": {"type": "Point", "coordinates": [8.03711, 52.26237]}, "properties": {"pi2025": 10.2, "pi2018": 7.4, "change_pct": 94.8, "n2025": 125, "grid": "4187_3241"}}, {"type": "Feature", "geometry": {"type": "Point", "coordinates": [8.03672, 52.27136]}, "properties": {"pi2025": 9.3, "pi2018": 8.0, "change_pct": 61.8, "n2025": 60, "grid": "4187_3242"}}, {"type": "Feature", "geometry": {"type": "Point", "coordinates": [8.03592, 52.28932]}, "properties": {"pi2025": 8.7, "pi2018": 7.3, "change_pct": 92.1, "n2025": 68, "grid": "4187_3244"}}, {"type": "Feature", "geometry": {"type": "Point", "coordinates": [8.18792, 48.85655]}, "properties": {"pi2025": 8.6, "pi2018": 0, "change_pct": 0, "n2025": 66, "grid": "4188_2862"}}, {"type": "Feature", "geometry": {"type": "Point", "coordinates": [8.05136, 52.2716]}, "properties": {"pi2025": 13.5, "pi2018": 7.0, "change_pct": 192.1, "n2025": 71, "grid": "4188_3242"}}, {"type": "Feature", "geometry": {"type": "Point", "coordinates": [8.20187, 48.84778]}, "properties": {"pi2025": 9.5, "pi2018": 7.2, "change_pct": 74.9, "n2025": 61, "grid": "4189_2861"}}, {"type": "Feature", "geometry": {"type": "Point", "coordinates": [8.20154, 48.85677]}, "properties": {"pi2025": 9.1, "pi2018": 6.6, "change_pct": 51.1, "n2025": 62, "grid": "4189_2862"}}, {"type": "Feature", "geometry": {"type": "Point", "coordinates": [8.21903, 48.74908]}, "properties": {"pi2025": 10.2, "pi2018": 0, "change_pct": 0, "n2025": 56, "grid": "4190_2850"}}, {"type": "Feature", "geometry": {"type": "Point", "coordinates": [8.21839, 48.76707]}, "properties": {"pi2025": 10.6, "pi2018": 7.8, "change_pct": 66.6, "n2025": 95, "grid": "4190_2852"}}, {"type": "Feature", "geometry": {"type": "Point", "coordinates": [8.23262, 48.7493]}, "properties": {"pi2025": 9.5, "pi2018": 10.0, "change_pct": 36.9, "n2025": 53, "grid": "4191_2850"}}, {"type": "Feature", "geometry": {"type": "Point", "coordinates": [8.2323, 48.75829]}, "properties": {"pi2025": 12.2, "pi2018": 8.3, "change_pct": 78.8, "n2025": 65, "grid": "4191_2851"}}, {"type": "Feature", "geometry": {"type": "Point", "coordinates": [8.19805, 50.07108]}, "properties": {"pi2025": 14.7, "pi2018": 8.6, "change_pct": 120.3, "n2025": 99, "grid": "4192_2997"}}, {"type": "Feature", "geometry": {"type": "Point", "coordinates": [8.21235, 50.06231]}, "properties": {"pi2025": 10.5, "pi2018": 9.4, "change_pct": 48.4, "n2025": 61, "grid": "4193_2996"}}, {"type": "Feature", "geometry": {"type": "Point", "coordinates": [8.21202, 50.0713]}, "properties": {"pi2025": 11.4, "pi2018": 8.7, "change_pct": 73.9, "n2025": 167, "grid": "4193_2997"}}, {"type": "Feature", "geometry": {"type": "Point", "coordinates": [8.21168, 50.08029]}, "properties": {"pi2025": 11.0, "pi2018": 8.9, "change_pct": 60.7, "n2025": 112, "grid": "4193_2998"}}, {"type": "Feature", "geometry": {"type": "Point", "coordinates": [8.22898, 49.99062]}, "properties": {"pi2025": 13.1, "pi2018": 9.0, "change_pct": 79.1, "n2025": 78, "grid": "4194_2988"}}, {"type": "Feature", "geometry": {"type": "Point", "coordinates": [8.22731, 50.03557]}, "properties": {"pi2025": 11.1, "pi2018": 8.7, "change_pct": 64.2, "n2025": 78, "grid": "4194_2993"}}, {"type": "Feature", "geometry": {"type": "Point", "coordinates": [8.22598, 50.07152]}, "properties": {"pi2025": 10.6, "pi2018": 8.8, "change_pct": 55.4, "n2025": 447, "grid": "4194_2997"}}, {"type": "Feature", "geometry": {"type": "Point", "coordinates": [8.22565, 50.08051]}, "properties": {"pi2025": 10.8, "pi2018": 8.9, "change_pct": 55.4, "n2025": 304, "grid": "4194_2998"}}, {"type": "Feature", "geometry": {"type": "Point", "coordinates": [8.22531, 50.0895]}, "properties": {"pi2025": 11.6, "pi2018": 10.3, "change_pct": 43.1, "n2025": 66, "grid": "4194_2999"}}, {"type": "Feature", "geometry": {"type": "Point", "coordinates": [8.08516, 53.52164]}, "properties": {"pi2025": 6.2, "pi2018": 5.0, "change_pct": 0, "n2025": 72, "grid": "4194_3381"}}, {"type": "Feature", "geometry": {"type": "Point", "coordinates": [8.08314, 53.56655]}, "properties": {"pi2025": 6.5, "pi2018": 4.8, "change_pct": 0, "n2025": 56, "grid": "4194_3386"}}, {"type": "Feature", "geometry": {"type": "Point", "coordinates": [8.08274, 53.57553]}, "properties": {"pi2025": 6.5, "pi2018": 4.9, "change_pct": 0, "n2025": 135, "grid": "4194_3387"}}, {"type": "Feature", "geometry": {"type": "Point", "coordinates": [8.24325, 49.98185]}, "properties": {"pi2025": 11.8, "pi2018": 8.7, "change_pct": 65.7, "n2025": 93, "grid": "4195_2987"}}, {"type": "Feature", "geometry": {"type": "Point", "coordinates": [8.24292, 49.99084]}, "properties": {"pi2025": 13.2, "pi2018": 9.8, "change_pct": 75.2, "n2025": 58, "grid": "4195_2988"}}, {"type": "Feature", "geometry": {"type": "Point", "coordinates": [8.24259, 49.99983]}, "properties": {"pi2025": 12.4, "pi2018": 9.9, "change_pct": 75.2, "n2025": 112, "grid": "4195_2989"}}, {"type": "Feature", "geometry": {"type": "Point", "coordinates": [8.24226, 50.00882]}, "properties": {"pi2025": 12.1, "pi2018": 9.5, "change_pct": 69.5, "n2025": 55, "grid": "4195_2990"}}, {"type": "Feature", "geometry": {"type": "Point", "coordinates": [8.24127, 50.03578]}, "properties": {"pi2025": 10.7, "pi2018": 8.8, "change_pct": 67.2, "n2025": 54, "grid": "4195_2993"}}, {"type": "Feature", "geometry": {"type": "Point", "coordinates": [8.24027, 50.06275]}, "properties": {"pi2025": 12.3, "pi2018": 9.3, "change_pct": 66.7, "n2025": 55, "grid": "4195_2996"}}, {"type": "Feature", "geometry": {"type": "Point", "coordinates": [8.23994, 50.07174]}, "properties": {"pi2025": 13.2, "pi2018": 9.6, "change_pct": 73.3, "n2025": 183, "grid": "4195_2997"}}, {"type": "Feature", "geometry": {"type": "Point", "coordinates": [8.23961, 50.08072]}, "properties": {"pi2025": 11.7, "pi2018": 9.6, "change_pct": 51.0, "n2025": 132, "grid": "4195_2998"}}, {"type": "Feature", "geometry": {"type": "Point", "coordinates": [8.23928, 50.08971]}, "properties": {"pi2025": 13.3, "pi2018": 10.5, "change_pct": 56.7, "n2025": 53, "grid": "4195_2999"}}, {"type": "Feature", "geometry": {"type": "Point", "coordinates": [8.10063, 53.51289]}, "properties": {"pi2025": 6.4, "pi2018": 4.9, "change_pct": 58.3, "n2025": 61, "grid": "4195_3380"}}, {"type": "Feature", "geometry": {"type": "Point", "coordinates": [8.10023, 53.52187]}, "properties": {"pi2025": 6.8, "pi2018": 4.9, "change_pct": 64.8, "n2025": 89, "grid": "4195_3381"}}, {"type": "Feature", "geometry": {"type": "Point", "coordinates": [8.25718, 49.98207]}, "properties": {"pi2025": 12.8, "pi2018": 10.7, "change_pct": 65.9, "n2025": 68, "grid": "4196_2987"}}, {"type": "Feature", "geometry": {"type": "Point", "coordinates": [8.25686, 49.99105]}, "properties": {"pi2025": 12.1, "pi2018": 10.0, "change_pct": 50.7, "n2025": 121, "grid": "4196_2988"}}, {"type": "Feature", "geometry": {"type": "Point", "coordinates": [8.25653, 50.00004]}, "properties": {"pi2025": 11.9, "pi2018": 10.3, "change_pct": 63.5, "n2025": 250, "grid": "4196_2989"}}, {"type": "Feature", "geometry": {"type": "Point", "coordinates": [8.2562, 50.00903]}, "properties": {"pi2025": 12.1, "pi2018": 9.9, "change_pct": 66.2, "n2025": 209, "grid": "4196_2990"}}, {"type": "Feature", "geometry": {"type": "Point", "coordinates": [8.25358, 50.08094]}, "properties": {"pi2025": 12.1, "pi2018": 10.3, "change_pct": 43.0, "n2025": 90, "grid": "4196_2998"}}, {"type": "Feature", "geometry": {"type": "Point", "coordinates": [8.1153, 53.52211]}, "properties": {"pi2025": 6.6, "pi2018": 5.2, "change_pct": 59.9, "n2025": 50, "grid": "4196_3381"}}, {"type": "Feature", "geometry": {"type": "Point", "coordinates": [8.27145, 49.97329]}, "properties": {"pi2025": 11.1, "pi2018": 0, "change_pct": 0, "n2025": 105, "grid": "4197_2986"}}, {"type": "Feature", "geometry": {"type": "Point", "coordinates": [8.2708, 49.99127]}, "properties": {"pi2025": 11.3, "pi2018": 9.8, "change_pct": 47.0, "n2025": 149, "grid": "4197_2988"}}, {"type": "Feature", "geometry": {"type": "Point", "coordinates": [8.28538, 49.9735]}, "properties": {"pi2025": 11.7, "pi2018": 8.9, "change_pct": 68.8, "n2025": 53, "grid": "4198_2986"}}, {"type": "Feature", "geometry": {"type": "Point", "coordinates": [8.28151, 50.08136]}, "properties": {"pi2025": 12.0, "pi2018": 9.0, "change_pct": 77.5, "n2025": 53, "grid": "4198_2998"}}, {"type": "Feature", "geometry": {"type": "Point", "coordinates": [8.33321, 48.99376]}, "properties": {"pi2025": 9.5, "pi2018": 0, "change_pct": 0, "n2025": 53, "grid": "4199_2877"}}, {"type": "Feature", "geometry": {"type": "Point", "coordinates": [8.332, 49.02973]}, "properties": {"pi2025": 10.8, "pi2018": 0, "change_pct": 0, "n2025": 53, "grid": "4199_2881"}}, {"type": "Feature", "geometry": {"type": "Point", "coordinates": [8.29932, 49.97371]}, "properties": {"pi2025": 12.2, "pi2018": 9.2, "change_pct": 71.0, "n2025": 57, "grid": "4199_2986"}}, {"type": "Feature", "geometry": {"type": "Point", "coordinates": [8.1766, 53.14552]}, "properties": {"pi2025": 9.6, "pi2018": 8.2, "change_pct": 0, "n2025": 53, "grid": "4199_3339"}}, {"type": "Feature", "geometry": {"type": "Point", "coordinates": [8.19079, 53.16371]}, "properties": {"pi2025": 8.5, "pi2018": 7.3, "change_pct": 63.3, "n2025": 56, "grid": "4200_3341"}}, {"type": "Feature", "geometry": {"type": "Point", "coordinates": [8.36023, 49.00316]}, "properties": {"pi2025": 11.5, "pi2018": 8.9, "change_pct": 68.9, "n2025": 106, "grid": "4201_2878"}}, {"type": "Feature", "geometry": {"type": "Point", "coordinates": [8.35993, 49.01215]}, "properties": {"pi2025": 12.5, "pi2018": 8.7, "change_pct": 86.6, "n2025": 88, "grid": "4201_2879"}}, {"type": "Feature", "geometry": {"type": "Point", "coordinates": [8.34269, 49.52465]}, "properties": {"pi2025": 9.5, "pi2018": 6.7, "change_pct": 84.6, "n2025": 68, "grid": "4201_2936"}}, {"type": "Feature", "geometry": {"type": "Point", "coordinates": [8.33931, 49.62354]}, "properties": {"pi2025": 10.2, "pi2018": 6.7, "change_pct": 94.1, "n2025": 87, "grid": "4201_2947"}}, {"type": "Feature", "geometry": {"type": "Point", "coordinates": [8.339, 49.63253]}, "properties": {"pi2025": 8.8, "pi2018": 6.8, "change_pct": 74.8, "n2025": 55, "grid": "4201_2948"}}, {"type": "Feature", "geometry": {"type": "Point", "coordinates": [8.20685, 53.13699]}, "properties": {"pi2025": 9.9, "pi2018": 7.4, "change_pct": 81.1, "n2025": 107, "grid": "4201_3338"}}, {"type": "Feature", "geometry": {"type": "Point", "coordinates": [8.37419, 48.99437]}, "properties": {"pi2025": 12.6, "pi2018": 0, "change_pct": 0, "n2025": 69, "grid": "4202_2877"}}, {"type": "Feature", "geometry": {"type": "Point", "coordinates": [8.37389, 49.00336]}, "properties": {"pi2025": 11.9, "pi2018": 9.2, "change_pct": 73.7, "n2025": 197, "grid": "4202_2878"}}, {"type": "Feature", "geometry": {"type": "Point", "coordinates": [8.35771, 49.48889]}, "properties": {"pi2025": 9.9, "pi2018": 0, "change_pct": 0, "n2025": 55, "grid": "4202_2932"}}, {"type": "Feature", "geometry": {"type": "Point", "coordinates": [8.35315, 49.62374]}, "properties": {"pi2025": 9.0, "pi2018": 6.8, "change_pct": 68.9, "n2025": 82, "grid": "4202_2947"}}, {"type": "Feature", "geometry": {"type": "Point", "coordinates": [8.35284, 49.63273]}, "properties": {"pi2025": 9.5, "pi2018": 6.5, "change_pct": 86.2, "n2025": 100, "grid": "4202_2948"}}, {"type": "Feature", "geometry": {"type": "Point", "coordinates": [8.22179, 53.13721]}, "properties": {"pi2025": 9.6, "pi2018": 7.1, "change_pct": 0, "n2025": 98, "grid": "4202_3338"}}, {"type": "Feature", "geometry": {"type": "Point", "coordinates": [8.40492, 48.46397]}, "properties": {"pi2025": 8.3, "pi2018": 6.2, "change_pct": 0, "n2025": 56, "grid": "4203_2818"}}, {"type": "Feature", "geometry": {"type": "Point", "coordinates": [8.3896, 48.94061]}, "properties": {"pi2025": 9.5, "pi2018": 8.3, "change_pct": 50.1, "n2025": 51, "grid": "4203_2871"}}, {"type": "Feature", "geometry": {"type": "Point", "coordinates": [8.38785, 48.99457]}, "properties": {"pi2025": 11.6, "pi2018": 9.1, "change_pct": 79.0, "n2025": 98, "grid": "4203_2877"}}, {"type": "Feature", "geometry": {"type": "Point", "coordinates": [8.38755, 49.00356]}, "properties": {"pi2025": 11.7, "pi2018": 9.1, "change_pct": 66.3, "n2025": 212, "grid": "4203_2878"}}, {"type": "Feature", "geometry": {"type": "Point", "coordinates": [8.36698, 49.62394]}, "properties": {"pi2025": 9.9, "pi2018": 0, "change_pct": 0, "n2025": 52, "grid": "4203_2947"}}, {"type": "Feature", "geometry": {"type": "Point", "coordinates": [8.40151, 48.99476]}, "properties": {"pi2025": 12.2, "pi2018": 8.8, "change_pct": 80.8, "n2025": 163, "grid": "4204_2877"}}, {"type": "Feature", "geometry": {"type": "Point", "coordinates": [8.40121, 49.00375]}, "properties": {"pi2025": 12.4, "pi2018": 9.3, "change_pct": 73.1, "n2025": 111, "grid": "4204_2878"}}, {"type": "Feature", "geometry": {"type": "Point", "coordinates": [8.31583, 51.47557]}, "properties": {"pi2025": 6.1, "pi2018": 0, "change_pct": 0, "n2025": 54, "grid": "4204_3153"}}, {"type": "Feature", "geometry": {"type": "Point", "coordinates": [8.44445, 48.05958]}, "properties": {"pi2025": 8.9, "pi2018": 0, "change_pct": 78.1, "n2025": 88, "grid": "4205_2773"}}, {"type": "Feature", "geometry": {"type": "Point", "coordinates": [8.41516, 48.99496]}, "properties": {"pi2025": 10.9, "pi2018": 8.7, "change_pct": 55.4, "n2025": 63, "grid": "4205_2877"}}, {"type": "Feature", "geometry": {"type": "Point", "coordinates": [8.41488, 49.00395]}, "properties": {"pi2025": 12.3, "pi2018": 9.0, "change_pct": 86.1, "n2025": 102, "grid": "4205_2878"}}, {"type": "Feature", "geometry": {"type": "Point", "coordinates": [8.45813, 48.05077]}, "properties": {"pi2025": 8.8, "pi2018": 0, "change_pct": 0, "n2025": 50, "grid": "4206_2772"}}, {"type": "Feature", "geometry": {"type": "Point", "coordinates": [8.45785, 48.05977]}, "properties": {"pi2025": 9.1, "pi2018": 0, "change_pct": 0, "n2025": 52, "grid": "4206_2773"}}, {"type": "Feature", "geometry": {"type": "Point", "coordinates": [8.42854, 49.00414]}, "properties": {"pi2025": 10.7, "pi2018": 8.8, "change_pct": 55.6, "n2025": 76, "grid": "4206_2878"}}, {"type": "Feature", "geometry": {"type": "Point", "coordinates": [8.4129, 49.48968]}, "properties": {"pi2025": 10.9, "pi2018": 7.5, "change_pct": 99.8, "n2025": 66, "grid": "4206_2932"}}, {"type": "Feature", "geometry": {"type": "Point", "coordinates": [8.33741, 51.67366]}, "properties": {"pi2025": 7.7, "pi2018": 0, "change_pct": 63.8, "n2025": 57, "grid": "4206_3175"}}, {"type": "Feature", "geometry": {"type": "Point", "coordinates": [8.43248, 49.31005]}, "properties": {"pi2025": 11.2, "pi2018": 7.8, "change_pct": 0, "n2025": 66, "grid": "4207_2912"}}, {"type": "Feature", "geometry": {"type": "Point", "coordinates": [8.42699, 49.48088]}, "properties": {"pi2025": 9.1, "pi2018": 7.3, "change_pct": 75.1, "n2025": 126, "grid": "4207_2931"}}, {"type": "Feature", "geometry": {"type": "Point", "coordinates": [8.40961, 50.01128]}, "properties": {"pi2025": 15.2, "pi2018": 0, "change_pct": 134.5, "n2025": 57, "grid": "4207_2990"}}, {"type": "Feature", "geometry": {"type": "Point", "coordinates": [8.45614, 48.99553]}, "properties": {"pi2025": 11.3, "pi2018": 8.8, "change_pct": 77.2, "n2025": 59, "grid": "4208_2877"}}, {"type": "Feature", "geometry": {"type": "Point", "coordinates": [8.44136, 49.46309]}, "properties": {"pi2025": 9.8, "pi2018": 7.4, "change_pct": 73.6, "n2025": 51, "grid": "4208_2929"}}, {"type": "Feature", "geometry": {"type": "Point", "coordinates": [8.44107, 49.47208]}, "properties": {"pi2025": 9.9, "pi2018": 7.4, "change_pct": 82.0, "n2025": 222, "grid": "4208_2930"}}, {"type": "Feature", "geometry": {"type": "Point", "coordinates": [8.44078, 49.48107]}, "properties": {"pi2025": 8.8, "pi2018": 7.3, "change_pct": 58.1, "n2025": 72, "grid": "4208_2931"}}, {"type": "Feature", "geometry": {"type": "Point", "coordinates": [8.4698, 48.99572]}, "properties": {"pi2025": 12.0, "pi2018": 9.3, "change_pct": 77.3, "n2025": 97, "grid": "4209_2877"}}, {"type": "Feature", "geometry": {"type": "Point", "coordinates": [8.45486, 49.47227]}, "properties": {"pi2025": 10.6, "pi2018": 9.1, "change_pct": 60.6, "n2025": 151, "grid": "4209_2930"}}, {"type": "Feature", "geometry": {"type": "Point", "coordinates": [8.45458, 49.48126]}, "properties": {"pi2025": 12.1, "pi2018": 9.1, "change_pct": 81.8, "n2025": 200, "grid": "4209_2931"}}, {"type": "Feature", "geometry": {"type": "Point", "coordinates": [8.45429, 49.49025]}, "properties": {"pi2025": 11.1, "pi2018": 8.9, "change_pct": 88.2, "n2025": 262, "grid": "4209_2932"}}, {"type": "Feature", "geometry": {"type": "Point", "coordinates": [8.45401, 49.49924]}, "properties": {"pi2025": 10.7, "pi2018": 8.0, "change_pct": 90.4, "n2025": 162, "grid": "4209_2933"}}, {"type": "Feature", "geometry": {"type": "Point", "coordinates": [8.43545, 50.07459]}, "properties": {"pi2025": 13.1, "pi2018": 9.3, "change_pct": 68.5, "n2025": 63, "grid": "4209_2997"}}, {"type": "Feature", "geometry": {"type": "Point", "coordinates": [8.46922, 49.45448]}, "properties": {"pi2025": 12.2, "pi2018": 8.6, "change_pct": 87.2, "n2025": 73, "grid": "4210_2928"}}, {"type": "Feature", "geometry": {"type": "Point", "coordinates": [8.46894, 49.46347]}, "properties": {"pi2025": 10.6, "pi2018": 8.7, "change_pct": 79.4, "n2025": 50, "grid": "4210_2929"}}, {"type": "Feature", "geometry": {"type": "Point", "coordinates": [8.46866, 49.47246]}, "properties": {"pi2025": 12.0, "pi2018": 8.8, "change_pct": 77.3, "n2025": 304, "grid": "4210_2930"}}, {"type": "Feature", "geometry": {"type": "Point", "coordinates": [8.46837, 49.48145]}, "properties": {"pi2025": 12.5, "pi2018": 9.1, "change_pct": 81.6, "n2025": 308, "grid": "4210_2931"}}, {"type": "Feature", "geometry": {"type": "Point", "coordinates": [8.46809, 49.49044]}, "properties": {"pi2025": 10.9, "pi2018": 8.2, "change_pct": 84.6, "n2025": 311, "grid": "4210_2932"}}, {"type": "Feature", "geometry": {"type": "Point", "coordinates": [8.46781, 49.49943]}, "properties": {"pi2025": 10.4, "pi2018": 7.7, "change_pct": 85.0, "n2025": 111, "grid": "4210_2933"}}, {"type": "Feature", "geometry": {"type": "Point", "coordinates": [8.46639, 49.54438]}, "properties": {"pi2025": 7.5, "pi2018": 0, "change_pct": 58.7, "n2025": 59, "grid": "4210_2938"}}, {"type": "Feature", "geometry": {"type": "Point", "coordinates": [8.44766, 50.12871]}, "properties": {"pi2025": 11.0, "pi2018": 8.7, "change_pct": 55.7, "n2025": 50, "grid": "4210_3003"}}, {"type": "Feature", "geometry": {"type": "Point", "coordinates": [8.48329, 49.44567]}, "properties": {"pi2025": 10.2, "pi2018": 8.1, "change_pct": 73.5, "n2025": 63, "grid": "4211_2927"}}, {"type": "Feature", "geometry": {"type": "Point", "coordinates": [8.48301, 49.45466]}, "properties": {"pi2025": 10.4, "pi2018": 8.6, "change_pct": 70.9, "n2025": 115, "grid": "4211_2928"}}, {"type": "Feature", "geometry": {"type": "Point", "coordinates": [8.48245, 49.47264]}, "properties": {"pi2025": 11.0, "pi2018": 8.8, "change_pct": 68.2, "n2025": 147, "grid": "4211_2930"}}, {"type": "Feature", "geometry": {"type": "Point", "coordinates": [8.48189, 49.49063]}, "properties": {"pi2025": 10.7, "pi2018": 8.1, "change_pct": 81.7, "n2025": 135, "grid": "4211_2932"}}, {"type": "Feature", "geometry": {"type": "Point", "coordinates": [8.48161, 49.49962]}, "properties": {"pi2025": 10.1, "pi2018": 0, "change_pct": 89.0, "n2025": 100, "grid": "4211_2933"}}, {"type": "Feature", "geometry": {"type": "Point", "coordinates": [8.46077, 50.15587]}, "properties": {"pi2025": 15.3, "pi2018": 0, "change_pct": 0, "n2025": 73, "grid": "4211_3006"}}, {"type": "Feature", "geometry": {"type": "Point", "coordinates": [8.46019, 50.17384]}, "properties": {"pi2025": 11.8, "pi2018": 8.9, "change_pct": 47.4, "n2025": 72, "grid": "4211_3008"}}, {"type": "Feature", "geometry": {"type": "Point", "coordinates": [8.49541, 49.4998]}, "properties": {"pi2025": 10.5, "pi2018": 7.4, "change_pct": 78.2, "n2025": 58, "grid": "4212_2933"}}, {"type": "Feature", "geometry": {"type": "Point", "coordinates": [8.50921, 49.49998]}, "properties": {"pi2025": 11.1, "pi2018": 7.6, "change_pct": 84.0, "n2025": 84, "grid": "4213_2933"}}, {"type": "Feature", "geometry": {"type": "Point", "coordinates": [8.49159, 50.06635]}, "properties": {"pi2025": 10.6, "pi2018": 8.0, "change_pct": 64.8, "n2025": 57, "grid": "4213_2996"}}, {"type": "Feature", "geometry": {"type": "Point", "coordinates": [8.49074, 50.09332]}, "properties": {"pi2025": 10.9, "pi2018": 10.0, "change_pct": 53.7, "n2025": 59, "grid": "4213_2999"}}, {"type": "Feature", "geometry": {"type": "Point", "coordinates": [8.48932, 50.13826]}, "properties": {"pi2025": 13.4, "pi2018": 10.0, "change_pct": 59.3, "n2025": 64, "grid": "4213_3004"}}, {"type": "Feature", "geometry": {"type": "Point", "coordinates": [8.52519, 49.42824]}, "properties": {"pi2025": 9.9, "pi2018": 7.5, "change_pct": 73.4, "n2025": 54, "grid": "4214_2925"}}, {"type": "Feature", "geometry": {"type": "Point", "coordinates": [8.52328, 49.49117]}, "properties": {"pi2025": 8.3, "pi2018": 0, "change_pct": 0, "n2025": 64, "grid": "4214_2932"}}, {"type": "Feature", "geometry": {"type": "Point", "coordinates": [8.52246, 49.51815]}, "properties": {"pi2025": 9.7, "pi2018": 0, "change_pct": 0, "n2025": 144, "grid": "4214_2935"}}, {"type": "Feature", "geometry": {"type": "Point", "coordinates": [8.49018, 50.55191]}, "properties": {"pi2025": 8.4, "pi2018": 6.6, "change_pct": 0, "n2025": 71, "grid": "4214_3050"}}, {"type": "Feature", "geometry": {"type": "Point", "coordinates": [8.5198, 50.05773]}, "properties": {"pi2025": 12.8, "pi2018": 9.5, "change_pct": 72.5, "n2025": 54, "grid": "4215_2995"}}, {"type": "Feature", "geometry": {"type": "Point", "coordinates": [8.53238, 50.10285]}, "properties": {"pi2025": 12.2, "pi2018": 10.2, "change_pct": 66.7, "n2025": 76, "grid": "4216_3000"}}, {"type": "Feature", "geometry": {"type": "Point", "coordinates": [8.56785, 49.38381]}, "properties": {"pi2025": 11.0, "pi2018": 8.0, "change_pct": 74.6, "n2025": 62, "grid": "4217_2920"}}, {"type": "Feature", "geometry": {"type": "Point", "coordinates": [8.5894, 49.11423]}, "properties": {"pi2025": 10.0, "pi2018": 7.2, "change_pct": 78.1, "n2025": 66, "grid": "4218_2890"}}, {"type": "Feature", "geometry": {"type": "Point", "coordinates": [8.58914, 49.12323]}, "properties": {"pi2025": 9.7, "pi2018": 7.3, "change_pct": 76.7, "n2025": 71, "grid": "4218_2891"}}, {"type": "Feature", "geometry": {"type": "Point", "coordinates": [8.5606, 50.09422]}, "properties": {"pi2025": 13.1, "pi2018": 10.4, "change_pct": 74.3, "n2025": 76, "grid": "4218_2999"}}, {"type": "Feature", "geometry": {"type": "Point", "coordinates": [8.55924, 50.13917]}, "properties": {"pi2025": 12.0, "pi2018": 9.5, "change_pct": 50.9, "n2025": 56, "grid": "4218_3004"}}, {"type": "Feature", "geometry": {"type": "Point", "coordinates": [8.51411, 52.01762]}, "properties": {"pi2025": 9.9, "pi2018": 7.6, "change_pct": 68.6, "n2025": 53, "grid": "4219_3213"}}, {"type": "Feature", "geometry": {"type": "Point", "coordinates": [8.51381, 52.0266]}, "properties": {"pi2025": 8.7, "pi2018": 7.8, "change_pct": 26.1, "n2025": 58, "grid": "4219_3214"}}, {"type": "Feature", "geometry": {"type": "Point", "coordinates": [8.51351, 52.03559]}, "properties": {"pi2025": 8.8, "pi2018": 7.0, "change_pct": 38.1, "n2025": 64, "grid": "4219_3215"}}, {"type": "Feature", "geometry": {"type": "Point", "coordinates": [8.51321, 52.04457]}, "properties": {"pi2025": 8.1, "pi2018": 6.6, "change_pct": 19.0, "n2025": 50, "grid": "4219_3216"}}, {"type": "Feature", "geometry": {"type": "Point", "coordinates": [8.58561, 50.19345]}, "properties": {"pi2025": 15.4, "pi2018": 10.1, "change_pct": 93.1, "n2025": 51, "grid": "4220_3010"}}, {"type": "Feature", "geometry": {"type": "Point", "coordinates": [8.52897, 52.00881]}, "properties": {"pi2025": 9.1, "pi2018": 7.1, "change_pct": 43.5, "n2025": 66, "grid": "4220_3212"}}, {"type": "Feature", "geometry": {"type": "Point", "coordinates": [8.52867, 52.0178]}, "properties": {"pi2025": 8.9, "pi2018": 7.4, "change_pct": 38.4, "n2025": 173, "grid": "4220_3213"}}, {"type": "Feature", "geometry": {"type": "Point", "coordinates": [8.52838, 52.02679]}, "properties": {"pi2025": 9.9, "pi2018": 7.3, "change_pct": 83.4, "n2025": 98, "grid": "4220_3214"}}, {"type": "Feature", "geometry": {"type": "Point", "coordinates": [8.62241, 49.40248]}, "properties": {"pi2025": 11.1, "pi2018": 8.1, "change_pct": 69.3, "n2025": 55, "grid": "4221_2922"}}, {"type": "Feature", "geometry": {"type": "Point", "coordinates": [8.60278, 50.08575]}, "properties": {"pi2025": 12.5, "pi2018": 10.2, "change_pct": 71.6, "n2025": 79, "grid": "4221_2998"}}, {"type": "Feature", "geometry": {"type": "Point", "coordinates": [8.60172, 50.12171]}, "properties": {"pi2025": 14.9, "pi2018": 10.8, "change_pct": 82.9, "n2025": 195, "grid": "4221_3002"}}, {"type": "Feature", "geometry": {"type": "Point", "coordinates": [8.59855, 50.22958]}, "properties": {"pi2025": 15.3, "pi2018": 9.8, "change_pct": 98.4, "n2025": 109, "grid": "4221_3014"}}, {"type": "Feature", "geometry": {"type": "Point", "coordinates": [8.63644, 49.39366]}, "properties": {"pi2025": 9.8, "pi2018": 0, "change_pct": 45.3, "n2025": 50, "grid": "4222_2921"}}, {"type": "Feature", "geometry": {"type": "Point", "coordinates": [8.62961, 49.63642]}, "properties": {"pi2025": 12.2, "pi2018": 7.6, "change_pct": 100.4, "n2025": 54, "grid": "4222_2948"}}, {"type": "Feature", "geometry": {"type": "Point", "coordinates": [8.62322, 49.86118]}, "properties": {"pi2025": 14.7, "pi2018": 0, "change_pct": 78.3, "n2025": 64, "grid": "4222_2973"}}, {"type": "Feature", "geometry": {"type": "Point", "coordinates": [8.61701, 50.07693]}, "properties": {"pi2025": 13.3, "pi2018": 0, "change_pct": 0, "n2025": 75, "grid": "4222_2997"}}, {"type": "Feature", "geometry": {"type": "Point", "coordinates": [8.61649, 50.09491]}, "properties": {"pi2025": 13.3, "pi2018": 8.8, "change_pct": 79.5, "n2025": 107, "grid": "4222_2999"}}, {"type": "Feature", "geometry": {"type": "Point", "coordinates": [8.61623, 50.1039]}, "properties": {"pi2025": 14.5, "pi2018": 10.9, "change_pct": 0, "n2025": 109, "grid": "4222_3000"}}, {"type": "Feature", "geometry": {"type": "Point", "coordinates": [8.61596, 50.11289]}, "properties": {"pi2025": 14.1, "pi2018": 11.2, "change_pct": 82.8, "n2025": 162, "grid": "4222_3001"}}, {"type": "Feature", "geometry": {"type": "Point", "coordinates": [8.6157, 50.12188]}, "properties": {"pi2025": 16.7, "pi2018": 9.2, "change_pct": 108.8, "n2025": 158, "grid": "4222_3002"}}, {"type": "Feature", "geometry": {"type": "Point", "coordinates": [8.61544, 50.13087]}, "properties": {"pi2025": 13.2, "pi2018": 10.5, "change_pct": 49.3, "n2025": 51, "grid": "4222_3003"}}, {"type": "Feature", "geometry": {"type": "Point", "coordinates": [8.61466, 50.15784]}, "properties": {"pi2025": 12.8, "pi2018": 10.4, "change_pct": 65.3, "n2025": 70, "grid": "4222_3006"}}, {"type": "Feature", "geometry": {"type": "Point", "coordinates": [8.61414, 50.17582]}, "properties": {"pi2025": 13.3, "pi2018": 10.0, "change_pct": 0, "n2025": 77, "grid": "4222_3008"}}, {"type": "Feature", "geometry": {"type": "Point", "coordinates": [8.61283, 50.22076]}, "properties": {"pi2025": 14.6, "pi2018": 9.9, "change_pct": 79.3, "n2025": 92, "grid": "4222_3013"}}, {"type": "Feature", "geometry": {"type": "Point", "coordinates": [8.6517, 49.33988]}, "properties": {"pi2025": 10.0, "pi2018": 7.5, "change_pct": 65.7, "n2025": 51, "grid": "4223_2915"}}, {"type": "Feature", "geometry": {"type": "Point", "coordinates": [8.63738, 49.85236]}, "properties": {"pi2025": 12.0, "pi2018": 9.9, "change_pct": 61.5, "n2025": 104, "grid": "4223_2972"}}, {"type": "Feature", "geometry": {"type": "Point", "coordinates": [8.63712, 49.86135]}, "properties": {"pi2025": 12.6, "pi2018": 9.9, "change_pct": 65.8, "n2025": 260, "grid": "4223_2973"}}, {"type": "Feature", "geometry": {"type": "Point", "coordinates": [8.63687, 49.87034]}, "properties": {"pi2025": 12.9, "pi2018": 10.2, "change_pct": 69.9, "n2025": 166, "grid": "4223_2974"}}, {"type": "Feature", "geometry": {"type": "Point", "coordinates": [8.63097, 50.0771]}, "properties": {"pi2025": 14.7, "pi2018": 10.0, "change_pct": 78.4, "n2025": 158, "grid": "4223_2997"}}, {"type": "Feature", "geometry": {"type": "Point", "coordinates": [8.63072, 50.08609]}, "properties": {"pi2025": 15.3, "pi2018": 10.8, "change_pct": 90.3, "n2025": 129, "grid": "4223_2998"}}, {"type": "Feature", "geometry": {"type": "Point", "coordinates": [8.63046, 50.09508]}, "properties": {"pi2025": 15.8, "pi2018": 11.2, "change_pct": 103.9, "n2025": 347, "grid": "4223_2999"}}, {"type": "Feature", "geometry": {"type": "Point", "coordinates": [8.6302, 50.10407]}, "properties": {"pi2025": 15.4, "pi2018": 10.9, "change_pct": 0, "n2025": 197, "grid": "4223_3000"}}, {"type": "Feature", "geometry": {"type": "Point", "coordinates": [8.62994, 50.11306]}, "properties": {"pi2025": 13.8, "pi2018": 10.9, "change_pct": 55.1, "n2025": 223, "grid": "4223_3001"}}, {"type": "Feature", "geometry": {"type": "Point", "coordinates": [8.62968, 50.12205]}, "properties": {"pi2025": 13.3, "pi2018": 11.9, "change_pct": 49.2, "n2025": 200, "grid": "4223_3002"}}, {"type": "Feature", "geometry": {"type": "Point", "coordinates": [8.62865, 50.15801]}, "properties": {"pi2025": 14.2, "pi2018": 0, "change_pct": 88.2, "n2025": 51, "grid": "4223_3006"}}, {"type": "Feature", "geometry": {"type": "Point", "coordinates": [8.62813, 50.17599]}, "properties": {"pi2025": 12.9, "pi2018": 9.7, "change_pct": 52.8, "n2025": 206, "grid": "4223_3008"}}, {"type": "Feature", "geometry": {"type": "Point", "coordinates": [8.67782, 48.88142]}, "properties": {"pi2025": 9.4, "pi2018": 7.2, "change_pct": 75.6, "n2025": 72, "grid": "4224_2864"}}, {"type": "Feature", "geometry": {"type": "Point", "coordinates": [8.67758, 48.89041]}, "properties": {"pi2025": 9.1, "pi2018": 7.5, "change_pct": 72.8, "n2025": 111, "grid": "4224_2865"}}, {"type": "Feature", "geometry": {"type": "Point", "coordinates": [8.66447, 49.37601]}, "properties": {"pi2025": 13.9, "pi2018": 8.9, "change_pct": 84.7, "n2025": 109, "grid": "4224_2919"}}, {"type": "Feature", "geometry": {"type": "Point", "coordinates": [8.66398, 49.39399]}, "properties": {"pi2025": 13.9, "pi2018": 10.6, "change_pct": 0, "n2025": 109, "grid": "4224_2921"}}, {"type": "Feature", "geometry": {"type": "Point", "coordinates": [8.66373, 49.40298]}, "properties": {"pi2025": 15.7, "pi2018": 0, "change_pct": 0, "n2025": 73, "grid": "4224_2922"}}, {"type": "Feature", "geometry": {"type": "Point", "coordinates": [8.6625, 49.44794]}, "properties": {"pi2025": 10.5, "pi2018": 9.0, "change_pct": 45.6, "n2025": 58, "grid": "4224_2927"}}, {"type": "Feature", "geometry": {"type": "Point", "coordinates": [8.65978, 49.54684]}, "properties": {"pi2025": 10.8, "pi2018": 8.6, "change_pct": 75.2, "n2025": 58, "grid": "4224_2938"}}, {"type": "Feature", "geometry": {"type": "Point", "coordinates": [8.65128, 49.85252]}, "properties": {"pi2025": 11.9, "pi2018": 10.4, "change_pct": 55.3, "n2025": 53, "grid": "4224_2972"}}, {"type": "Feature", "geometry": {"type": "Point", "coordinates": [8.65102, 49.86151]}, "properties": {"pi2025": 12.4, "pi2018": 9.8, "change_pct": 63.0, "n2025": 188, "grid": "4224_2973"}}, {"type": "Feature", "geometry": {"type": "Point", "coordinates": [8.65077, 49.8705]}, "properties": {"pi2025": 12.8, "pi2018": 9.5, "change_pct": 67.9, "n2025": 97, "grid": "4224_2974"}}, {"type": "Feature", "geometry": {"type": "Point", "coordinates": [8.65052, 49.87949]}, "properties": {"pi2025": 12.6, "pi2018": 9.2, "change_pct": 66.8, "n2025": 114, "grid": "4224_2975"}}, {"type": "Feature", "geometry": {"type": "Point", "coordinates": [8.64748, 49.98737]}, "properties": {"pi2025": 10.8, "pi2018": 8.6, "change_pct": 55.7, "n2025": 56, "grid": "4224_2987"}}, {"type": "Feature", "geometry": {"type": "Point", "coordinates": [8.64494, 50.07727]}, "properties": {"pi2025": 14.7, "pi2018": 10.5, "change_pct": 68.6, "n2025": 149, "grid": "4224_2997"}}, {"type": "Feature", "geometry": {"type": "Point", "coordinates": [8.64469, 50.08626]}, "properties": {"pi2025": 13.3, "pi2018": 11.0, "change_pct": 51.1, "n2025": 73, "grid": "4224_2998"}}, {"type": "Feature", "geometry": {"type": "Point", "coordinates": [8.64443, 50.09525]}, "properties": {"pi2025": 13.9, "pi2018": 0, "change_pct": 69.3, "n2025": 93, "grid": "4224_2999"}}, {"type": "Feature", "geometry": {"type": "Point", "coordinates": [8.64417, 50.10424]}, "properties": {"pi2025": 20.3, "pi2018": 11.4, "change_pct": 105.4, "n2025": 592, "grid": "4224_3000"}}, {"type": "Feature", "geometry": {"type": "Point", "coordinates": [8.64392, 50.11323]}, "properties": {"pi2025": 16.0, "pi2018": 13.5, "change_pct": 54.7, "n2025": 279, "grid": "4224_3001"}}, {"type": "Feature", "geometry": {"type": "Point", "coordinates": [8.64366, 50.12222]}, "properties": {"pi2025": 14.3, "pi2018": 14.1, "change_pct": 44.7, "n2025": 83, "grid": "4224_3002"}}, {"type": "Feature", "geometry": {"type": "Point", "coordinates": [8.64315, 50.1402]}, "properties": {"pi2025": 12.0, "pi2018": 10.4, "change_pct": 10.6, "n2025": 92, "grid": "4224_3004"}}, {"type": "Feature", "geometry": {"type": "Point", "coordinates": [8.64264, 50.15817]}, "properties": {"pi2025": 13.5, "pi2018": 10.4, "change_pct": 74.4, "n2025": 53, "grid": "4224_3006"}}, {"type": "Feature", "geometry": {"type": "Point", "coordinates": [8.6411, 50.21211]}, "properties": {"pi2025": 13.1, "pi2018": 8.9, "change_pct": 68.8, "n2025": 65, "grid": "4224_3012"}}, {"type": "Feature", "geometry": {"type": "Point", "coordinates": [8.58608, 52.04547]}, "properties": {"pi2025": 7.6, "pi2018": 6.0, "change_pct": 61.5, "n2025": 52, "grid": "4224_3216"}}, {"type": "Feature", "geometry": {"type": "Point", "coordinates": [8.69145, 48.88158]}, "properties": {"pi2025": 9.6, "pi2018": 7.4, "change_pct": 80.8, "n2025": 156, "grid": "4225_2864"}}, {"type": "Feature", "geometry": {"type": "Point", "coordinates": [8.69121, 48.89058]}, "properties": {"pi2025": 9.1, "pi2018": 7.0, "change_pct": 73.6, "n2025": 172, "grid": "4225_2865"}}, {"type": "Feature", "geometry": {"type": "Point", "coordinates": [8.67823, 49.37617]}, "properties": {"pi2025": 14.0, "pi2018": 9.2, "change_pct": 87.6, "n2025": 108, "grid": "4225_2919"}}, {"type": "Feature", "geometry": {"type": "Point", "coordinates": [8.67775, 49.39415]}, "properties": {"pi2025": 13.0, "pi2018": 10.7, "change_pct": 60.2, "n2025": 78, "grid": "4225_2921"}}, {"type": "Feature", "geometry": {"type": "Point", "coordinates": [8.6775, 49.40314]}, "properties": {"pi2025": 13.1, "pi2018": 11.5, "change_pct": 44.7, "n2025": 128, "grid": "4225_2922"}}, {"type": "Feature", "geometry": {"type": "Point", "coordinates": [8.67726, 49.41214]}, "properties": {"pi2025": 13.7, "pi2018": 11.1, "change_pct": 40.1, "n2025": 81, "grid": "4225_2923"}}, {"type": "Feature", "geometry": {"type": "Point", "coordinates": [8.67702, 49.42113]}, "properties": {"pi2025": 12.8, "pi2018": 9.5, "change_pct": 56.8, "n2025": 108, "grid": "4225_2924"}}, {"type": "Feature", "geometry": {"type": "Point", "coordinates": [8.67677, 49.43012]}, "properties": {"pi2025": 13.5, "pi2018": 9.8, "change_pct": 72.6, "n2025": 50, "grid": "4225_2925"}}, {"type": "Feature", "geometry": {"type": "Point", "coordinates": [8.66493, 49.86168]}, "properties": {"pi2025": 12.2, "pi2018": 9.8, "change_pct": 64.7, "n2025": 66, "grid": "4225_2973"}}, {"type": "Feature", "geometry": {"type": "Point", "coordinates": [8.66468, 49.87067]}, "properties": {"pi2025": 12.8, "pi2018": 9.5, "change_pct": 67.1, "n2025": 53, "grid": "4225_2974"}}, {"type": "Feature", "geometry": {"type": "Point", "coordinates": [8.66443, 49.87966]}, "properties": {"pi2025": 12.1, "pi2018": 9.6, "change_pct": 61.3, "n2025": 69, "grid": "4225_2975"}}, {"type": "Feature", "geometry": {"type": "Point", "coordinates": [8.66142, 49.98754]}, "properties": {"pi2025": 10.8, "pi2018": 8.6, "change_pct": 53.9, "n2025": 75, "grid": "4225_2987"}}, {"type": "Feature", "geometry": {"type": "Point", "coordinates": [8.65865, 50.08642]}, "properties": {"pi2025": 15.3, "pi2018": 11.2, "change_pct": 64.8, "n2025": 64, "grid": "4225_2998"}}, {"type": "Feature", "geometry": {"type": "Point", "coordinates": [8.6584, 50.09541]}, "properties": {"pi2025": 17.1, "pi2018": 12.7, "change_pct": 72.5, "n2025": 170, "grid": "4225_2999"}}, {"type": "Feature", "geometry": {"type": "Point", "coordinates": [8.65815, 50.1044]}, "properties": {"pi2025": 17.4, "pi2018": 13.9, "change_pct": 63.1, "n2025": 378, "grid": "4225_3000"}}, {"type": "Feature", "geometry": {"type": "Point", "coordinates": [8.6579, 50.11339]}, "properties": {"pi2025": 18.7, "pi2018": 15.5, "change_pct": 63.7, "n2025": 327, "grid": "4225_3001"}}, {"type": "Feature", "geometry": {"type": "Point", "coordinates": [8.65764, 50.12238]}, "properties": {"pi2025": 19.4, "pi2018": 15.8, "change_pct": 88.0, "n2025": 89, "grid": "4225_3002"}}, {"type": "Feature", "geometry": {"type": "Point", "coordinates": [8.65739, 50.13137]}, "properties": {"pi2025": 14.3, "pi2018": 11.2, "change_pct": 59.6, "n2025": 72, "grid": "4225_3003"}}, {"type": "Feature", "geometry": {"type": "Point", "coordinates": [8.65714, 50.14036]}, "properties": {"pi2025": 13.5, "pi2018": 12.3, "change_pct": 65.5, "n2025": 104, "grid": "4225_3004"}}, {"type": "Feature", "geometry": {"type": "Point", "coordinates": [8.65688, 50.14935]}, "properties": {"pi2025": 13.2, "pi2018": 11.7, "change_pct": 54.3, "n2025": 89, "grid": "4225_3005"}}, {"type": "Feature", "geometry": {"type": "Point", "coordinates": [8.65663, 50.15834]}, "properties": {"pi2025": 11.7, "pi2018": 10.5, "change_pct": 59.2, "n2025": 62, "grid": "4225_3006"}}, {"type": "Feature", "geometry": {"type": "Point", "coordinates": [8.70508, 48.88174]}, "properties": {"pi2025": 9.9, "pi2018": 7.5, "change_pct": 83.8, "n2025": 80, "grid": "4226_2864"}}, {"type": "Feature", "geometry": {"type": "Point", "coordinates": [8.70484, 48.89073]}, "properties": {"pi2025": 9.4, "pi2018": 7.0, "change_pct": 82.6, "n2025": 138, "grid": "4226_2865"}}, {"type": "Feature", "geometry": {"type": "Point", "coordinates": [8.69128, 49.40331]}, "properties": {"pi2025": 15.0, "pi2018": 10.8, "change_pct": 58.1, "n2025": 91, "grid": "4226_2922"}}, {"type": "Feature", "geometry": {"type": "Point", "coordinates": [8.67561, 49.97871]}, "properties": {"pi2025": 10.7, "pi2018": 8.7, "change_pct": 56.4, "n2025": 75, "grid": "4226_2986"}}, {"type": "Feature", "geometry": {"type": "Point", "coordinates": [8.67287, 50.0776]}, "properties": {"pi2025": 13.8, "pi2018": 0, "change_pct": 51.1, "n2025": 62, "grid": "4226_2997"}}, {"type": "Feature", "geometry": {"type": "Point", "coordinates": [8.67262, 50.08659]}, "properties": {"pi2025": 14.3, "pi2018": 12.7, "change_pct": 52.6, "n2025": 171, "grid": "4226_2998"}}, {"type": "Feature", "geometry": {"type": "Point", "coordinates": [8.67237, 50.09558]}, "properties": {"pi2025": 16.8, "pi2018": 14.2, "change_pct": 56.7, "n2025": 291, "grid": "4226_2999"}}, {"type": "Feature", "geometry": {"type": "Point", "coordinates": [8.67212, 50.10457]}, "properties": {"pi2025": 17.3, "pi2018": 14.9, "change_pct": 72.3, "n2025": 226, "grid": "4226_3000"}}, {"type": "Feature", "geometry": {"type": "Point", "coordinates": [8.67187, 50.11356]}, "properties": {"pi2025": 17.3, "pi2018": 13.5, "change_pct": 67.1, "n2025": 287, "grid": "4226_3001"}}, {"type": "Feature", "geometry": {"type": "Point", "coordinates": [8.67162, 50.12255]}, "properties": {"pi2025": 15.6, "pi2018": 13.8, "change_pct": 42.9, "n2025": 293, "grid": "4226_3002"}}, {"type": "Feature", "geometry": {"type": "Point", "coordinates": [8.67137, 50.13154]}, "properties": {"pi2025": 16.0, "pi2018": 11.6, "change_pct": 69.4, "n2025": 136, "grid": "4226_3003"}}, {"type": "Feature", "geometry": {"type": "Point", "coordinates": [8.67112, 50.14052]}, "properties": {"pi2025": 12.8, "pi2018": 10.8, "change_pct": 38.2, "n2025": 66, "grid": "4226_3004"}}, {"type": "Feature", "geometry": {"type": "Point", "coordinates": [8.67087, 50.14951]}, "properties": {"pi2025": 12.4, "pi2018": 10.5, "change_pct": 61.3, "n2025": 64, "grid": "4226_3005"}}, {"type": "Feature", "geometry": {"type": "Point", "coordinates": [8.65896, 50.57199]}, "properties": {"pi2025": 10.2, "pi2018": 8.0, "change_pct": 0, "n2025": 63, "grid": "4226_3052"}}, {"type": "Feature", "geometry": {"type": "Point", "coordinates": [8.6587, 50.58098]}, "properties": {"pi2025": 10.7, "pi2018": 8.0, "change_pct": 0, "n2025": 87, "grid": "4226_3053"}}, {"type": "Feature", "geometry": {"type": "Point", "coordinates": [8.5669, 53.54624]}, "properties": {"pi2025": 7.0, "pi2018": 5.7, "change_pct": 71.4, "n2025": 80, "grid": "4226_3383"}}, {"type": "Feature", "geometry": {"type": "Point", "coordinates": [8.5666, 53.55523]}, "properties": {"pi2025": 6.5, "pi2018": 4.8, "change_pct": 62.2, "n2025": 57, "grid": "4226_3384"}}, {"type": "Feature", "geometry": {"type": "Point", "coordinates": [8.68857, 50.01483]}, "properties": {"pi2025": 10.7, "pi2018": 8.8, "change_pct": 51.0, "n2025": 59, "grid": "4227_2990"}}, {"type": "Feature", "geometry": {"type": "Point", "coordinates": [8.68783, 50.0418]}, "properties": {"pi2025": 12.8, "pi2018": 9.3, "change_pct": 67.2, "n2025": 90, "grid": "4227_2993"}}, {"type": "Feature", "geometry": {"type": "Point", "coordinates": [8.68758, 50.05079]}, "properties": {"pi2025": 12.0, "pi2018": 9.1, "change_pct": 64.4, "n2025": 69, "grid": "4227_2994"}}, {"type": "Feature", "geometry": {"type": "Point", "coordinates": [8.68659, 50.08675]}, "properties": {"pi2025": 14.9, "pi2018": 11.2, "change_pct": 43.3, "n2025": 106, "grid": "4227_2998"}}, {"type": "Feature", "geometry": {"type": "Point", "coordinates": [8.68635, 50.09574]}, "properties": {"pi2025": 15.2, "pi2018": 12.6, "change_pct": 63.9, "n2025": 282, "grid": "4227_2999"}}, {"type": "Feature", "geometry": {"type": "Point", "coordinates": [8.6861, 50.10473]}, "properties": {"pi2025": 17.1, "pi2018": 12.9, "change_pct": 87.1, "n2025": 294, "grid": "4227_3000"}}, {"type": "Feature", "geometry": {"type": "Point", "coordinates": [8.68585, 50.11372]}, "properties": {"pi2025": 15.2, "pi2018": 13.2, "change_pct": 60.4, "n2025": 526, "grid": "4227_3001"}}, {"type": "Feature", "geometry": {"type": "Point", "coordinates": [8.6856, 50.12271]}, "properties": {"pi2025": 15.0, "pi2018": 13.0, "change_pct": 59.3, "n2025": 568, "grid": "4227_3002"}}, {"type": "Feature", "geometry": {"type": "Point", "coordinates": [8.68536, 50.1317]}, "properties": {"pi2025": 13.4, "pi2018": 10.9, "change_pct": 0, "n2025": 50, "grid": "4227_3003"}}, {"type": "Feature", "geometry": {"type": "Point", "coordinates": [8.68486, 50.14968]}, "properties": {"pi2025": 12.6, "pi2018": 9.7, "change_pct": 63.5, "n2025": 50, "grid": "4227_3005"}}, {"type": "Feature", "geometry": {"type": "Point", "coordinates": [8.67307, 50.57215]}, "properties": {"pi2025": 10.1, "pi2018": 8.4, "change_pct": 0, "n2025": 98, "grid": "4227_3052"}}, {"type": "Feature", "geometry": {"type": "Point", "coordinates": [8.67282, 50.58114]}, "properties": {"pi2025": 10.0, "pi2018": 8.3, "change_pct": 66.1, "n2025": 113, "grid": "4227_3053"}}, {"type": "Feature", "geometry": {"type": "Point", "coordinates": [8.67257, 50.59013]}, "properties": {"pi2025": 9.0, "pi2018": 8.4, "change_pct": 0, "n2025": 68, "grid": "4227_3054"}}, {"type": "Feature", "geometry": {"type": "Point", "coordinates": [8.58258, 53.52845]}, "properties": {"pi2025": 6.9, "pi2018": 5.1, "change_pct": 71.1, "n2025": 120, "grid": "4227_3381"}}, {"type": "Feature", "geometry": {"type": "Point", "coordinates": [8.58228, 53.53743]}, "properties": {"pi2025": 7.7, "pi2018": 5.4, "change_pct": 92.8, "n2025": 55, "grid": "4227_3382"}}, {"type": "Feature", "geometry": {"type": "Point", "coordinates": [8.58168, 53.5554]}, "properties": {"pi2025": 6.9, "pi2018": 4.8, "change_pct": 77.2, "n2025": 56, "grid": "4227_3384"}}, {"type": "Feature", "geometry": {"type": "Point", "coordinates": [8.70007, 50.10489]}, "properties": {"pi2025": 17.3, "pi2018": 11.8, "change_pct": 78.9, "n2025": 307, "grid": "4228_3000"}}, {"type": "Feature", "geometry": {"type": "Point", "coordinates": [8.69983, 50.11388]}, "properties": {"pi2025": 15.3, "pi2018": 12.1, "change_pct": 74.4, "n2025": 367, "grid": "4228_3001"}}, {"type": "Feature", "geometry": {"type": "Point", "coordinates": [8.69958, 50.12287]}, "properties": {"pi2025": 14.1, "pi2018": 13.1, "change_pct": 51.1, "n2025": 564, "grid": "4228_3002"}}, {"type": "Feature", "geometry": {"type": "Point", "coordinates": [8.68694, 50.5813]}, "properties": {"pi2025": 9.5, "pi2018": 7.4, "change_pct": 0, "n2025": 76, "grid": "4228_3053"}}, {"type": "Feature", "geometry": {"type": "Point", "coordinates": [8.60934, 53.16926]}, "properties": {"pi2025": 8.0, "pi2018": 6.2, "change_pct": 63.1, "n2025": 57, "grid": "4228_3341"}}, {"type": "Feature", "geometry": {"type": "Point", "coordinates": [8.71429, 50.09606]}, "properties": {"pi2025": 14.5, "pi2018": 11.1, "change_pct": 85.2, "n2025": 82, "grid": "4229_2999"}}, {"type": "Feature", "geometry": {"type": "Point", "coordinates": [8.72826, 50.09621]}, "properties": {"pi2025": 13.7, "pi2018": 10.4, "change_pct": 74.0, "n2025": 91, "grid": "4230_2999"}}, {"type": "Feature", "geometry": {"type": "Point", "coordinates": [8.74247, 50.08738]}, "properties": {"pi2025": 10.3, "pi2018": 8.9, "change_pct": 52.3, "n2025": 61, "grid": "4231_2998"}}, {"type": "Feature", "geometry": {"type": "Point", "coordinates": [8.74224, 50.09637]}, "properties": {"pi2025": 11.8, "pi2018": 9.1, "change_pct": 72.9, "n2025": 149, "grid": "4231_2999"}}, {"type": "Feature", "geometry": {"type": "Point", "coordinates": [8.742, 50.10536]}, "properties": {"pi2025": 12.0, "pi2018": 9.1, "change_pct": 89.0, "n2025": 192, "grid": "4231_3000"}}, {"type": "Feature", "geometry": {"type": "Point", "coordinates": [8.73532, 50.35706]}, "properties": {"pi2025": 11.3, "pi2018": 8.2, "change_pct": 77.1, "n2025": 68, "grid": "4231_3028"}}, {"type": "Feature", "geometry": {"type": "Point", "coordinates": [8.75644, 50.08753]}, "properties": {"pi2025": 11.2, "pi2018": 8.7, "change_pct": 74.6, "n2025": 68, "grid": "4232_2998"}}, {"type": "Feature", "geometry": {"type": "Point", "coordinates": [8.75621, 50.09652]}, "properties": {"pi2025": 11.6, "pi2018": 8.5, "change_pct": 83.0, "n2025": 247, "grid": "4232_2999"}}, {"type": "Feature", "geometry": {"type": "Point", "coordinates": [8.75598, 50.10551]}, "properties": {"pi2025": 14.7, "pi2018": 9.5, "change_pct": 124.5, "n2025": 84, "grid": "4232_3000"}}, {"type": "Feature", "geometry": {"type": "Point", "coordinates": [8.75008, 50.33025]}, "properties": {"pi2025": 11.7, "pi2018": 7.9, "change_pct": 93.8, "n2025": 79, "grid": "4232_3025"}}, {"type": "Feature", "geometry": {"type": "Point", "coordinates": [8.77226, 50.01577]}, "properties": {"pi2025": 10.9, "pi2018": 8.4, "change_pct": 71.1, "n2025": 72, "grid": "4233_2990"}}, {"type": "Feature", "geometry": {"type": "Point", "coordinates": [8.77041, 50.08768]}, "properties": {"pi2025": 10.9, "pi2018": 0, "change_pct": 69.2, "n2025": 51, "grid": "4233_2998"}}, {"type": "Feature", "geometry": {"type": "Point", "coordinates": [8.77018, 50.09667]}, "properties": {"pi2025": 10.6, "pi2018": 8.9, "change_pct": 62.5, "n2025": 168, "grid": "4233_2999"}}, {"type": "Feature", "geometry": {"type": "Point", "coordinates": [8.76972, 50.11465]}, "properties": {"pi2025": 10.7, "pi2018": 9.3, "change_pct": 57.5, "n2025": 50, "grid": "4233_3001"}}, {"type": "Feature", "geometry": {"type": "Point", "coordinates": [8.76573, 50.80695]}, "properties": {"pi2025": 13.7, "pi2018": 9.0, "change_pct": 100.0, "n2025": 95, "grid": "4234_3078"}}, {"type": "Feature", "geometry": {"type": "Point", "coordinates": [8.76549, 50.81593]}, "properties": {"pi2025": 9.7, "pi2018": 8.3, "change_pct": 0, "n2025": 54, "grid": "4234_3079"}}, {"type": "Feature", "geometry": {"type": "Point", "coordinates": [8.74138, 51.70565]}, "properties": {"pi2025": 9.1, "pi2018": 6.6, "change_pct": 89.6, "n2025": 51, "grid": "4234_3178"}}, {"type": "Feature", "geometry": {"type": "Point", "coordinates": [8.74113, 51.71464]}, "properties": {"pi2025": 8.5, "pi2018": 7.2, "change_pct": 54.3, "n2025": 77, "grid": "4234_3179"}}, {"type": "Feature", "geometry": {"type": "Point", "coordinates": [8.79835, 50.08798]}, "properties": {"pi2025": 11.1, "pi2018": 0, "change_pct": 70.6, "n2025": 83, "grid": "4235_2998"}}, {"type": "Feature", "geometry": {"type": "Point", "coordinates": [8.797, 50.14192]}, "properties": {"pi2025": 10.5, "pi2018": 7.9, "change_pct": 63.7, "n2025": 65, "grid": "4235_3004"}}, {"type": "Feature", "geometry": {"type": "Point", "coordinates": [8.7556, 51.71479]}, "properties": {"pi2025": 7.7, "pi2018": 7.0, "change_pct": 51.6, "n2025": 69, "grid": "4235_3179"}}, {"type": "Feature", "geometry": {"type": "Point", "coordinates": [8.74538, 52.08322]}, "properties": {"pi2025": 8.5, "pi2018": 5.9, "change_pct": 71.0, "n2025": 81, "grid": "4235_3220"}}, {"type": "Feature", "geometry": {"type": "Point", "coordinates": [8.82519, 50.13322]}, "properties": {"pi2025": 9.6, "pi2018": 8.0, "change_pct": 60.7, "n2025": 57, "grid": "4237_3003"}}, {"type": "Feature", "geometry": {"type": "Point", "coordinates": [8.74598, 53.09885]}, "properties": {"pi2025": 10.0, "pi2018": 8.1, "change_pct": 0, "n2025": 63, "grid": "4237_3333"}}, {"type": "Feature", "geometry": {"type": "Point", "coordinates": [8.8407, 50.07044]}, "properties": {"pi2025": 11.2, "pi2018": 7.9, "change_pct": 69.7, "n2025": 52, "grid": "4238_2996"}}, {"type": "Feature", "geometry": {"type": "Point", "coordinates": [8.76116, 53.09002]}, "properties": {"pi2025": 11.0, "pi2018": 0, "change_pct": 0, "n2025": 64, "grid": "4238_3332"}}, {"type": "Feature", "geometry": {"type": "Point", "coordinates": [8.85639, 49.99866]}, "properties": {"pi2025": 10.3, "pi2018": 0, "change_pct": 73.1, "n2025": 52, "grid": "4239_2988"}}, {"type": "Feature", "geometry": {"type": "Point", "coordinates": [8.77608, 53.09017]}, "properties": {"pi2025": 8.8, "pi2018": 7.2, "change_pct": 66.8, "n2025": 51, "grid": "4239_3332"}}, {"type": "Feature", "geometry": {"type": "Point", "coordinates": [8.89748, 48.81184]}, "properties": {"pi2025": 16.4, "pi2018": 0, "change_pct": 0, "n2025": 51, "grid": "4240_2856"}}, {"type": "Feature", "geometry": {"type": "Point", "coordinates": [8.79201, 53.05439]}, "properties": {"pi2025": 13.1, "pi2018": 7.7, "change_pct": 141.1, "n2025": 82, "grid": "4240_3328"}}, {"type": "Feature", "geometry": {"type": "Point", "coordinates": [8.79176, 53.06337]}, "properties": {"pi2025": 10.4, "pi2018": 8.1, "change_pct": 83.3, "n2025": 97, "grid": "4240_3329"}}, {"type": "Feature", "geometry": {"type": "Point", "coordinates": [8.79151, 53.07236]}, "properties": {"pi2025": 11.6, "pi2018": 8.5, "change_pct": 94.3, "n2025": 118, "grid": "4240_3330"}}, {"type": "Feature", "geometry": {"type": "Point", "coordinates": [8.79101, 53.09033]}, "properties": {"pi2025": 10.0, "pi2018": 7.4, "change_pct": 91.0, "n2025": 62, "grid": "4240_3332"}}, {"type": "Feature", "geometry": {"type": "Point", "coordinates": [8.80642, 53.0725]}, "properties": {"pi2025": 10.9, "pi2018": 8.9, "change_pct": 74.9, "n2025": 122, "grid": "4241_3330"}}, {"type": "Feature", "geometry": {"type": "Point", "coordinates": [8.80593, 53.09047]}, "properties": {"pi2025": 9.6, "pi2018": 8.1, "change_pct": 69.4, "n2025": 57, "grid": "4241_3332"}}, {"type": "Feature", "geometry": {"type": "Point", "coordinates": [8.89511, 50.13392]}, "properties": {"pi2025": 9.1, "pi2018": 7.8, "change_pct": 50.1, "n2025": 62, "grid": "4242_3003"}}, {"type": "Feature", "geometry": {"type": "Point", "coordinates": [8.82134, 53.07265]}, "properties": {"pi2025": 10.5, "pi2018": 8.5, "change_pct": 71.4, "n2025": 131, "grid": "4242_3330"}}, {"type": "Feature", "geometry": {"type": "Point", "coordinates": [8.8211, 53.08164]}, "properties": {"pi2025": 10.0, "pi2018": 8.7, "change_pct": 56.1, "n2025": 64, "grid": "4242_3331"}}, {"type": "Feature", "geometry": {"type": "Point", "coordinates": [8.9093, 50.12507]}, "properties": {"pi2025": 10.4, "pi2018": 7.9, "change_pct": 81.0, "n2025": 102, "grid": "4243_3002"}}, {"type": "Feature", "geometry": {"type": "Point", "coordinates": [8.90909, 50.13406]}, "properties": {"pi2025": 9.8, "pi2018": 7.7, "change_pct": 67.9, "n2025": 93, "grid": "4243_3003"}}, {"type": "Feature", "geometry": {"type": "Point", "coordinates": [8.86594, 51.93164]}, "properties": {"pi2025": 8.1, "pi2018": 5.7, "change_pct": 60.9, "n2025": 75, "grid": "4243_3203"}}, {"type": "Feature", "geometry": {"type": "Point", "coordinates": [8.8365, 53.06381]}, "properties": {"pi2025": 12.2, "pi2018": 8.0, "change_pct": 101.3, "n2025": 55, "grid": "4243_3329"}}, {"type": "Feature", "geometry": {"type": "Point", "coordinates": [8.83602, 53.08178]}, "properties": {"pi2025": 10.9, "pi2018": 8.3, "change_pct": 72.9, "n2025": 55, "grid": "4243_3331"}}, {"type": "Feature", "geometry": {"type": "Point", "coordinates": [8.83578, 53.09077]}, "properties": {"pi2025": 12.0, "pi2018": 8.4, "change_pct": 100.8, "n2025": 56, "grid": "4243_3332"}}, {"type": "Feature", "geometry": {"type": "Point", "coordinates": [8.92328, 50.1252]}, "properties": {"pi2025": 10.5, "pi2018": 8.1, "change_pct": 74.4, "n2025": 64, "grid": "4244_3002"}}, {"type": "Feature", "geometry": {"type": "Point", "coordinates": [8.92308, 50.13419]}, "properties": {"pi2025": 9.6, "pi2018": 0, "change_pct": 70.7, "n2025": 62, "grid": "4244_3003"}}, {"type": "Feature", "geometry": {"type": "Point", "coordinates": [8.85141, 53.06395]}, "properties": {"pi2025": 9.5, "pi2018": 7.8, "change_pct": 86.1, "n2025": 50, "grid": "4244_3329"}}, {"type": "Feature", "geometry": {"type": "Point", "coordinates": [8.85094, 53.08192]}, "properties": {"pi2025": 10.3, "pi2018": 8.2, "change_pct": 78.5, "n2025": 60, "grid": "4244_3331"}}, {"type": "Feature", "geometry": {"type": "Point", "coordinates": [8.96758, 48.71355]}, "properties": {"pi2025": 16.3, "pi2018": 0, "change_pct": 0, "n2025": 76, "grid": "4245_2845"}}, {"type": "Feature", "geometry": {"type": "Point", "coordinates": [8.88633, 52.28237]}, "properties": {"pi2025": 8.8, "pi2018": 5.9, "change_pct": 91.3, "n2025": 70, "grid": "4245_3242"}}, {"type": "Feature", "geometry": {"type": "Point", "coordinates": [8.8861, 52.29135]}, "properties": {"pi2025": 7.5, "pi2018": 5.3, "change_pct": 78.7, "n2025": 57, "grid": "4245_3243"}}, {"type": "Feature", "geometry": {"type": "Point", "coordinates": [8.88588, 52.30034]}, "properties": {"pi2025": 9.7, "pi2018": 6.4, "change_pct": 137.1, "n2025": 105, "grid": "4245_3244"}}, {"type": "Feature", "geometry": {"type": "Point", "coordinates": [8.95144, 50.11647]}, "properties": {"pi2025": 10.9, "pi2018": 8.2, "change_pct": 0, "n2025": 97, "grid": "4246_3001"}}, {"type": "Feature", "geometry": {"type": "Point", "coordinates": [8.90098, 52.2825]}, "properties": {"pi2025": 9.6, "pi2018": 5.7, "change_pct": 101.5, "n2025": 163, "grid": "4246_3242"}}, {"type": "Feature", "geometry": {"type": "Point", "coordinates": [8.90076, 52.29149]}, "properties": {"pi2025": 8.4, "pi2018": 5.9, "change_pct": 83.4, "n2025": 71, "grid": "4246_3243"}}, {"type": "Feature", "geometry": {"type": "Point", "coordinates": [8.99565, 48.66883]}, "properties": {"pi2025": 16.6, "pi2018": 0, "change_pct": 133.6, "n2025": 106, "grid": "4247_2840"}}, {"type": "Feature", "geometry": {"type": "Point", "coordinates": [8.99547, 48.67782]}, "properties": {"pi2025": 13.4, "pi2018": 0, "change_pct": 86.4, "n2025": 101, "grid": "4247_2841"}}, {"type": "Feature", "geometry": {"type": "Point", "coordinates": [8.99529, 48.68682]}, "properties": {"pi2025": 13.3, "pi2018": 0, "change_pct": 0, "n2025": 73, "grid": "4247_2842"}}, {"type": "Feature", "geometry": {"type": "Point", "coordinates": [8.99493, 48.70481]}, "properties": {"pi2025": 14.9, "pi2018": 14.7, "change_pct": 102.8, "n2025": 207, "grid": "4247_2844"}}, {"type": "Feature", "geometry": {"type": "Point", "coordinates": [8.99329, 48.78576]}, "properties": {"pi2025": 11.1, "pi2018": 0, "change_pct": 56.6, "n2025": 53, "grid": "4247_2853"}}, {"type": "Feature", "geometry": {"type": "Point", "coordinates": [9.01822, 48.21017]}, "properties": {"pi2025": 8.2, "pi2018": 6.1, "change_pct": 0, "n2025": 124, "grid": "4248_2789"}}, {"type": "Feature", "geometry": {"type": "Point", "coordinates": [9.00904, 48.67794]}, "properties": {"pi2025": 13.3, "pi2018": 11.9, "change_pct": 86.4, "n2025": 107, "grid": "4248_2841"}}, {"type": "Feature", "geometry": {"type": "Point", "coordinates": [9.00886, 48.68694]}, "properties": {"pi2025": 13.4, "pi2018": 11.1, "change_pct": 83.9, "n2025": 79, "grid": "4248_2842"}}, {"type": "Feature", "geometry": {"type": "Point", "coordinates": [9.00869, 48.69593]}, "properties": {"pi2025": 14.3, "pi2018": 0, "change_pct": 105.8, "n2025": 60, "grid": "4248_2843"}}, {"type": "Feature", "geometry": {"type": "Point", "coordinates": [9.00689, 48.78588]}, "properties": {"pi2025": 13.0, "pi2018": 18.3, "change_pct": 83.0, "n2025": 103, "grid": "4248_2853"}}, {"type": "Feature", "geometry": {"type": "Point", "coordinates": [9.00672, 48.79487]}, "properties": {"pi2025": 13.3, "pi2018": 17.6, "change_pct": 95.2, "n2025": 160, "grid": "4248_2854"}}, {"type": "Feature", "geometry": {"type": "Point", "coordinates": [9.00636, 48.81286]}, "properties": {"pi2025": 13.3, "pi2018": 0, "change_pct": 96.8, "n2025": 59, "grid": "4248_2856"}}, {"type": "Feature", "geometry": {"type": "Point", "coordinates": [9.0205, 48.786]}, "properties": {"pi2025": 12.7, "pi2018": 0, "change_pct": 76.3, "n2025": 53, "grid": "4249_2853"}}, {"type": "Feature", "geometry": {"type": "Point", "coordinates": [9.0393, 48.51627]}, "properties": {"pi2025": 12.5, "pi2018": 9.2, "change_pct": 56.1, "n2025": 70, "grid": "4250_2823"}}, {"type": "Feature", "geometry": {"type": "Point", "coordinates": [9.03896, 48.53426]}, "properties": {"pi2025": 20.5, "pi2018": 0, "change_pct": 169.0, "n2025": 95, "grid": "4250_2825"}}, {"type": "Feature", "geometry": {"type": "Point", "coordinates": [9.053, 48.50739]}, "properties": {"pi2025": 11.7, "pi2018": 0, "change_pct": 46.3, "n2025": 56, "grid": "4251_2822"}}, {"type": "Feature", "geometry": {"type": "Point", "coordinates": [9.05283, 48.51639]}, "properties": {"pi2025": 25.5, "pi2018": 0, "change_pct": 203.3, "n2025": 140, "grid": "4251_2823"}}, {"type": "Feature", "geometry": {"type": "Point", "coordinates": [9.06114, 48.79535]}, "properties": {"pi2025": 14.0, "pi2018": 10.5, "change_pct": 92.7, "n2025": 77, "grid": "4252_2854"}}, {"type": "Feature", "geometry": {"type": "Point", "coordinates": [9.06063, 48.82233]}, "properties": {"pi2025": 12.4, "pi2018": 12.3, "change_pct": 81.7, "n2025": 73, "grid": "4252_2857"}}, {"type": "Feature", "geometry": {"type": "Point", "coordinates": [9.0734, 48.86741]}, "properties": {"pi2025": 12.9, "pi2018": 0, "change_pct": 94.9, "n2025": 65, "grid": "4253_2862"}}, {"type": "Feature", "geometry": {"type": "Point", "coordinates": [9.08966, 48.72361]}, "properties": {"pi2025": 12.8, "pi2018": 15.4, "change_pct": 65.1, "n2025": 90, "grid": "4254_2846"}}, {"type": "Feature", "geometry": {"type": "Point", "coordinates": [9.10341, 48.71473]}, "properties": {"pi2025": 15.9, "pi2018": 12.8, "change_pct": 113.0, "n2025": 67, "grid": "4255_2845"}}, {"type": "Feature", "geometry": {"type": "Point", "coordinates": [9.10325, 48.72372]}, "properties": {"pi2025": 19.3, "pi2018": 11.9, "change_pct": 136.3, "n2025": 300, "grid": "4255_2846"}}, {"type": "Feature", "geometry": {"type": "Point", "coordinates": [9.10309, 48.73272]}, "properties": {"pi2025": 16.3, "pi2018": 0, "change_pct": 89.7, "n2025": 74, "grid": "4255_2847"}}, {"type": "Feature", "geometry": {"type": "Point", "coordinates": [9.10163, 48.81367]}, "properties": {"pi2025": 17.4, "pi2018": 15.7, "change_pct": 146.1, "n2025": 112, "grid": "4255_2856"}}, {"type": "Feature", "geometry": {"type": "Point", "coordinates": [9.11652, 48.74182]}, "properties": {"pi2025": 14.1, "pi2018": 17.1, "change_pct": 79.8, "n2025": 53, "grid": "4256_2848"}}, {"type": "Feature", "geometry": {"type": "Point", "coordinates": [9.11508, 48.82277]}, "properties": {"pi2025": 11.8, "pi2018": 0, "change_pct": 64.7, "n2025": 64, "grid": "4256_2857"}}, {"type": "Feature", "geometry": {"type": "Point", "coordinates": [9.14815, 47.6803]}, "properties": {"pi2025": 12.5, "pi2018": 10.9, "change_pct": 73.8, "n2025": 59, "grid": "4257_2730"}}, {"type": "Feature", "geometry": {"type": "Point", "coordinates": [9.12964, 48.76891]}, "properties": {"pi2025": 15.8, "pi2018": 15.6, "change_pct": 94.8, "n2025": 96, "grid": "4257_2851"}}, {"type": "Feature", "geometry": {"type": "Point", "coordinates": [9.12948, 48.77791]}, "properties": {"pi2025": 16.5, "pi2018": 0, "change_pct": 115.0, "n2025": 59, "grid": "4257_2852"}}, {"type": "Feature", "geometry": {"type": "Point", "coordinates": [9.16161, 47.6714]}, "properties": {"pi2025": 12.6, "pi2018": 9.9, "change_pct": 74.6, "n2025": 65, "grid": "4258_2729"}}, {"type": "Feature", "geometry": {"type": "Point", "coordinates": [9.14401, 48.72405]}, "properties": {"pi2025": 21.0, "pi2018": 13.3, "change_pct": 158.0, "n2025": 212, "grid": "4258_2846"}}, {"type": "Feature", "geometry": {"type": "Point", "coordinates": [9.14354, 48.75103]}, "properties": {"pi2025": 18.1, "pi2018": 15.2, "change_pct": 133.9, "n2025": 126, "grid": "4258_2849"}}, {"type": "Feature", "geometry": {"type": "Point", "coordinates": [9.14339, 48.76002]}, "properties": {"pi2025": 16.0, "pi2018": 13.4, "change_pct": 90.9, "n2025": 178, "grid": "4258_2850"}}, {"type": "Feature", "geometry": {"type": "Point", "coordinates": [9.14323, 48.76902]}, "properties": {"pi2025": 15.4, "pi2018": 13.8, "change_pct": 96.1, "n2025": 528, "grid": "4258_2851"}}, {"type": "Feature", "geometry": {"type": "Point", "coordinates": [9.14308, 48.77801]}, "properties": {"pi2025": 18.5, "pi2018": 18.9, "change_pct": 117.3, "n2025": 207, "grid": "4258_2852"}}, {"type": "Feature", "geometry": {"type": "Point", "coordinates": [9.14261, 48.805]}, "properties": {"pi2025": 14.5, "pi2018": 16.5, "change_pct": 100.5, "n2025": 146, "grid": "4258_2855"}}, {"type": "Feature", "geometry": {"type": "Point", "coordinates": [9.14199, 48.84098]}, "properties": {"pi2025": 16.9, "pi2018": 0, "change_pct": 132.5, "n2025": 80, "grid": "4258_2859"}}, {"type": "Feature", "geometry": {"type": "Point", "coordinates": [9.14028, 48.93991]}, "properties": {"pi2025": 10.6, "pi2018": 0, "change_pct": 75.9, "n2025": 51, "grid": "4258_2870"}}, {"type": "Feature", "geometry": {"type": "Point", "coordinates": [9.15835, 48.67917]}, "properties": {"pi2025": 12.6, "pi2018": 10.3, "change_pct": 80.7, "n2025": 63, "grid": "4259_2841"}}, {"type": "Feature", "geometry": {"type": "Point", "coordinates": [9.1582, 48.68817]}, "properties": {"pi2025": 13.9, "pi2018": 10.6, "change_pct": 90.8, "n2025": 110, "grid": "4259_2842"}}, {"type": "Feature", "geometry": {"type": "Point", "coordinates": [9.15775, 48.71515]}, "properties": {"pi2025": 16.0, "pi2018": 0, "change_pct": 0, "n2025": 81, "grid": "4259_2845"}}, {"type": "Feature", "geometry": {"type": "Point", "coordinates": [9.15729, 48.74214]}, "properties": {"pi2025": 13.3, "pi2018": 11.9, "change_pct": 66.7, "n2025": 59, "grid": "4259_2848"}}, {"type": "Feature", "geometry": {"type": "Point", "coordinates": [9.15714, 48.75113]}, "properties": {"pi2025": 18.9, "pi2018": 17.7, "change_pct": 123.9, "n2025": 96, "grid": "4259_2849"}}, {"type": "Feature", "geometry": {"type": "Point", "coordinates": [9.15699, 48.76013]}, "properties": {"pi2025": 18.1, "pi2018": 14.7, "change_pct": 119.0, "n2025": 334, "grid": "4259_2850"}}, {"type": "Feature", "geometry": {"type": "Point", "coordinates": [9.15683, 48.76912]}, "properties": {"pi2025": 19.7, "pi2018": 15.7, "change_pct": 132.6, "n2025": 835, "grid": "4259_2851"}}, {"type": "Feature", "geometry": {"type": "Point", "coordinates": [9.15668, 48.77812]}, "properties": {"pi2025": 17.3, "pi2018": 16.1, "change_pct": 110.6, "n2025": 437, "grid": "4259_2852"}}, {"type": "Feature", "geometry": {"type": "Point", "coordinates": [9.15653, 48.78711]}, "properties": {"pi2025": 20.1, "pi2018": 19.1, "change_pct": 109.5, "n2025": 72, "grid": "4259_2853"}}, {"type": "Feature", "geometry": {"type": "Point", "coordinates": [9.15638, 48.79611]}, "properties": {"pi2025": 14.2, "pi2018": 19.9, "change_pct": 0, "n2025": 57, "grid": "4259_2854"}}, {"type": "Feature", "geometry": {"type": "Point", "coordinates": [9.15622, 48.8051]}, "properties": {"pi2025": 14.8, "pi2018": 13.5, "change_pct": 88.8, "n2025": 130, "grid": "4259_2855"}}, {"type": "Feature", "geometry": {"type": "Point", "coordinates": [9.15576, 48.83209]}, "properties": {"pi2025": 15.2, "pi2018": 0, "change_pct": 113.5, "n2025": 63, "grid": "4259_2858"}}, {"type": "Feature", "geometry": {"type": "Point", "coordinates": [9.13578, 49.97414]}, "properties": {"pi2025": 10.1, "pi2018": 7.9, "change_pct": 73.3, "n2025": 112, "grid": "4259_2985"}}, {"type": "Feature", "geometry": {"type": "Point", "coordinates": [9.13561, 49.98314]}, "properties": {"pi2025": 9.5, "pi2018": 7.1, "change_pct": 66.4, "n2025": 81, "grid": "4259_2986"}}, {"type": "Feature", "geometry": {"type": "Point", "coordinates": [9.17088, 48.74224]}, "properties": {"pi2025": 20.6, "pi2018": 19.0, "change_pct": 153.7, "n2025": 138, "grid": "4260_2848"}}, {"type": "Feature", "geometry": {"type": "Point", "coordinates": [9.17073, 48.75124]}, "properties": {"pi2025": 17.5, "pi2018": 16.0, "change_pct": 0, "n2025": 61, "grid": "4260_2849"}}, {"type": "Feature", "geometry": {"type": "Point", "coordinates": [9.17058, 48.76023]}, "properties": {"pi2025": 17.4, "pi2018": 14.8, "change_pct": 107.1, "n2025": 559, "grid": "4260_2850"}}, {"type": "Feature", "geometry": {"type": "Point", "coordinates": [9.17043, 48.76922]}, "properties": {"pi2025": 16.5, "pi2018": 19.8, "change_pct": 83.0, "n2025": 253, "grid": "4260_2851"}}, {"type": "Feature", "geometry": {"type": "Point", "coordinates": [9.17028, 48.77822]}, "properties": {"pi2025": 13.9, "pi2018": 0, "change_pct": 0, "n2025": 83, "grid": "4260_2852"}}, {"type": "Feature", "geometry": {"type": "Point", "coordinates": [9.17013, 48.78721]}, "properties": {"pi2025": 20.8, "pi2018": 16.3, "change_pct": 166.7, "n2025": 276, "grid": "4260_2853"}}, {"type": "Feature", "geometry": {"type": "Point", "coordinates": [9.16983, 48.8052]}, "properties": {"pi2025": 14.7, "pi2018": 12.3, "change_pct": 79.2, "n2025": 99, "grid": "4260_2855"}}, {"type": "Feature", "geometry": {"type": "Point", "coordinates": [9.16953, 48.82319]}, "properties": {"pi2025": 15.6, "pi2018": 12.8, "change_pct": 115.2, "n2025": 115, "grid": "4260_2857"}}, {"type": "Feature", "geometry": {"type": "Point", "coordinates": [9.16938, 48.83219]}, "properties": {"pi2025": 16.8, "pi2018": 18.5, "change_pct": 134.3, "n2025": 137, "grid": "4260_2858"}}, {"type": "Feature", "geometry": {"type": "Point", "coordinates": [9.16908, 48.85018]}, "properties": {"pi2025": 12.2, "pi2018": 0, "change_pct": 0, "n2025": 53, "grid": "4260_2860"}}, {"type": "Feature", "geometry": {"type": "Point", "coordinates": [9.16848, 48.88615]}, "properties": {"pi2025": 13.2, "pi2018": 0, "change_pct": 95.4, "n2025": 60, "grid": "4260_2864"}}, {"type": "Feature", "geometry": {"type": "Point", "coordinates": [9.16818, 48.90414]}, "properties": {"pi2025": 12.7, "pi2018": 0, "change_pct": 93.9, "n2025": 59, "grid": "4260_2866"}}, {"type": "Feature", "geometry": {"type": "Point", "coordinates": [9.14987, 49.96526]}, "properties": {"pi2025": 10.3, "pi2018": 7.7, "change_pct": 81.8, "n2025": 152, "grid": "4260_2984"}}, {"type": "Feature", "geometry": {"type": "Point", "coordinates": [9.14971, 49.97425]}, "properties": {"pi2025": 10.3, "pi2018": 7.9, "change_pct": 75.2, "n2025": 71, "grid": "4260_2985"}}, {"type": "Feature", "geometry": {"type": "Point", "coordinates": [9.18871, 48.48148]}, "properties": {"pi2025": 13.0, "pi2018": 0, "change_pct": 105.7, "n2025": 51, "grid": "4261_2819"}}, {"type": "Feature", "geometry": {"type": "Point", "coordinates": [9.18842, 48.49947]}, "properties": {"pi2025": 10.5, "pi2018": 0, "change_pct": 0, "n2025": 53, "grid": "4261_2821"}}, {"type": "Feature", "geometry": {"type": "Point", "coordinates": [9.18594, 48.65239]}, "properties": {"pi2025": 12.4, "pi2018": 0, "change_pct": 76.0, "n2025": 68, "grid": "4261_2838"}}, {"type": "Feature", "geometry": {"type": "Point", "coordinates": [9.18403, 48.76933]}, "properties": {"pi2025": 16.0, "pi2018": 16.5, "change_pct": 93.4, "n2025": 207, "grid": "4261_2851"}}, {"type": "Feature", "geometry": {"type": "Point", "coordinates": [9.18388, 48.77832]}, "properties": {"pi2025": 18.4, "pi2018": 15.6, "change_pct": 134.9, "n2025": 226, "grid": "4261_2852"}}, {"type": "Feature", "geometry": {"type": "Point", "coordinates": [9.18373, 48.78731]}, "properties": {"pi2025": 16.2, "pi2018": 16.0, "change_pct": 111.0, "n2025": 170, "grid": "4261_2853"}}, {"type": "Feature", "geometry": {"type": "Point", "coordinates": [9.18359, 48.79631]}, "properties": {"pi2025": 11.8, "pi2018": 0, "change_pct": 58.8, "n2025": 53, "grid": "4261_2854"}}, {"type": "Feature", "geometry": {"type": "Point", "coordinates": [9.1827, 48.85028]}, "properties": {"pi2025": 11.4, "pi2018": 0, "change_pct": 71.6, "n2025": 80, "grid": "4261_2860"}}, {"type": "Feature", "geometry": {"type": "Point", "coordinates": [9.18255, 48.85927]}, "properties": {"pi2025": 11.7, "pi2018": 12.3, "change_pct": 67.5, "n2025": 87, "grid": "4261_2861"}}, {"type": "Feature", "geometry": {"type": "Point", "coordinates": [9.18211, 48.88625]}, "properties": {"pi2025": 13.8, "pi2018": 9.3, "change_pct": 95.0, "n2025": 127, "grid": "4261_2864"}}, {"type": "Feature", "geometry": {"type": "Point", "coordinates": [9.18196, 48.89525]}, "properties": {"pi2025": 13.9, "pi2018": 9.9, "change_pct": 94.6, "n2025": 203, "grid": "4261_2865"}}, {"type": "Feature", "geometry": {"type": "Point", "coordinates": [9.16381, 49.96536]}, "properties": {"pi2025": 12.1, "pi2018": 8.2, "change_pct": 0, "n2025": 50, "grid": "4261_2984"}}, {"type": "Feature", "geometry": {"type": "Point", "coordinates": [9.20223, 48.48157]}, "properties": {"pi2025": 10.5, "pi2018": 8.3, "change_pct": 68.8, "n2025": 59, "grid": "4262_2819"}}, {"type": "Feature", "geometry": {"type": "Point", "coordinates": [9.20209, 48.49057]}, "properties": {"pi2025": 11.3, "pi2018": 8.3, "change_pct": 75.3, "n2025": 80, "grid": "4262_2820"}}, {"type": "Feature", "geometry": {"type": "Point", "coordinates": [9.19864, 48.70646]}, "properties": {"pi2025": 13.4, "pi2018": 0, "change_pct": 0, "n2025": 67, "grid": "4262_2844"}}, {"type": "Feature", "geometry": {"type": "Point", "coordinates": [9.1985, 48.71545]}, "properties": {"pi2025": 14.3, "pi2018": 0, "change_pct": 80.7, "n2025": 55, "grid": "4262_2845"}}, {"type": "Feature", "geometry": {"type": "Point", "coordinates": [9.19763, 48.76942]}, "properties": {"pi2025": 14.2, "pi2018": 14.2, "change_pct": 80.3, "n2025": 163, "grid": "4262_2851"}}, {"type": "Feature", "geometry": {"type": "Point", "coordinates": [9.19748, 48.77842]}, "properties": {"pi2025": 17.2, "pi2018": 12.9, "change_pct": 137.0, "n2025": 355, "grid": "4262_2852"}}, {"type": "Feature", "geometry": {"type": "Point", "coordinates": [9.19734, 48.78741]}, "properties": {"pi2025": 15.3, "pi2018": 17.5, "change_pct": 106.5, "n2025": 153, "grid": "4262_2853"}}, {"type": "Feature", "geometry": {"type": "Point", "coordinates": [9.19705, 48.8054]}, "properties": {"pi2025": 13.2, "pi2018": 0, "change_pct": 81.2, "n2025": 69, "grid": "4262_2855"}}, {"type": "Feature", "geometry": {"type": "Point", "coordinates": [9.19574, 48.88635]}, "properties": {"pi2025": 13.1, "pi2018": 0, "change_pct": 89.0, "n2025": 68, "grid": "4262_2864"}}, {"type": "Feature", "geometry": {"type": "Point", "coordinates": [9.21575, 48.48167]}, "properties": {"pi2025": 11.3, "pi2018": 0, "change_pct": 0, "n2025": 56, "grid": "4263_2819"}}, {"type": "Feature", "geometry": {"type": "Point", "coordinates": [9.21561, 48.49067]}, "properties": {"pi2025": 10.5, "pi2018": 8.4, "change_pct": 0, "n2025": 50, "grid": "4263_2820"}}, {"type": "Feature", "geometry": {"type": "Point", "coordinates": [9.21307, 48.65259]}, "properties": {"pi2025": 12.9, "pi2018": 10.2, "change_pct": 89.6, "n2025": 67, "grid": "4263_2838"}}, {"type": "Feature", "geometry": {"type": "Point", "coordinates": [9.21279, 48.67058]}, "properties": {"pi2025": 16.2, "pi2018": 17.0, "change_pct": 132.8, "n2025": 133, "grid": "4263_2840"}}, {"type": "Feature", "geometry": {"type": "Point", "coordinates": [9.21236, 48.69756]}, "properties": {"pi2025": 17.3, "pi2018": 11.3, "change_pct": 127.8, "n2025": 163, "grid": "4263_2843"}}, {"type": "Feature", "geometry": {"type": "Point", "coordinates": [9.2118, 48.73354]}, "properties": {"pi2025": 13.2, "pi2018": 10.7, "change_pct": 65.1, "n2025": 53, "grid": "4263_2847"}}, {"type": "Feature", "geometry": {"type": "Point", "coordinates": [9.21108, 48.77852]}, "properties": {"pi2025": 13.5, "pi2018": 12.7, "change_pct": 83.6, "n2025": 114, "grid": "4263_2852"}}, {"type": "Feature", "geometry": {"type": "Point", "coordinates": [9.2108, 48.79651]}, "properties": {"pi2025": 13.5, "pi2018": 15.5, "change_pct": 86.8, "n2025": 107, "grid": "4263_2854"}}, {"type": "Feature", "geometry": {"type": "Point", "coordinates": [9.21066, 48.8055]}, "properties": {"pi2025": 15.8, "pi2018": 16.0, "change_pct": 119.2, "n2025": 125, "grid": "4263_2855"}}, {"type": "Feature", "geometry": {"type": "Point", "coordinates": [9.21051, 48.81449]}, "properties": {"pi2025": 14.6, "pi2018": 0, "change_pct": 118.8, "n2025": 55, "grid": "4263_2856"}}, {"type": "Feature", "geometry": {"type": "Point", "coordinates": [9.21037, 48.82349]}, "properties": {"pi2025": 21.0, "pi2018": 0, "change_pct": 0, "n2025": 62, "grid": "4263_2857"}}, {"type": "Feature", "geometry": {"type": "Point", "coordinates": [9.20923, 48.89545]}, "properties": {"pi2025": 12.5, "pi2018": 0, "change_pct": 91.3, "n2025": 79, "grid": "4263_2865"}}, {"type": "Feature", "geometry": {"type": "Point", "coordinates": [9.20547, 49.12929]}, "properties": {"pi2025": 11.7, "pi2018": 9.5, "change_pct": 108.3, "n2025": 92, "grid": "4263_2891"}}, {"type": "Feature", "geometry": {"type": "Point", "coordinates": [9.20533, 49.13828]}, "properties": {"pi2025": 10.6, "pi2018": 8.9, "change_pct": 90.6, "n2025": 130, "grid": "4263_2892"}}, {"type": "Feature", "geometry": {"type": "Point", "coordinates": [9.22566, 48.71565]}, "properties": {"pi2025": 13.4, "pi2018": 9.9, "change_pct": 93.3, "n2025": 85, "grid": "4264_2845"}}, {"type": "Feature", "geometry": {"type": "Point", "coordinates": [9.22511, 48.75163]}, "properties": {"pi2025": 15.4, "pi2018": 0, "change_pct": 113.0, "n2025": 72, "grid": "4264_2849"}}, {"type": "Feature", "geometry": {"type": "Point", "coordinates": [9.22441, 48.7966]}, "properties": {"pi2025": 13.9, "pi2018": 10.7, "change_pct": 96.1, "n2025": 141, "grid": "4264_2854"}}, {"type": "Feature", "geometry": {"type": "Point", "coordinates": [9.22426, 48.8056]}, "properties": {"pi2025": 12.9, "pi2018": 11.7, "change_pct": 80.9, "n2025": 68, "grid": "4264_2855"}}, {"type": "Feature", "geometry": {"type": "Point", "coordinates": [9.21917, 49.12938]}, "properties": {"pi2025": 10.7, "pi2018": 8.7, "change_pct": 86.8, "n2025": 155, "grid": "4264_2891"}}, {"type": "Feature", "geometry": {"type": "Point", "coordinates": [9.21903, 49.13838]}, "properties": {"pi2025": 12.1, "pi2018": 9.2, "change_pct": 107.3, "n2025": 202, "grid": "4264_2892"}}, {"type": "Feature", "geometry": {"type": "Point", "coordinates": [9.21889, 49.14737]}, "properties": {"pi2025": 12.2, "pi2018": 9.2, "change_pct": 114.8, "n2025": 79, "grid": "4264_2893"}}, {"type": "Feature", "geometry": {"type": "Point", "coordinates": [9.21831, 49.18334]}, "properties": {"pi2025": 10.9, "pi2018": 0, "change_pct": 99.0, "n2025": 92, "grid": "4264_2897"}}, {"type": "Feature", "geometry": {"type": "Point", "coordinates": [9.23842, 48.76971]}, "properties": {"pi2025": 16.1, "pi2018": 14.5, "change_pct": 140.1, "n2025": 85, "grid": "4265_2851"}}, {"type": "Feature", "geometry": {"type": "Point", "coordinates": [9.23787, 48.80569]}, "properties": {"pi2025": 12.6, "pi2018": 12.6, "change_pct": 71.0, "n2025": 57, "grid": "4265_2855"}}, {"type": "Feature", "geometry": {"type": "Point", "coordinates": [9.23774, 48.81468]}, "properties": {"pi2025": 13.5, "pi2018": 0, "change_pct": 69.6, "n2025": 53, "grid": "4265_2856"}}, {"type": "Feature", "geometry": {"type": "Point", "coordinates": [9.23273, 49.13847]}, "properties": {"pi2025": 10.9, "pi2018": 8.9, "change_pct": 92.9, "n2025": 55, "grid": "4265_2892"}}, {"type": "Feature", "geometry": {"type": "Point", "coordinates": [9.2527, 48.72483]}, "properties": {"pi2025": 17.1, "pi2018": 0, "change_pct": 144.5, "n2025": 51, "grid": "4266_2846"}}, {"type": "Feature", "geometry": {"type": "Point", "coordinates": [9.25189, 48.7788]}, "properties": {"pi2025": 14.0, "pi2018": 0, "change_pct": 81.3, "n2025": 72, "grid": "4266_2852"}}, {"type": "Feature", "geometry": {"type": "Point", "coordinates": [9.25108, 48.83277]}, "properties": {"pi2025": 14.9, "pi2018": 18.5, "change_pct": 104.2, "n2025": 78, "grid": "4266_2858"}}, {"type": "Feature", "geometry": {"type": "Point", "coordinates": [9.26602, 48.74291]}, "properties": {"pi2025": 12.7, "pi2018": 12.9, "change_pct": 0, "n2025": 55, "grid": "4267_2848"}}, {"type": "Feature", "geometry": {"type": "Point", "coordinates": [9.26575, 48.7609]}, "properties": {"pi2025": 14.9, "pi2018": 12.1, "change_pct": 99.1, "n2025": 60, "grid": "4267_2850"}}, {"type": "Feature", "geometry": {"type": "Point", "coordinates": [9.26509, 48.80587]}, "properties": {"pi2025": 13.4, "pi2018": 10.5, "change_pct": 97.4, "n2025": 84, "grid": "4267_2855"}}, {"type": "Feature", "geometry": {"type": "Point", "coordinates": [9.26496, 48.81487]}, "properties": {"pi2025": 12.3, "pi2018": 10.8, "change_pct": 0, "n2025": 59, "grid": "4267_2856"}}, {"type": "Feature", "geometry": {"type": "Point", "coordinates": [9.20238, 52.63541]}, "properties": {"pi2025": 7.6, "pi2018": 0, "change_pct": 45.0, "n2025": 68, "grid": "4267_3281"}}, {"type": "Feature", "geometry": {"type": "Point", "coordinates": [9.29371, 48.7071]}, "properties": {"pi2025": 11.3, "pi2018": 0, "change_pct": 0, "n2025": 66, "grid": "4269_2844"}}, {"type": "Feature", "geometry": {"type": "Point", "coordinates": [9.29333, 48.73409]}, "properties": {"pi2025": 12.2, "pi2018": 11.4, "change_pct": 79.3, "n2025": 95, "grid": "4269_2847"}}, {"type": "Feature", "geometry": {"type": "Point", "coordinates": [9.2932, 48.74308]}, "properties": {"pi2025": 14.9, "pi2018": 0, "change_pct": 0, "n2025": 59, "grid": "4269_2848"}}, {"type": "Feature", "geometry": {"type": "Point", "coordinates": [9.30692, 48.73417]}, "properties": {"pi2025": 10.8, "pi2018": 9.2, "change_pct": 53.1, "n2025": 187, "grid": "4270_2847"}}, {"type": "Feature", "geometry": {"type": "Point", "coordinates": [9.30679, 48.74317]}, "properties": {"pi2025": 13.3, "pi2018": 9.4, "change_pct": 97.5, "n2025": 63, "grid": "4270_2848"}}, {"type": "Feature", "geometry": {"type": "Point", "coordinates": [9.30567, 48.82412]}, "properties": {"pi2025": 12.2, "pi2018": 0, "change_pct": 88.2, "n2025": 51, "grid": "4270_2857"}}, {"type": "Feature", "geometry": {"type": "Point", "coordinates": [9.32198, 48.62631]}, "properties": {"pi2025": 10.4, "pi2018": 0, "change_pct": 0, "n2025": 51, "grid": "4271_2835"}}, {"type": "Feature", "geometry": {"type": "Point", "coordinates": [9.32051, 48.73426]}, "properties": {"pi2025": 10.9, "pi2018": 0, "change_pct": 0, "n2025": 63, "grid": "4271_2847"}}, {"type": "Feature", "geometry": {"type": "Point", "coordinates": [9.33277, 48.83328]}, "properties": {"pi2025": 11.0, "pi2018": 0, "change_pct": 0, "n2025": 55, "grid": "4272_2858"}}, {"type": "Feature", "geometry": {"type": "Point", "coordinates": [9.38768, 48.79762]}, "properties": {"pi2025": 10.4, "pi2018": 0, "change_pct": 63.7, "n2025": 59, "grid": "4276_2854"}}, {"type": "Feature", "geometry": {"type": "Point", "coordinates": [9.41616, 48.68982]}, "properties": {"pi2025": 10.3, "pi2018": 0, "change_pct": 0, "n2025": 58, "grid": "4278_2842"}}, {"type": "Feature", "geometry": {"type": "Point", "coordinates": [9.44382, 48.64498]}, "properties": {"pi2025": 10.8, "pi2018": 8.4, "change_pct": 70.4, "n2025": 57, "grid": "4280_2837"}}, {"type": "Feature", "geometry": {"type": "Point", "coordinates": [9.46795, 47.64632]}, "properties": {"pi2025": 14.2, "pi2018": 8.2, "change_pct": 117.2, "n2025": 72, "grid": "4281_2726"}}, {"type": "Feature", "geometry": {"type": "Point", "coordinates": [9.45507, 51.30666]}, "properties": {"pi2025": 8.9, "pi2018": 7.2, "change_pct": 77.2, "n2025": 53, "grid": "4283_3133"}}, {"type": "Feature", "geometry": {"type": "Point", "coordinates": [9.46941, 51.30672]}, "properties": {"pi2025": 8.6, "pi2018": 7.4, "change_pct": 76.7, "n2025": 69, "grid": "4284_3133"}}, {"type": "Feature", "geometry": {"type": "Point", "coordinates": [9.4693, 51.31571]}, "properties": {"pi2025": 8.5, "pi2018": 7.0, "change_pct": 84.8, "n2025": 64, "grid": "4284_3134"}}, {"type": "Feature", "geometry": {"type": "Point", "coordinates": [9.42522, 54.77546]}, "properties": {"pi2025": 7.7, "pi2018": 7.0, "change_pct": 69.4, "n2025": 51, "grid": "4284_3519"}}, {"type": "Feature", "geometry": {"type": "Point", "coordinates": [9.42509, 54.78445]}, "properties": {"pi2025": 8.7, "pi2018": 6.5, "change_pct": 85.0, "n2025": 117, "grid": "4284_3520"}}, {"type": "Feature", "geometry": {"type": "Point", "coordinates": [9.48375, 51.30679]}, "properties": {"pi2025": 8.8, "pi2018": 7.3, "change_pct": 87.4, "n2025": 63, "grid": "4285_3133"}}, {"type": "Feature", "geometry": {"type": "Point", "coordinates": [9.44075, 54.77553]}, "properties": {"pi2025": 9.4, "pi2018": 6.5, "change_pct": 106.2, "n2025": 51, "grid": "4285_3519"}}, {"type": "Feature", "geometry": {"type": "Point", "coordinates": [9.44063, 54.78452]}, "properties": {"pi2025": 7.8, "pi2018": 6.1, "change_pct": 67.3, "n2025": 66, "grid": "4285_3520"}}, {"type": "Feature", "geometry": {"type": "Point", "coordinates": [9.52375, 48.79828]}, "properties": {"pi2025": 10.3, "pi2018": 0, "change_pct": 57.4, "n2025": 84, "grid": "4286_2854"}}, {"type": "Feature", "geometry": {"type": "Point", "coordinates": [9.49799, 51.31584]}, "properties": {"pi2025": 8.9, "pi2018": 7.3, "change_pct": 112.4, "n2025": 64, "grid": "4286_3134"}}, {"type": "Feature", "geometry": {"type": "Point", "coordinates": [9.51301, 53.92214]}, "properties": {"pi2025": 7.7, "pi2018": 6.1, "change_pct": 63.1, "n2025": 62, "grid": "4289_3424"}}, {"type": "Feature", "geometry": {"type": "Point", "coordinates": [9.59998, 47.77288]}, "properties": {"pi2025": 11.2, "pi2018": 8.3, "change_pct": 0, "n2025": 60, "grid": "4291_2740"}}, {"type": "Feature", "geometry": {"type": "Point", "coordinates": [9.60304, 52.43072]}, "properties": {"pi2025": 8.3, "pi2018": 6.4, "change_pct": 58.3, "n2025": 51, "grid": "4294_3258"}}, {"type": "Feature", "geometry": {"type": "Point", "coordinates": [9.64691, 48.69979]}, "properties": {"pi2025": 10.0, "pi2018": 7.7, "change_pct": 72.9, "n2025": 118, "grid": "4295_2843"}}, {"type": "Feature", "geometry": {"type": "Point", "coordinates": [9.64736, 52.4039]}, "properties": {"pi2025": 8.9, "pi2018": 7.2, "change_pct": 72.8, "n2025": 84, "grid": "4297_3255"}}, {"type": "Feature", "geometry": {"type": "Point", "coordinates": [9.63622, 53.75183]}, "properties": {"pi2025": 9.1, "pi2018": 7.0, "change_pct": 65.7, "n2025": 84, "grid": "4297_3405"}}, {"type": "Feature", "geometry": {"type": "Point", "coordinates": [9.67554, 50.54339]}, "properties": {"pi2025": 8.5, "pi2018": 7.4, "change_pct": 79.8, "n2025": 73, "grid": "4298_3048"}}, {"type": "Feature", "geometry": {"type": "Point", "coordinates": [9.66247, 52.35002]}, "properties": {"pi2025": 8.3, "pi2018": 6.8, "change_pct": 60.8, "n2025": 54, "grid": "4298_3249"}}, {"type": "Feature", "geometry": {"type": "Point", "coordinates": [9.66226, 52.37698]}, "properties": {"pi2025": 9.5, "pi2018": 6.9, "change_pct": 93.6, "n2025": 54, "grid": "4298_3252"}}, {"type": "Feature", "geometry": {"type": "Point", "coordinates": [9.65138, 53.75188]}, "properties": {"pi2025": 9.4, "pi2018": 6.8, "change_pct": 68.2, "n2025": 54, "grid": "4298_3405"}}, {"type": "Feature", "geometry": {"type": "Point", "coordinates": [9.67695, 52.37702]}, "properties": {"pi2025": 9.4, "pi2018": 0, "change_pct": 0, "n2025": 53, "grid": "4299_3252"}}, {"type": "Feature", "geometry": {"type": "Point", "coordinates": [9.67688, 52.38601]}, "properties": {"pi2025": 9.0, "pi2018": 7.7, "change_pct": 71.9, "n2025": 50, "grid": "4299_3253"}}, {"type": "Feature", "geometry": {"type": "Point", "coordinates": [9.69169, 52.36807]}, "properties": {"pi2025": 8.9, "pi2018": 8.0, "change_pct": 66.3, "n2025": 217, "grid": "4300_3251"}}, {"type": "Feature", "geometry": {"type": "Point", "coordinates": [9.72617, 49.10479]}, "properties": {"pi2025": 9.4, "pi2018": 0, "change_pct": 0, "n2025": 74, "grid": "4301_2888"}}, {"type": "Feature", "geometry": {"type": "Point", "coordinates": [9.70655, 52.34115]}, "properties": {"pi2025": 8.7, "pi2018": 7.7, "change_pct": 75.8, "n2025": 53, "grid": "4301_3248"}}, {"type": "Feature", "geometry": {"type": "Point", "coordinates": [9.70643, 52.35912]}, "properties": {"pi2025": 8.8, "pi2018": 8.0, "change_pct": 65.3, "n2025": 212, "grid": "4301_3250"}}, {"type": "Feature", "geometry": {"type": "Point", "coordinates": [9.70637, 52.36811]}, "properties": {"pi2025": 9.9, "pi2018": 8.1, "change_pct": 93.1, "n2025": 150, "grid": "4301_3251"}}, {"type": "Feature", "geometry": {"type": "Point", "coordinates": [9.70626, 52.38608]}, "properties": {"pi2025": 9.5, "pi2018": 8.1, "change_pct": 61.7, "n2025": 159, "grid": "4301_3253"}}, {"type": "Feature", "geometry": {"type": "Point", "coordinates": [9.7062, 52.39507]}, "properties": {"pi2025": 9.5, "pi2018": 7.7, "change_pct": 86.6, "n2025": 74, "grid": "4301_3254"}}, {"type": "Feature", "geometry": {"type": "Point", "coordinates": [9.70614, 52.40406]}, "properties": {"pi2025": 12.0, "pi2018": 0, "change_pct": 0, "n2025": 62, "grid": "4301_3255"}}, {"type": "Feature", "geometry": {"type": "Point", "coordinates": [9.72122, 52.34118]}, "properties": {"pi2025": 9.2, "pi2018": 7.3, "change_pct": 81.6, "n2025": 77, "grid": "4302_3248"}}, {"type": "Feature", "geometry": {"type": "Point", "coordinates": [9.72106, 52.36815]}, "properties": {"pi2025": 10.8, "pi2018": 8.2, "change_pct": 90.1, "n2025": 159, "grid": "4302_3251"}}, {"type": "Feature", "geometry": {"type": "Point", "coordinates": [9.721, 52.37713]}, "properties": {"pi2025": 9.5, "pi2018": 8.2, "change_pct": 73.9, "n2025": 196, "grid": "4302_3252"}}, {"type": "Feature", "geometry": {"type": "Point", "coordinates": [9.72094, 52.38612]}, "properties": {"pi2025": 9.8, "pi2018": 8.3, "change_pct": 91.1, "n2025": 150, "grid": "4302_3253"}}, {"type": "Feature", "geometry": {"type": "Point", "coordinates": [9.72089, 52.39511]}, "properties": {"pi2025": 10.1, "pi2018": 7.7, "change_pct": 99.8, "n2025": 67, "grid": "4302_3254"}}, {"type": "Feature", "geometry": {"type": "Point", "coordinates": [9.72066, 52.43105]}, "properties": {"pi2025": 8.3, "pi2018": 0, "change_pct": 52.2, "n2025": 72, "grid": "4302_3258"}}, {"type": "Feature", "geometry": {"type": "Point", "coordinates": [9.73579, 52.35919]}, "properties": {"pi2025": 9.8, "pi2018": 8.6, "change_pct": 61.4, "n2025": 149, "grid": "4303_3250"}}, {"type": "Feature", "geometry": {"type": "Point", "coordinates": [9.73574, 52.36818]}, "properties": {"pi2025": 9.8, "pi2018": 8.6, "change_pct": 67.5, "n2025": 171, "grid": "4303_3251"}}, {"type": "Feature", "geometry": {"type": "Point", "coordinates": [9.73568, 52.37717]}, "properties": {"pi2025": 10.3, "pi2018": 8.6, "change_pct": 78.2, "n2025": 363, "grid": "4303_3252"}}, {"type": "Feature", "geometry": {"type": "Point", "coordinates": [9.73563, 52.38615]}, "properties": {"pi2025": 10.1, "pi2018": 8.4, "change_pct": 78.7, "n2025": 245, "grid": "4303_3253"}}, {"type": "Feature", "geometry": {"type": "Point", "coordinates": [9.73558, 52.39514]}, "properties": {"pi2025": 9.2, "pi2018": 8.7, "change_pct": 70.8, "n2025": 140, "grid": "4303_3254"}}, {"type": "Feature", "geometry": {"type": "Point", "coordinates": [9.76724, 49.10488]}, "properties": {"pi2025": 9.1, "pi2018": 0, "change_pct": 0, "n2025": 53, "grid": "4304_2888"}}, {"type": "Feature", "geometry": {"type": "Point", "coordinates": [9.75062, 52.33226]}, "properties": {"pi2025": 10.0, "pi2018": 8.0, "change_pct": 72.6, "n2025": 97, "grid": "4304_3247"}}, {"type": "Feature", "geometry": {"type": "Point", "coordinates": [9.75052, 52.35024]}, "properties": {"pi2025": 9.4, "pi2018": 8.5, "change_pct": 74.5, "n2025": 144, "grid": "4304_3249"}}, {"type": "Feature", "geometry": {"type": "Point", "coordinates": [9.75047, 52.35922]}, "properties": {"pi2025": 9.4, "pi2018": 8.2, "change_pct": 66.2, "n2025": 322, "grid": "4304_3250"}}, {"type": "Feature", "geometry": {"type": "Point", "coordinates": [9.75042, 52.36821]}, "properties": {"pi2025": 10.3, "pi2018": 8.3, "change_pct": 74.2, "n2025": 192, "grid": "4304_3251"}}, {"type": "Feature", "geometry": {"type": "Point", "coordinates": [9.75037, 52.3772]}, "properties": {"pi2025": 9.9, "pi2018": 8.6, "change_pct": 57.4, "n2025": 112, "grid": "4304_3252"}}, {"type": "Feature", "geometry": {"type": "Point", "coordinates": [9.75032, 52.38618]}, "properties": {"pi2025": 9.7, "pi2018": 8.6, "change_pct": 67.0, "n2025": 116, "grid": "4304_3253"}}, {"type": "Feature", "geometry": {"type": "Point", "coordinates": [9.76529, 52.33229]}, "properties": {"pi2025": 8.7, "pi2018": 8.2, "change_pct": 54.3, "n2025": 89, "grid": "4305_3247"}}, {"type": "Feature", "geometry": {"type": "Point", "coordinates": [9.76496, 52.3952]}, "properties": {"pi2025": 10.2, "pi2018": 8.4, "change_pct": 100.7, "n2025": 144, "grid": "4305_3254"}}, {"type": "Feature", "geometry": {"type": "Point", "coordinates": [9.79593, 48.79012]}, "properties": {"pi2025": 9.9, "pi2018": 0, "change_pct": 0, "n2025": 53, "grid": "4306_2853"}}, {"type": "Feature", "geometry": {"type": "Point", "coordinates": [9.79589, 48.79911]}, "properties": {"pi2025": 9.5, "pi2018": 0, "change_pct": 0, "n2025": 77, "grid": "4306_2854"}}, {"type": "Feature", "geometry": {"type": "Point", "coordinates": [9.78005, 52.31435]}, "properties": {"pi2025": 8.1, "pi2018": 7.4, "change_pct": 63.9, "n2025": 53, "grid": "4306_3245"}}, {"type": "Feature", "geometry": {"type": "Point", "coordinates": [9.77978, 52.36827]}, "properties": {"pi2025": 10.1, "pi2018": 8.2, "change_pct": 80.6, "n2025": 81, "grid": "4306_3251"}}, {"type": "Feature", "geometry": {"type": "Point", "coordinates": [9.77965, 52.39523]}, "properties": {"pi2025": 9.2, "pi2018": 7.9, "change_pct": 78.2, "n2025": 101, "grid": "4306_3254"}}, {"type": "Feature", "geometry": {"type": "Point", "coordinates": [9.80953, 48.79014]}, "properties": {"pi2025": 9.6, "pi2018": 0, "change_pct": 0, "n2025": 58, "grid": "4307_2853"}}, {"type": "Feature", "geometry": {"type": "Point", "coordinates": [9.79434, 52.39526]}, "properties": {"pi2025": 8.6, "pi2018": 7.5, "change_pct": 54.5, "n2025": 71, "grid": "4307_3254"}}, {"type": "Feature", "geometry": {"type": "Point", "coordinates": [9.79429, 52.40424]}, "properties": {"pi2025": 10.3, "pi2018": 7.7, "change_pct": 0, "n2025": 56, "grid": "4307_3255"}}, {"type": "Feature", "geometry": {"type": "Point", "coordinates": [9.78869, 53.57247]}, "properties": {"pi2025": 19.1, "pi2018": 0, "change_pct": 0, "n2025": 123, "grid": "4307_3385"}}, {"type": "Feature", "geometry": {"type": "Point", "coordinates": [9.78829, 53.65334]}, "properties": {"pi2025": 10.7, "pi2018": 7.2, "change_pct": 76.1, "n2025": 77, "grid": "4307_3394"}}, {"type": "Feature", "geometry": {"type": "Point", "coordinates": [9.80907, 52.38629]}, "properties": {"pi2025": 9.3, "pi2018": 7.5, "change_pct": 79.2, "n2025": 85, "grid": "4308_3253"}}, {"type": "Feature", "geometry": {"type": "Point", "coordinates": [9.80428, 53.46466]}, "properties": {"pi2025": 10.0, "pi2018": 0, "change_pct": 0, "n2025": 65, "grid": "4308_3373"}}, {"type": "Feature", "geometry": {"type": "Point", "coordinates": [9.824, 52.32341]}, "properties": {"pi2025": 8.9, "pi2018": 0, "change_pct": 28.1, "n2025": 172, "grid": "4309_3246"}}, {"type": "Feature", "geometry": {"type": "Point", "coordinates": [9.82397, 52.33239]}, "properties": {"pi2025": 8.8, "pi2018": 6.8, "change_pct": 42.8, "n2025": 61, "grid": "4309_3247"}}, {"type": "Feature", "geometry": {"type": "Point", "coordinates": [9.8491, 53.56357]}, "properties": {"pi2025": 14.3, "pi2018": 9.5, "change_pct": 0, "n2025": 59, "grid": "4311_3384"}}, {"type": "Feature", "geometry": {"type": "Point", "coordinates": [9.89439, 53.55463]}, "properties": {"pi2025": 13.9, "pi2018": 10.1, "change_pct": 75.1, "n2025": 66, "grid": "4314_3383"}}, {"type": "Feature", "geometry": {"type": "Point", "coordinates": [9.89437, 53.56362]}, "properties": {"pi2025": 12.3, "pi2018": 0, "change_pct": 67.7, "n2025": 60, "grid": "4314_3384"}}, {"type": "Feature", "geometry": {"type": "Point", "coordinates": [9.89428, 53.59956]}, "properties": {"pi2025": 11.8, "pi2018": 8.9, "change_pct": 60.5, "n2025": 52, "grid": "4314_3388"}}, {"type": "Feature", "geometry": {"type": "Point", "coordinates": [9.89426, 53.60855]}, "properties": {"pi2025": 11.6, "pi2018": 8.8, "change_pct": 66.8, "n2025": 84, "grid": "4314_3389"}}, {"type": "Feature", "geometry": {"type": "Point", "coordinates": [9.91669, 49.78857]}, "properties": {"pi2025": 12.4, "pi2018": 9.6, "change_pct": 93.0, "n2025": 69, "grid": "4315_2964"}}, {"type": "Feature", "geometry": {"type": "Point", "coordinates": [9.9095, 53.54566]}, "properties": {"pi2025": 13.9, "pi2018": 12.7, "change_pct": 53.5, "n2025": 108, "grid": "4315_3382"}}, {"type": "Feature", "geometry": {"type": "Point", "coordinates": [9.90948, 53.55465]}, "properties": {"pi2025": 14.2, "pi2018": 10.8, "change_pct": 73.5, "n2025": 255, "grid": "4315_3383"}}, {"type": "Feature", "geometry": {"type": "Point", "coordinates": [9.90946, 53.56363]}, "properties": {"pi2025": 13.3, "pi2018": 10.8, "change_pct": 89.6, "n2025": 164, "grid": "4315_3384"}}, {"type": "Feature", "geometry": {"type": "Point", "coordinates": [9.93059, 49.77958]}, "properties": {"pi2025": 13.2, "pi2018": 9.1, "change_pct": 117.7, "n2025": 117, "grid": "4316_2963"}}, {"type": "Feature", "geometry": {"type": "Point", "coordinates": [9.93057, 49.78858]}, "properties": {"pi2025": 11.1, "pi2018": 9.1, "change_pct": 81.3, "n2025": 64, "grid": "4316_2964"}}, {"type": "Feature", "geometry": {"type": "Point", "coordinates": [9.93056, 49.79757]}, "properties": {"pi2025": 11.7, "pi2018": 9.9, "change_pct": 96.9, "n2025": 61, "grid": "4316_2965"}}, {"type": "Feature", "geometry": {"type": "Point", "coordinates": [9.92796, 51.52363]}, "properties": {"pi2025": 10.9, "pi2018": 8.7, "change_pct": 71.2, "n2025": 69, "grid": "4316_3157"}}, {"type": "Feature", "geometry": {"type": "Point", "coordinates": [9.92794, 51.53262]}, "properties": {"pi2025": 10.7, "pi2018": 8.5, "change_pct": 67.6, "n2025": 83, "grid": "4316_3158"}}, {"type": "Feature", "geometry": {"type": "Point", "coordinates": [9.92793, 51.54161]}, "properties": {"pi2025": 13.6, "pi2018": 9.8, "change_pct": 100.4, "n2025": 99, "grid": "4316_3159"}}, {"type": "Feature", "geometry": {"type": "Point", "coordinates": [9.9279, 51.55958]}, "properties": {"pi2025": 10.6, "pi2018": 8.0, "change_pct": 73.6, "n2025": 50, "grid": "4316_3161"}}, {"type": "Feature", "geometry": {"type": "Point", "coordinates": [9.92458, 53.54567]}, "properties": {"pi2025": 13.9, "pi2018": 11.4, "change_pct": 56.2, "n2025": 248, "grid": "4316_3382"}}, {"type": "Feature", "geometry": {"type": "Point", "coordinates": [9.92456, 53.55466]}, "properties": {"pi2025": 14.9, "pi2018": 11.3, "change_pct": 69.5, "n2025": 313, "grid": "4316_3383"}}, {"type": "Feature", "geometry": {"type": "Point", "coordinates": [9.92455, 53.56364]}, "properties": {"pi2025": 14.8, "pi2018": 0, "change_pct": 0, "n2025": 52, "grid": "4316_3384"}}, {"type": "Feature", "geometry": {"type": "Point", "coordinates": [9.92453, 53.57263]}, "properties": {"pi2025": 13.4, "pi2018": 10.4, "change_pct": 104.3, "n2025": 57, "grid": "4316_3385"}}, {"type": "Feature", "geometry": {"type": "Point", "coordinates": [9.92452, 53.58161]}, "properties": {"pi2025": 14.5, "pi2018": 10.7, "change_pct": 121.0, "n2025": 60, "grid": "4316_3386"}}, {"type": "Feature", "geometry": {"type": "Point", "coordinates": [9.9245, 53.5906]}, "properties": {"pi2025": 13.1, "pi2018": 10.4, "change_pct": 87.6, "n2025": 94, "grid": "4316_3387"}}, {"type": "Feature", "geometry": {"type": "Point", "coordinates": [9.94446, 49.78858]}, "properties": {"pi2025": 10.8, "pi2018": 8.9, "change_pct": 80.2, "n2025": 69, "grid": "4317_2964"}}, {"type": "Feature", "geometry": {"type": "Point", "coordinates": [9.94237, 51.52364]}, "properties": {"pi2025": 9.9, "pi2018": 8.4, "change_pct": 57.8, "n2025": 60, "grid": "4317_3157"}}, {"type": "Feature", "geometry": {"type": "Point", "coordinates": [9.94157, 52.14378]}, "properties": {"pi2025": 7.8, "pi2018": 6.4, "change_pct": 56.3, "n2025": 88, "grid": "4317_3226"}}, {"type": "Feature", "geometry": {"type": "Point", "coordinates": [9.94156, 52.15277]}, "properties": {"pi2025": 8.4, "pi2018": 5.7, "change_pct": 81.7, "n2025": 83, "grid": "4317_3227"}}, {"type": "Feature", "geometry": {"type": "Point", "coordinates": [9.94155, 52.16176]}, "properties": {"pi2025": 7.6, "pi2018": 5.8, "change_pct": 70.1, "n2025": 52, "grid": "4317_3228"}}, {"type": "Feature", "geometry": {"type": "Point", "coordinates": [9.93966, 53.54568]}, "properties": {"pi2025": 12.8, "pi2018": 10.9, "change_pct": 44.2, "n2025": 195, "grid": "4317_3382"}}, {"type": "Feature", "geometry": {"type": "Point", "coordinates": [9.93965, 53.55466]}, "properties": {"pi2025": 13.9, "pi2018": 11.7, "change_pct": 72.3, "n2025": 104, "grid": "4317_3383"}}, {"type": "Feature", "geometry": {"type": "Point", "coordinates": [9.93964, 53.56365]}, "properties": {"pi2025": 14.0, "pi2018": 10.7, "change_pct": 74.8, "n2025": 175, "grid": "4317_3384"}}, {"type": "Feature", "geometry": {"type": "Point", "coordinates": [9.93963, 53.57264]}, "properties": {"pi2025": 13.6, "pi2018": 12.0, "change_pct": 61.6, "n2025": 529, "grid": "4317_3385"}}, {"type": "Feature", "geometry": {"type": "Point", "coordinates": [9.93961, 53.58162]}, "properties": {"pi2025": 13.8, "pi2018": 11.7, "change_pct": 0, "n2025": 64, "grid": "4317_3386"}}, {"type": "Feature", "geometry": {"type": "Point", "coordinates": [9.93959, 53.59959]}, "properties": {"pi2025": 16.1, "pi2018": 9.5, "change_pct": 0, "n2025": 63, "grid": "4317_3388"}}, {"type": "Feature", "geometry": {"type": "Point", "coordinates": [9.93956, 53.61757]}, "properties": {"pi2025": 12.7, "pi2018": 9.7, "change_pct": 64.4, "n2025": 53, "grid": "4317_3390"}}, {"type": "Feature", "geometry": {"type": "Point", "coordinates": [9.93955, 53.62655]}, "properties": {"pi2025": 12.5, "pi2018": 9.3, "change_pct": 72.2, "n2025": 71, "grid": "4317_3391"}}, {"type": "Feature", "geometry": {"type": "Point", "coordinates": [9.95951, 48.38547]}, "properties": {"pi2025": 10.0, "pi2018": 8.1, "change_pct": 54.3, "n2025": 64, "grid": "4318_2808"}}, {"type": "Feature", "geometry": {"type": "Point", "coordinates": [9.95618, 52.14379]}, "properties": {"pi2025": 8.0, "pi2018": 6.6, "change_pct": 58.4, "n2025": 81, "grid": "4318_3226"}}, {"type": "Feature", "geometry": {"type": "Point", "coordinates": [9.95617, 52.15278]}, "properties": {"pi2025": 7.9, "pi2018": 6.0, "change_pct": 73.0, "n2025": 127, "grid": "4318_3227"}}, {"type": "Feature", "geometry": {"type": "Point", "coordinates": [9.95484, 53.45582]}, "properties": {"pi2025": 10.6, "pi2018": 7.7, "change_pct": 75.2, "n2025": 87, "grid": "4318_3372"}}, {"type": "Feature", "geometry": {"type": "Point", "coordinates": [9.95483, 53.46481]}, "properties": {"pi2025": 9.4, "pi2018": 8.0, "change_pct": 60.5, "n2025": 71, "grid": "4318_3373"}}, {"type": "Feature", "geometry": {"type": "Point", "coordinates": [9.95475, 53.54568]}, "properties": {"pi2025": 12.6, "pi2018": 12.1, "change_pct": 64.6, "n2025": 418, "grid": "4318_3382"}}, {"type": "Feature", "geometry": {"type": "Point", "coordinates": [9.95474, 53.55467]}, "properties": {"pi2025": 13.9, "pi2018": 12.2, "change_pct": 62.5, "n2025": 248, "grid": "4318_3383"}}, {"type": "Feature", "geometry": {"type": "Point", "coordinates": [9.95473, 53.56366]}, "properties": {"pi2025": 13.5, "pi2018": 12.0, "change_pct": 52.3, "n2025": 305, "grid": "4318_3384"}}, {"type": "Feature", "geometry": {"type": "Point", "coordinates": [9.95472, 53.57264]}, "properties": {"pi2025": 14.2, "pi2018": 12.2, "change_pct": 65.1, "n2025": 225, "grid": "4318_3385"}}, {"type": "Feature", "geometry": {"type": "Point", "coordinates": [9.95471, 53.58163]}, "properties": {"pi2025": 15.0, "pi2018": 11.4, "change_pct": 86.8, "n2025": 101, "grid": "4318_3386"}}, {"type": "Feature", "geometry": {"type": "Point", "coordinates": [9.9547, 53.59061]}, "properties": {"pi2025": 14.1, "pi2018": 10.3, "change_pct": 68.4, "n2025": 83, "grid": "4318_3387"}}, {"type": "Feature", "geometry": {"type": "Point", "coordinates": [9.95468, 53.60859]}, "properties": {"pi2025": 18.9, "pi2018": 0, "change_pct": 0, "n2025": 52, "grid": "4318_3389"}}, {"type": "Feature", "geometry": {"type": "Point", "coordinates": [9.95444, 53.83324]}, "properties": {"pi2025": 16.5, "pi2018": 7.2, "change_pct": 184.9, "n2025": 124, "grid": "4318_3414"}}, {"type": "Feature", "geometry": {"type": "Point", "coordinates": [9.97301, 48.38548]}, "properties": {"pi2025": 10.3, "pi2018": 8.0, "change_pct": 67.2, "n2025": 73, "grid": "4319_2808"}}, {"type": "Feature", "geometry": {"type": "Point", "coordinates": [9.973, 48.39447]}, "properties": {"pi2025": 11.6, "pi2018": 8.6, "change_pct": 0, "n2025": 113, "grid": "4319_2809"}}, {"type": "Feature", "geometry": {"type": "Point", "coordinates": [9.9699, 53.44684]}, "properties": {"pi2025": 9.4, "pi2018": 7.6, "change_pct": 56.8, "n2025": 63, "grid": "4319_3371"}}, {"type": "Feature", "geometry": {"type": "Point", "coordinates": [9.9699, 53.45583]}, "properties": {"pi2025": 11.6, "pi2018": 8.3, "change_pct": 87.1, "n2025": 160, "grid": "4319_3372"}}, {"type": "Feature", "geometry": {"type": "Point", "coordinates": [9.96983, 53.54569]}, "properties": {"pi2025": 14.1, "pi2018": 13.1, "change_pct": 47.0, "n2025": 120, "grid": "4319_3382"}}, {"type": "Feature", "geometry": {"type": "Point", "coordinates": [9.96983, 53.55468]}, "properties": {"pi2025": 12.3, "pi2018": 0, "change_pct": 0, "n2025": 74, "grid": "4319_3383"}}, {"type": "Feature", "geometry": {"type": "Point", "coordinates": [9.96982, 53.56366]}, "properties": {"pi2025": 17.7, "pi2018": 12.8, "change_pct": 88.0, "n2025": 223, "grid": "4319_3384"}}, {"type": "Feature", "geometry": {"type": "Point", "coordinates": [9.96981, 53.57265]}, "properties": {"pi2025": 13.9, "pi2018": 13.3, "change_pct": 45.2, "n2025": 195, "grid": "4319_3385"}}, {"type": "Feature", "geometry": {"type": "Point", "coordinates": [9.96981, 53.58163]}, "properties": {"pi2025": 15.8, "pi2018": 12.4, "change_pct": 66.8, "n2025": 121, "grid": "4319_3386"}}, {"type": "Feature", "geometry": {"type": "Point", "coordinates": [9.9698, 53.59062]}, "properties": {"pi2025": 14.8, "pi2018": 11.3, "change_pct": 78.2, "n2025": 397, "grid": "4319_3387"}}, {"type": "Feature", "geometry": {"type": "Point", "coordinates": [9.96979, 53.59961]}, "properties": {"pi2025": 13.9, "pi2018": 9.8, "change_pct": 0, "n2025": 70, "grid": "4319_3388"}}, {"type": "Feature", "geometry": {"type": "Point", "coordinates": [9.96974, 53.68048]}, "properties": {"pi2025": 12.9, "pi2018": 8.4, "change_pct": 88.6, "n2025": 52, "grid": "4319_3397"}}, {"type": "Feature", "geometry": {"type": "Point", "coordinates": [9.96946, 54.06688]}, "properties": {"pi2025": 7.4, "pi2018": 5.7, "change_pct": 59.6, "n2025": 74, "grid": "4319_3440"}}, {"type": "Feature", "geometry": {"type": "Point", "coordinates": [9.9865, 48.38548]}, "properties": {"pi2025": 11.8, "pi2018": 8.7, "change_pct": 87.2, "n2025": 54, "grid": "4320_2808"}}, {"type": "Feature", "geometry": {"type": "Point", "coordinates": [9.9865, 48.39448]}, "properties": {"pi2025": 10.8, "pi2018": 9.1, "change_pct": 52.5, "n2025": 187, "grid": "4320_2809"}}, {"type": "Feature", "geometry": {"type": "Point", "coordinates": [9.9865, 48.40347]}, "properties": {"pi2025": 11.7, "pi2018": 9.0, "change_pct": 78.4, "n2025": 66, "grid": "4320_2810"}}, {"type": "Feature", "geometry": {"type": "Point", "coordinates": [9.98493, 53.50975]}, "properties": {"pi2025": 10.0, "pi2018": 0, "change_pct": 75.8, "n2025": 75, "grid": "4320_3378"}}, {"type": "Feature", "geometry": {"type": "Point", "coordinates": [9.98492, 53.53671]}, "properties": {"pi2025": 19.8, "pi2018": 13.5, "change_pct": 47.0, "n2025": 237, "grid": "4320_3381"}}, {"type": "Feature", "geometry": {"type": "Point", "coordinates": [9.98491, 53.56366]}, "properties": {"pi2025": 15.9, "pi2018": 13.8, "change_pct": 39.8, "n2025": 67, "grid": "4320_3384"}}, {"type": "Feature", "geometry": {"type": "Point", "coordinates": [9.98491, 53.57265]}, "properties": {"pi2025": 16.5, "pi2018": 14.4, "change_pct": 50.3, "n2025": 58, "grid": "4320_3385"}}, {"type": "Feature", "geometry": {"type": "Point", "coordinates": [9.9849, 53.58164]}, "properties": {"pi2025": 16.6, "pi2018": 13.7, "change_pct": 32.0, "n2025": 128, "grid": "4320_3386"}}, {"type": "Feature", "geometry": {"type": "Point", "coordinates": [9.9849, 53.59062]}, "properties": {"pi2025": 14.6, "pi2018": 12.5, "change_pct": 59.0, "n2025": 263, "grid": "4320_3387"}}, {"type": "Feature", "geometry": {"type": "Point", "coordinates": [9.98487, 53.68947]}, "properties": {"pi2025": 16.4, "pi2018": 0, "change_pct": 122.9, "n2025": 93, "grid": "4320_3398"}}, {"type": "Feature", "geometry": {"type": "Point", "coordinates": [9.98486, 53.71643]}, "properties": {"pi2025": 10.3, "pi2018": 0, "change_pct": 0, "n2025": 57, "grid": "4320_3401"}}, {"type": "Feature", "geometry": {"type": "Point", "coordinates": [10.0, 48.38548]}, "properties": {"pi2025": 11.2, "pi2018": 8.9, "change_pct": 0, "n2025": 72, "grid": "4321_2808"}}, {"type": "Feature", "geometry": {"type": "Point", "coordinates": [10.0, 48.39448]}, "properties": {"pi2025": 11.8, "pi2018": 9.1, "change_pct": 89.7, "n2025": 58, "grid": "4321_2809"}}, {"type": "Feature", "geometry": {"type": "Point", "coordinates": [10.0, 48.40347]}, "properties": {"pi2025": 10.6, "pi2018": 0, "change_pct": 0, "n2025": 50, "grid": "4321_2810"}}, {"type": "Feature", "geometry": {"type": "Point", "coordinates": [10.0, 53.53671]}, "properties": {"pi2025": 17.7, "pi2018": 13.0, "change_pct": 0, "n2025": 84, "grid": "4321_3381"}}, {"type": "Feature", "geometry": {"type": "Point", "coordinates": [10.0, 53.54569]}, "properties": {"pi2025": 14.1, "pi2018": 12.5, "change_pct": 0, "n2025": 104, "grid": "4321_3382"}}, {"type": "Feature", "geometry": {"type": "Point", "coordinates": [10.0, 53.55468]}, "properties": {"pi2025": 16.4, "pi2018": 13.3, "change_pct": 69.5, "n2025": 83, "grid": "4321_3383"}}, {"type": "Feature", "geometry": {"type": "Point", "coordinates": [10.0, 53.57265]}, "properties": {"pi2025": 19.4, "pi2018": 12.9, "change_pct": 78.1, "n2025": 78, "grid": "4321_3385"}}, {"type": "Feature", "geometry": {"type": "Point", "coordinates": [10.0, 53.58164]}, "properties": {"pi2025": 15.6, "pi2018": 13.0, "change_pct": 71.4, "n2025": 327, "grid": "4321_3386"}}, {"type": "Feature", "geometry": {"type": "Point", "coordinates": [10.0, 53.59062]}, "properties": {"pi2025": 15.2, "pi2018": 12.2, "change_pct": 73.0, "n2025": 54, "grid": "4321_3387"}}, {"type": "Feature", "geometry": {"type": "Point", "coordinates": [10.0, 53.59961]}, "properties": {"pi2025": 13.2, "pi2018": 10.6, "change_pct": 82.4, "n2025": 65, "grid": "4321_3388"}}, {"type": "Feature", "geometry": {"type": "Point", "coordinates": [10.0, 53.6086]}, "properties": {"pi2025": 15.3, "pi2018": 10.3, "change_pct": 101.4, "n2025": 62, "grid": "4321_3389"}}, {"type": "Feature", "geometry": {"type": "Point", "coordinates": [10.0, 53.61758]}, "properties": {"pi2025": 9.7, "pi2018": 9.3, "change_pct": 58.1, "n2025": 63, "grid": "4321_3390"}}, {"type": "Feature", "geometry": {"type": "Point", "coordinates": [10.0, 53.62657]}, "properties": {"pi2025": 12.0, "pi2018": 0, "change_pct": 84.8, "n2025": 62, "grid": "4321_3391"}}, {"type": "Feature", "geometry": {"type": "Point", "coordinates": [10.01508, 53.53671]}, "properties": {"pi2025": 19.0, "pi2018": 10.1, "change_pct": 0, "n2025": 186, "grid": "4322_3381"}}, {"type": "Feature", "geometry": {"type": "Point", "coordinates": [10.01508, 53.54569]}, "properties": {"pi2025": 14.7, "pi2018": 10.5, "change_pct": 0, "n2025": 176, "grid": "4322_3382"}}, {"type": "Feature", "geometry": {"type": "Point", "coordinates": [10.01509, 53.55468]}, "properties": {"pi2025": 14.1, "pi2018": 12.0, "change_pct": 84.1, "n2025": 98, "grid": "4322_3383"}}, {"type": "Feature", "geometry": {"type": "Point", "coordinates": [10.01509, 53.56366]}, "properties": {"pi2025": 16.0, "pi2018": 12.6, "change_pct": 75.8, "n2025": 217, "grid": "4322_3384"}}, {"type": "Feature", "geometry": {"type": "Point", "coordinates": [10.01509, 53.57265]}, "properties": {"pi2025": 14.4, "pi2018": 11.8, "change_pct": 73.5, "n2025": 357, "grid": "4322_3385"}}, {"type": "Feature", "geometry": {"type": "Point", "coordinates": [10.0151, 53.58164]}, "properties": {"pi2025": 14.2, "pi2018": 11.4, "change_pct": 74.8, "n2025": 174, "grid": "4322_3386"}}, {"type": "Feature", "geometry": {"type": "Point", "coordinates": [10.0151, 53.59062]}, "properties": {"pi2025": 12.6, "pi2018": 0, "change_pct": 0, "n2025": 126, "grid": "4322_3387"}}, {"type": "Feature", "geometry": {"type": "Point", "coordinates": [10.01511, 53.62657]}, "properties": {"pi2025": 14.7, "pi2018": 9.4, "change_pct": 113.4, "n2025": 60, "grid": "4322_3391"}}, {"type": "Feature", "geometry": {"type": "Point", "coordinates": [10.03017, 53.55468]}, "properties": {"pi2025": 12.7, "pi2018": 10.8, "change_pct": 72.1, "n2025": 130, "grid": "4323_3383"}}, {"type": "Feature", "geometry": {"type": "Point", "coordinates": [10.03018, 53.56366]}, "properties": {"pi2025": 14.0, "pi2018": 10.3, "change_pct": 85.9, "n2025": 123, "grid": "4323_3384"}}, {"type": "Feature", "geometry": {"type": "Point", "coordinates": [10.03019, 53.57265]}, "properties": {"pi2025": 14.0, "pi2018": 10.8, "change_pct": 94.2, "n2025": 105, "grid": "4323_3385"}}, {"type": "Feature", "geometry": {"type": "Point", "coordinates": [10.03019, 53.58163]}, "properties": {"pi2025": 12.4, "pi2018": 10.8, "change_pct": 69.4, "n2025": 75, "grid": "4323_3386"}}, {"type": "Feature", "geometry": {"type": "Point", "coordinates": [10.0302, 53.59062]}, "properties": {"pi2025": 12.7, "pi2018": 10.7, "change_pct": 88.4, "n2025": 217, "grid": "4323_3387"}}, {"type": "Feature", "geometry": {"type": "Point", "coordinates": [10.03021, 53.59961]}, "properties": {"pi2025": 12.4, "pi2018": 10.0, "change_pct": 83.4, "n2025": 95, "grid": "4323_3388"}}, {"type": "Feature", "geometry": {"type": "Point", "coordinates": [10.04525, 53.54568]}, "properties": {"pi2025": 11.4, "pi2018": 9.6, "change_pct": 93.4, "n2025": 124, "grid": "4324_3382"}}, {"type": "Feature", "geometry": {"type": "Point", "coordinates": [10.04526, 53.55467]}, "properties": {"pi2025": 12.3, "pi2018": 9.8, "change_pct": 95.8, "n2025": 198, "grid": "4324_3383"}}, {"type": "Feature", "geometry": {"type": "Point", "coordinates": [10.04527, 53.56366]}, "properties": {"pi2025": 12.4, "pi2018": 10.1, "change_pct": 79.8, "n2025": 175, "grid": "4324_3384"}}, {"type": "Feature", "geometry": {"type": "Point", "coordinates": [10.04528, 53.57264]}, "properties": {"pi2025": 12.2, "pi2018": 9.7, "change_pct": 83.2, "n2025": 119, "grid": "4324_3385"}}, {"type": "Feature", "geometry": {"type": "Point", "coordinates": [10.04529, 53.58163]}, "properties": {"pi2025": 13.7, "pi2018": 10.4, "change_pct": 109.7, "n2025": 109, "grid": "4324_3386"}}, {"type": "Feature", "geometry": {"type": "Point", "coordinates": [10.0453, 53.59061]}, "properties": {"pi2025": 11.8, "pi2018": 10.4, "change_pct": 66.1, "n2025": 113, "grid": "4324_3387"}}, {"type": "Feature", "geometry": {"type": "Point", "coordinates": [10.04609, 54.31848]}, "properties": {"pi2025": 8.7, "pi2018": 6.1, "change_pct": 91.9, "n2025": 60, "grid": "4324_3468"}}, {"type": "Feature", "geometry": {"type": "Point", "coordinates": [10.05447, 48.83527]}, "properties": {"pi2025": 10.7, "pi2018": 0, "change_pct": 0, "n2025": 56, "grid": "4325_2858"}}, {"type": "Feature", "geometry": {"type": "Point", "coordinates": [10.06036, 53.56365]}, "properties": {"pi2025": 15.7, "pi2018": 11.8, "change_pct": 117.0, "n2025": 79, "grid": "4325_3384"}}, {"type": "Feature", "geometry": {"type": "Point", "coordinates": [10.06037, 53.57264]}, "properties": {"pi2025": 12.1, "pi2018": 9.7, "change_pct": 79.4, "n2025": 117, "grid": "4325_3385"}}, {"type": "Feature", "geometry": {"type": "Point", "coordinates": [10.06039, 53.58162]}, "properties": {"pi2025": 10.4, "pi2018": 9.6, "change_pct": 76.2, "n2025": 151, "grid": "4325_3386"}}, {"type": "Feature", "geometry": {"type": "Point", "coordinates": [10.06046, 53.63554]}, "properties": {"pi2025": 19.7, "pi2018": 0, "change_pct": 0, "n2025": 79, "grid": "4325_3392"}}, {"type": "Feature", "geometry": {"type": "Point", "coordinates": [10.07381, 52.61109]}, "properties": {"pi2025": 10.3, "pi2018": 0, "change_pct": 0, "n2025": 58, "grid": "4326_3278"}}, {"type": "Feature", "geometry": {"type": "Point", "coordinates": [10.07542, 53.54567]}, "properties": {"pi2025": 10.5, "pi2018": 8.9, "change_pct": 66.4, "n2025": 141, "grid": "4326_3382"}}, {"type": "Feature", "geometry": {"type": "Point", "coordinates": [10.07547, 53.57263]}, "properties": {"pi2025": 13.1, "pi2018": 9.6, "change_pct": 90.5, "n2025": 75, "grid": "4326_3385"}}, {"type": "Feature", "geometry": {"type": "Point", "coordinates": [10.07548, 53.58161]}, "properties": {"pi2025": 10.4, "pi2018": 9.2, "change_pct": 60.6, "n2025": 63, "grid": "4326_3386"}}, {"type": "Feature", "geometry": {"type": "Point", "coordinates": [10.07552, 53.59959]}, "properties": {"pi2025": 9.5, "pi2018": 0, "change_pct": 0, "n2025": 105, "grid": "4326_3388"}}, {"type": "Feature", "geometry": {"type": "Point", "coordinates": [10.07553, 53.60857]}, "properties": {"pi2025": 9.8, "pi2018": 0, "change_pct": 42.0, "n2025": 73, "grid": "4326_3389"}}, {"type": "Feature", "geometry": {"type": "Point", "coordinates": [10.0817, 48.83525]}, "properties": {"pi2025": 10.5, "pi2018": 7.6, "change_pct": 0, "n2025": 54, "grid": "4327_2858"}}, {"type": "Feature", "geometry": {"type": "Point", "coordinates": [10.08859, 52.62007]}, "properties": {"pi2025": 7.8, "pi2018": 0, "change_pct": 68.5, "n2025": 73, "grid": "4327_3279"}}, {"type": "Feature", "geometry": {"type": "Point", "coordinates": [10.0905, 53.54566]}, "properties": {"pi2025": 9.9, "pi2018": 0, "change_pct": 78.3, "n2025": 60, "grid": "4327_3382"}}, {"type": "Feature", "geometry": {"type": "Point", "coordinates": [10.09054, 53.56363]}, "properties": {"pi2025": 11.7, "pi2018": 0, "change_pct": 0, "n2025": 52, "grid": "4327_3384"}}, {"type": "Feature", "geometry": {"type": "Point", "coordinates": [10.09058, 53.5816]}, "properties": {"pi2025": 13.6, "pi2018": 0, "change_pct": 0, "n2025": 60, "grid": "4327_3386"}}, {"type": "Feature", "geometry": {"type": "Point", "coordinates": [10.09066, 53.61755]}, "properties": {"pi2025": 9.8, "pi2018": 0, "change_pct": 0, "n2025": 50, "grid": "4327_3390"}}, {"type": "Feature", "geometry": {"type": "Point", "coordinates": [10.09073, 53.65349]}, "properties": {"pi2025": 17.5, "pi2018": 0, "change_pct": 0, "n2025": 63, "grid": "4327_3394"}}, {"type": "Feature", "geometry": {"type": "Point", "coordinates": [10.10565, 53.57261]}, "properties": {"pi2025": 14.4, "pi2018": 0, "change_pct": 0, "n2025": 66, "grid": "4328_3385"}}, {"type": "Feature", "geometry": {"type": "Point", "coordinates": [10.1075, 54.30047]}, "properties": {"pi2025": 11.0, "pi2018": 7.2, "change_pct": 120.9, "n2025": 58, "grid": "4328_3466"}}, {"type": "Feature", "geometry": {"type": "Point", "coordinates": [10.10752, 54.30946]}, "properties": {"pi2025": 9.5, "pi2018": 7.4, "change_pct": 69.7, "n2025": 184, "grid": "4328_3467"}}, {"type": "Feature", "geometry": {"type": "Point", "coordinates": [10.10754, 54.31845]}, "properties": {"pi2025": 9.8, "pi2018": 7.6, "change_pct": 80.4, "n2025": 201, "grid": "4328_3468"}}, {"type": "Feature", "geometry": {"type": "Point", "coordinates": [10.10757, 54.32743]}, "properties": {"pi2025": 10.0, "pi2018": 7.6, "change_pct": 66.6, "n2025": 88, "grid": "4328_3469"}}, {"type": "Feature", "geometry": {"type": "Point", "coordinates": [10.10764, 54.35439]}, "properties": {"pi2025": 9.3, "pi2018": 0, "change_pct": 0, "n2025": 57, "grid": "4328_3472"}}, {"type": "Feature", "geometry": {"type": "Point", "coordinates": [10.12075, 53.57259]}, "properties": {"pi2025": 10.7, "pi2018": 0, "change_pct": 81.5, "n2025": 63, "grid": "4329_3385"}}, {"type": "Feature", "geometry": {"type": "Point", "coordinates": [10.12077, 53.58158]}, "properties": {"pi2025": 11.2, "pi2018": 0, "change_pct": 62.3, "n2025": 55, "grid": "4329_3386"}}, {"type": "Feature", "geometry": {"type": "Point", "coordinates": [10.12088, 53.61752]}, "properties": {"pi2025": 7.7, "pi2018": 0, "change_pct": 37.9, "n2025": 61, "grid": "4329_3390"}}, {"type": "Feature", "geometry": {"type": "Point", "coordinates": [10.12288, 54.30945]}, "properties": {"pi2025": 9.8, "pi2018": 7.4, "change_pct": 79.8, "n2025": 113, "grid": "4329_3467"}}, {"type": "Feature", "geometry": {"type": "Point", "coordinates": [10.12291, 54.31843]}, "properties": {"pi2025": 9.4, "pi2018": 7.8, "change_pct": 68.0, "n2025": 211, "grid": "4329_3468"}}, {"type": "Feature", "geometry": {"type": "Point", "coordinates": [10.12293, 54.32742]}, "properties": {"pi2025": 10.0, "pi2018": 7.9, "change_pct": 69.4, "n2025": 189, "grid": "4329_3469"}}, {"type": "Feature", "geometry": {"type": "Point", "coordinates": [10.12296, 54.3364]}, "properties": {"pi2025": 10.1, "pi2018": 8.0, "change_pct": 73.4, "n2025": 130, "grid": "4329_3470"}}, {"type": "Feature", "geometry": {"type": "Point", "coordinates": [10.12299, 54.34539]}, "properties": {"pi2025": 9.6, "pi2018": 7.5, "change_pct": 72.3, "n2025": 85, "grid": "4329_3471"}}, {"type": "Feature", "geometry": {"type": "Point", "coordinates": [10.12301, 54.35438]}, "properties": {"pi2025": 9.8, "pi2018": 7.4, "change_pct": 76.9, "n2025": 71, "grid": "4329_3472"}}, {"type": "Feature", "geometry": {"type": "Point", "coordinates": [10.13584, 53.57258]}, "properties": {"pi2025": 11.0, "pi2018": 0, "change_pct": 88.9, "n2025": 60, "grid": "4330_3385"}}, {"type": "Feature", "geometry": {"type": "Point", "coordinates": [10.13593, 53.59953]}, "properties": {"pi2025": 13.9, "pi2018": 8.4, "change_pct": 115.5, "n2025": 71, "grid": "4330_3388"}}, {"type": "Feature", "geometry": {"type": "Point", "coordinates": [10.13821, 54.30044]}, "properties": {"pi2025": 8.5, "pi2018": 6.3, "change_pct": 80.5, "n2025": 204, "grid": "4330_3466"}}, {"type": "Feature", "geometry": {"type": "Point", "coordinates": [10.13824, 54.30943]}, "properties": {"pi2025": 8.8, "pi2018": 6.3, "change_pct": 92.9, "n2025": 128, "grid": "4330_3467"}}, {"type": "Feature", "geometry": {"type": "Point", "coordinates": [10.13833, 54.33639]}, "properties": {"pi2025": 10.8, "pi2018": 8.6, "change_pct": 73.8, "n2025": 171, "grid": "4330_3470"}}, {"type": "Feature", "geometry": {"type": "Point", "coordinates": [10.1536, 54.30941]}, "properties": {"pi2025": 9.8, "pi2018": 6.3, "change_pct": 0, "n2025": 50, "grid": "4331_3467"}}, {"type": "Feature", "geometry": {"type": "Point", "coordinates": [10.1493, 48.67326]}, "properties": {"pi2025": 9.6, "pi2018": 0, "change_pct": 0, "n2025": 56, "grid": "4332_2840"}}, {"type": "Feature", "geometry": {"type": "Point", "coordinates": [10.169, 54.31838]}, "properties": {"pi2025": 8.6, "pi2018": 6.3, "change_pct": 84.4, "n2025": 66, "grid": "4332_3468"}}, {"type": "Feature", "geometry": {"type": "Point", "coordinates": [10.16066, 47.98047]}, "properties": {"pi2025": 8.7, "pi2018": 0, "change_pct": 0, "n2025": 51, "grid": "4333_2763"}}, {"type": "Feature", "geometry": {"type": "Point", "coordinates": [10.16288, 48.67324]}, "properties": {"pi2025": 8.5, "pi2018": 6.6, "change_pct": 56.5, "n2025": 63, "grid": "4333_2840"}}, {"type": "Feature", "geometry": {"type": "Point", "coordinates": [10.1844, 54.32734]}, "properties": {"pi2025": 9.0, "pi2018": 6.6, "change_pct": 82.2, "n2025": 64, "grid": "4333_3469"}}, {"type": "Feature", "geometry": {"type": "Point", "coordinates": [10.18444, 54.33633]}, "properties": {"pi2025": 9.3, "pi2018": 6.6, "change_pct": 106.9, "n2025": 57, "grid": "4333_3470"}}, {"type": "Feature", "geometry": {"type": "Point", "coordinates": [10.17404, 47.98045]}, "properties": {"pi2025": 9.5, "pi2018": 7.1, "change_pct": 0, "n2025": 50, "grid": "4334_2763"}}, {"type": "Feature", "geometry": {"type": "Point", "coordinates": [10.19584, 53.49162]}, "properties": {"pi2025": 12.4, "pi2018": 8.7, "change_pct": 107.0, "n2025": 67, "grid": "4334_3376"}}, {"type": "Feature", "geometry": {"type": "Point", "coordinates": [10.21086, 53.48261]}, "properties": {"pi2025": 12.3, "pi2018": 9.1, "change_pct": 70.1, "n2025": 73, "grid": "4335_3375"}}, {"type": "Feature", "geometry": {"type": "Point", "coordinates": [10.22588, 53.47359]}, "properties": {"pi2025": 13.3, "pi2018": 0, "change_pct": 0, "n2025": 77, "grid": "4336_3374"}}, {"type": "Feature", "geometry": {"type": "Point", "coordinates": [10.30636, 47.71919]}, "properties": {"pi2025": 10.1, "pi2018": 7.7, "change_pct": 91.3, "n2025": 62, "grid": "4344_2734"}}, {"type": "Feature", "geometry": {"type": "Point", "coordinates": [10.40437, 53.23949]}, "properties": {"pi2025": 10.0, "pi2018": 8.1, "change_pct": 53.3, "n2025": 63, "grid": "4348_3348"}}, {"type": "Feature", "geometry": {"type": "Point", "coordinates": [10.41944, 53.24842]}, "properties": {"pi2025": 9.4, "pi2018": 7.6, "change_pct": 56.1, "n2025": 93, "grid": "4349_3349"}}, {"type": "Feature", "geometry": {"type": "Point", "coordinates": [10.44317, 51.16327]}, "properties": {"pi2025": 9.5, "pi2018": 0, "change_pct": 0, "n2025": 82, "grid": "4352_3117"}}, {"type": "Feature", "geometry": {"type": "Point", "coordinates": [10.48311, 52.24167]}, "properties": {"pi2025": 7.4, "pi2018": 6.2, "change_pct": 62.9, "n2025": 64, "grid": "4354_3237"}}, {"type": "Feature", "geometry": {"type": "Point", "coordinates": [10.49785, 52.2506]}, "properties": {"pi2025": 8.5, "pi2018": 7.0, "change_pct": 80.2, "n2025": 83, "grid": "4355_3238"}}, {"type": "Feature", "geometry": {"type": "Point", "coordinates": [10.49795, 52.25958]}, "properties": {"pi2025": 8.5, "pi2018": 7.3, "change_pct": 66.2, "n2025": 94, "grid": "4355_3239"}}, {"type": "Feature", "geometry": {"type": "Point", "coordinates": [10.49805, 52.26857]}, "properties": {"pi2025": 9.0, "pi2018": 7.6, "change_pct": 94.5, "n2025": 186, "grid": "4355_3240"}}, {"type": "Feature", "geometry": {"type": "Point", "coordinates": [10.5126, 52.25952]}, "properties": {"pi2025": 9.1, "pi2018": 7.7, "change_pct": 76.8, "n2025": 156, "grid": "4356_3239"}}, {"type": "Feature", "geometry": {"type": "Point", "coordinates": [10.5127, 52.26851]}, "properties": {"pi2025": 8.5, "pi2018": 7.5, "change_pct": 68.6, "n2025": 109, "grid": "4356_3240"}}, {"type": "Feature", "geometry": {"type": "Point", "coordinates": [10.52607, 52.1606]}, "properties": {"pi2025": 7.4, "pi2018": 6.3, "change_pct": 62.8, "n2025": 58, "grid": "4357_3228"}}, {"type": "Feature", "geometry": {"type": "Point", "coordinates": [10.52713, 52.25047]}, "properties": {"pi2025": 8.9, "pi2018": 7.8, "change_pct": 66.6, "n2025": 54, "grid": "4357_3238"}}, {"type": "Feature", "geometry": {"type": "Point", "coordinates": [10.52724, 52.25946]}, "properties": {"pi2025": 9.3, "pi2018": 8.0, "change_pct": 74.2, "n2025": 108, "grid": "4357_3239"}}, {"type": "Feature", "geometry": {"type": "Point", "coordinates": [10.52735, 52.26844]}, "properties": {"pi2025": 9.3, "pi2018": 7.7, "change_pct": 77.0, "n2025": 150, "grid": "4357_3240"}}, {"type": "Feature", "geometry": {"type": "Point", "coordinates": [10.54189, 52.25939]}, "properties": {"pi2025": 9.1, "pi2018": 7.9, "change_pct": 75.4, "n2025": 105, "grid": "4358_3239"}}, {"type": "Feature", "geometry": {"type": "Point", "coordinates": [10.65342, 53.85846]}, "properties": {"pi2025": 9.5, "pi2018": 6.9, "change_pct": 80.0, "n2025": 81, "grid": "4364_3417"}}, {"type": "Feature", "geometry": {"type": "Point", "coordinates": [10.58937, 48.006]}, "properties": {"pi2025": 9.7, "pi2018": 7.2, "change_pct": 0, "n2025": 51, "grid": "4365_2766"}}, {"type": "Feature", "geometry": {"type": "Point", "coordinates": [10.66861, 53.85838]}, "properties": {"pi2025": 10.2, "pi2018": 7.7, "change_pct": 82.4, "n2025": 70, "grid": "4365_3417"}}, {"type": "Feature", "geometry": {"type": "Point", "coordinates": [10.66875, 53.86737]}, "properties": {"pi2025": 9.2, "pi2018": 7.3, "change_pct": 66.0, "n2025": 74, "grid": "4365_3418"}}, {"type": "Feature", "geometry": {"type": "Point", "coordinates": [10.68381, 53.8583]}, "properties": {"pi2025": 10.5, "pi2018": 7.6, "change_pct": 81.9, "n2025": 69, "grid": "4366_3417"}}, {"type": "Feature", "geometry": {"type": "Point", "coordinates": [10.68395, 53.86728]}, "properties": {"pi2025": 9.5, "pi2018": 7.9, "change_pct": 70.9, "n2025": 81, "grid": "4366_3418"}}, {"type": "Feature", "geometry": {"type": "Point", "coordinates": [10.61464, 47.87988]}, "properties": {"pi2025": 9.1, "pi2018": 6.7, "change_pct": 0, "n2025": 56, "grid": "4367_2752"}}, {"type": "Feature", "geometry": {"type": "Point", "coordinates": [10.69915, 53.8672]}, "properties": {"pi2025": 10.9, "pi2018": 7.5, "change_pct": 0, "n2025": 51, "grid": "4367_3418"}}, {"type": "Feature", "geometry": {"type": "Point", "coordinates": [10.71435, 53.86711]}, "properties": {"pi2025": 9.9, "pi2018": 6.6, "change_pct": 94.5, "n2025": 58, "grid": "4368_3418"}}, {"type": "Feature", "geometry": {"type": "Point", "coordinates": [10.74964, 52.42003]}, "properties": {"pi2025": 7.7, "pi2018": 0, "change_pct": 0, "n2025": 59, "grid": "4372_3257"}}, {"type": "Feature", "geometry": {"type": "Point", "coordinates": [10.76433, 52.41994]}, "properties": {"pi2025": 7.7, "pi2018": 0, "change_pct": 49.9, "n2025": 84, "grid": "4373_3257"}}, {"type": "Feature", "geometry": {"type": "Point", "coordinates": [10.77903, 52.41984]}, "properties": {"pi2025": 7.2, "pi2018": 7.3, "change_pct": 28.4, "n2025": 76, "grid": "4374_3257"}}, {"type": "Feature", "geometry": {"type": "Point", "coordinates": [10.80826, 52.41066]}, "properties": {"pi2025": 8.1, "pi2018": 0, "change_pct": 0, "n2025": 133, "grid": "4376_3256"}}, {"type": "Feature", "geometry": {"type": "Point", "coordinates": [10.83833, 52.4464]}, "properties": {"pi2025": 8.2, "pi2018": 0, "change_pct": 90.4, "n2025": 69, "grid": "4378_3260"}}, {"type": "Feature", "geometry": {"type": "Point", "coordinates": [10.87652, 49.88413]}, "properties": {"pi2025": 10.8, "pi2018": 0, "change_pct": 0, "n2025": 65, "grid": "4384_2975"}}, {"type": "Feature", "geometry": {"type": "Point", "coordinates": [10.87668, 49.89312]}, "properties": {"pi2025": 10.0, "pi2018": 8.1, "change_pct": 72.2, "n2025": 67, "grid": "4384_2976"}}, {"type": "Feature", "geometry": {"type": "Point", "coordinates": [10.86321, 48.35512]}, "properties": {"pi2025": 11.0, "pi2018": 8.7, "change_pct": 106.1, "n2025": 72, "grid": "4385_2805"}}, {"type": "Feature", "geometry": {"type": "Point", "coordinates": [10.86336, 48.36412]}, "properties": {"pi2025": 11.3, "pi2018": 8.7, "change_pct": 95.2, "n2025": 90, "grid": "4385_2806"}}, {"type": "Feature", "geometry": {"type": "Point", "coordinates": [10.86351, 48.37311]}, "properties": {"pi2025": 11.2, "pi2018": 9.3, "change_pct": 0, "n2025": 64, "grid": "4385_2807"}}, {"type": "Feature", "geometry": {"type": "Point", "coordinates": [10.86367, 48.38211]}, "properties": {"pi2025": 12.2, "pi2018": 0, "change_pct": 123.7, "n2025": 53, "grid": "4385_2808"}}, {"type": "Feature", "geometry": {"type": "Point", "coordinates": [10.8906, 49.89301]}, "properties": {"pi2025": 9.8, "pi2018": 8.3, "change_pct": 0, "n2025": 67, "grid": "4385_2976"}}, {"type": "Feature", "geometry": {"type": "Point", "coordinates": [10.87685, 48.36401]}, "properties": {"pi2025": 11.3, "pi2018": 8.5, "change_pct": 99.3, "n2025": 53, "grid": "4386_2806"}}, {"type": "Feature", "geometry": {"type": "Point", "coordinates": [10.87701, 48.37301]}, "properties": {"pi2025": 13.2, "pi2018": 8.9, "change_pct": 135.3, "n2025": 108, "grid": "4386_2807"}}, {"type": "Feature", "geometry": {"type": "Point", "coordinates": [10.87716, 48.38201]}, "properties": {"pi2025": 11.7, "pi2018": 8.5, "change_pct": 114.4, "n2025": 66, "grid": "4386_2808"}}, {"type": "Feature", "geometry": {"type": "Point", "coordinates": [10.90468, 49.90189]}, "properties": {"pi2025": 9.9, "pi2018": 0, "change_pct": 0, "n2025": 99, "grid": "4386_2977"}}, {"type": "Feature", "geometry": {"type": "Point", "coordinates": [10.89002, 48.34591]}, "properties": {"pi2025": 12.5, "pi2018": 8.7, "change_pct": 127.6, "n2025": 75, "grid": "4387_2804"}}, {"type": "Feature", "geometry": {"type": "Point", "coordinates": [10.89018, 48.35491]}, "properties": {"pi2025": 11.9, "pi2018": 9.1, "change_pct": 100.2, "n2025": 154, "grid": "4387_2805"}}, {"type": "Feature", "geometry": {"type": "Point", "coordinates": [10.89034, 48.36391]}, "properties": {"pi2025": 12.3, "pi2018": 9.3, "change_pct": 103.7, "n2025": 242, "grid": "4387_2806"}}, {"type": "Feature", "geometry": {"type": "Point", "coordinates": [10.8905, 48.3729]}, "properties": {"pi2025": 12.4, "pi2018": 9.6, "change_pct": 109.1, "n2025": 84, "grid": "4387_2807"}}, {"type": "Feature", "geometry": {"type": "Point", "coordinates": [10.90286, 48.30982]}, "properties": {"pi2025": 11.4, "pi2018": 8.1, "change_pct": 0, "n2025": 51, "grid": "4388_2800"}}, {"type": "Feature", "geometry": {"type": "Point", "coordinates": [10.90318, 48.32781]}, "properties": {"pi2025": 12.3, "pi2018": 8.7, "change_pct": 111.3, "n2025": 67, "grid": "4388_2802"}}, {"type": "Feature", "geometry": {"type": "Point", "coordinates": [10.90367, 48.3548]}, "properties": {"pi2025": 12.8, "pi2018": 9.2, "change_pct": 107.4, "n2025": 72, "grid": "4388_2805"}}, {"type": "Feature", "geometry": {"type": "Point", "coordinates": [10.90383, 48.3638]}, "properties": {"pi2025": 11.6, "pi2018": 9.3, "change_pct": 106.6, "n2025": 159, "grid": "4388_2806"}}, {"type": "Feature", "geometry": {"type": "Point", "coordinates": [10.90399, 48.37279]}, "properties": {"pi2025": 11.1, "pi2018": 8.7, "change_pct": 97.1, "n2025": 69, "grid": "4388_2807"}}, {"type": "Feature", "geometry": {"type": "Point", "coordinates": [10.90415, 48.38179]}, "properties": {"pi2025": 11.8, "pi2018": 8.3, "change_pct": 127.8, "n2025": 70, "grid": "4388_2808"}}, {"type": "Feature", "geometry": {"type": "Point", "coordinates": [10.91715, 48.35469]}, "properties": {"pi2025": 11.7, "pi2018": 8.9, "change_pct": 143.3, "n2025": 52, "grid": "4389_2805"}}, {"type": "Feature", "geometry": {"type": "Point", "coordinates": [10.91748, 48.37268]}, "properties": {"pi2025": 12.7, "pi2018": 8.2, "change_pct": 135.5, "n2025": 60, "grid": "4389_2807"}}, {"type": "Feature", "geometry": {"type": "Point", "coordinates": [10.9534, 50.25218]}, "properties": {"pi2025": 7.4, "pi2018": 6.4, "change_pct": 0, "n2025": 59, "grid": "4389_3016"}}, {"type": "Feature", "geometry": {"type": "Point", "coordinates": [10.95358, 50.26117]}, "properties": {"pi2025": 7.7, "pi2018": 6.6, "change_pct": 0, "n2025": 72, "grid": "4389_3017"}}, {"type": "Feature", "geometry": {"type": "Point", "coordinates": [10.97922, 49.46061]}, "properties": {"pi2025": 10.2, "pi2018": 7.6, "change_pct": 96.1, "n2025": 89, "grid": "4392_2928"}}, {"type": "Feature", "geometry": {"type": "Point", "coordinates": [10.9794, 49.46961]}, "properties": {"pi2025": 9.7, "pi2018": 8.0, "change_pct": 80.3, "n2025": 120, "grid": "4392_2929"}}, {"type": "Feature", "geometry": {"type": "Point", "coordinates": [10.98158, 49.57751]}, "properties": {"pi2025": 11.8, "pi2018": 8.0, "change_pct": 100.5, "n2025": 57, "grid": "4392_2941"}}, {"type": "Feature", "geometry": {"type": "Point", "coordinates": [11.01101, 50.97993]}, "properties": {"pi2025": 10.3, "pi2018": 6.9, "change_pct": 96.6, "n2025": 77, "grid": "4392_3097"}}, {"type": "Feature", "geometry": {"type": "Point", "coordinates": [10.99301, 49.46049]}, "properties": {"pi2025": 10.8, "pi2018": 8.4, "change_pct": 93.1, "n2025": 144, "grid": "4393_2928"}}, {"type": "Feature", "geometry": {"type": "Point", "coordinates": [10.99559, 49.58638]}, "properties": {"pi2025": 13.0, "pi2018": 10.1, "change_pct": 59.5, "n2025": 79, "grid": "4393_2942"}}, {"type": "Feature", "geometry": {"type": "Point", "coordinates": [10.99577, 49.59537]}, "properties": {"pi2025": 13.2, "pi2018": 11.9, "change_pct": 0, "n2025": 58, "grid": "4393_2943"}}, {"type": "Feature", "geometry": {"type": "Point", "coordinates": [11.02505, 50.97081]}, "properties": {"pi2025": 9.7, "pi2018": 6.9, "change_pct": 87.8, "n2025": 56, "grid": "4393_3096"}}, {"type": "Feature", "geometry": {"type": "Point", "coordinates": [11.02525, 50.9798]}, "properties": {"pi2025": 9.5, "pi2018": 6.6, "change_pct": 94.5, "n2025": 114, "grid": "4393_3097"}}, {"type": "Feature", "geometry": {"type": "Point", "coordinates": [11.04579, 51.88751]}, "properties": {"pi2025": 5.5, "pi2018": 4.8, "change_pct": 0, "n2025": 62, "grid": "4393_3198"}}, {"type": "Feature", "geometry": {"type": "Point", "coordinates": [11.00904, 49.56827]}, "properties": {"pi2025": 10.8, "pi2018": 8.8, "change_pct": 0, "n2025": 136, "grid": "4394_2940"}}, {"type": "Feature", "geometry": {"type": "Point", "coordinates": [11.00923, 49.57727]}, "properties": {"pi2025": 10.7, "pi2018": 8.9, "change_pct": 0, "n2025": 54, "grid": "4394_2941"}}, {"type": "Feature", "geometry": {"type": "Point", "coordinates": [11.00941, 49.58626]}, "properties": {"pi2025": 11.6, "pi2018": 9.5, "change_pct": 63.6, "n2025": 90, "grid": "4394_2942"}}, {"type": "Feature", "geometry": {"type": "Point", "coordinates": [11.0096, 49.59525]}, "properties": {"pi2025": 24.9, "pi2018": 0, "change_pct": 0, "n2025": 65, "grid": "4394_2943"}}, {"type": "Feature", "geometry": {"type": "Point", "coordinates": [11.03949, 50.97967]}, "properties": {"pi2025": 9.0, "pi2018": 6.5, "change_pct": 79.2, "n2025": 55, "grid": "4394_3097"}}, {"type": "Feature", "geometry": {"type": "Point", "coordinates": [11.03381, 49.43315]}, "properties": {"pi2025": 11.7, "pi2018": 8.5, "change_pct": 115.0, "n2025": 77, "grid": "4396_2925"}}, {"type": "Feature", "geometry": {"type": "Point", "coordinates": [11.03419, 49.45113]}, "properties": {"pi2025": 11.7, "pi2018": 9.1, "change_pct": 85.9, "n2025": 179, "grid": "4396_2927"}}, {"type": "Feature", "geometry": {"type": "Point", "coordinates": [11.0474, 49.42403]}, "properties": {"pi2025": 10.3, "pi2018": 0, "change_pct": 0, "n2025": 68, "grid": "4397_2924"}}, {"type": "Feature", "geometry": {"type": "Point", "coordinates": [11.04759, 49.43302]}, "properties": {"pi2025": 11.0, "pi2018": 7.9, "change_pct": 104.4, "n2025": 82, "grid": "4397_2925"}}, {"type": "Feature", "geometry": {"type": "Point", "coordinates": [11.04779, 49.44201]}, "properties": {"pi2025": 11.6, "pi2018": 8.4, "change_pct": 109.6, "n2025": 77, "grid": "4397_2926"}}, {"type": "Feature", "geometry": {"type": "Point", "coordinates": [11.04798, 49.451]}, "properties": {"pi2025": 11.1, "pi2018": 8.8, "change_pct": 85.8, "n2025": 77, "grid": "4397_2927"}}, {"type": "Feature", "geometry": {"type": "Point", "coordinates": [11.04817, 49.45999]}, "properties": {"pi2025": 11.4, "pi2018": 8.2, "change_pct": 86.8, "n2025": 101, "grid": "4397_2928"}}, {"type": "Feature", "geometry": {"type": "Point", "coordinates": [11.06138, 49.43289]}, "properties": {"pi2025": 11.2, "pi2018": 8.0, "change_pct": 103.0, "n2025": 112, "grid": "4398_2925"}}, {"type": "Feature", "geometry": {"type": "Point", "coordinates": [11.06157, 49.44188]}, "properties": {"pi2025": 14.7, "pi2018": 9.1, "change_pct": 136.8, "n2025": 93, "grid": "4398_2926"}}, {"type": "Feature", "geometry": {"type": "Point", "coordinates": [11.06177, 49.45087]}, "properties": {"pi2025": 12.2, "pi2018": 9.4, "change_pct": 90.5, "n2025": 128, "grid": "4398_2927"}}, {"type": "Feature", "geometry": {"type": "Point", "coordinates": [11.06196, 49.45987]}, "properties": {"pi2025": 12.0, "pi2018": 9.2, "change_pct": 100.5, "n2025": 119, "grid": "4398_2928"}}, {"type": "Feature", "geometry": {"type": "Point", "coordinates": [11.07516, 49.43276]}, "properties": {"pi2025": 11.7, "pi2018": 7.9, "change_pct": 110.3, "n2025": 184, "grid": "4399_2925"}}, {"type": "Feature", "geometry": {"type": "Point", "coordinates": [11.07536, 49.44175]}, "properties": {"pi2025": 11.4, "pi2018": 9.1, "change_pct": 97.3, "n2025": 103, "grid": "4399_2926"}}, {"type": "Feature", "geometry": {"type": "Point", "coordinates": [11.07555, 49.45074]}, "properties": {"pi2025": 11.1, "pi2018": 10.0, "change_pct": 67.6, "n2025": 123, "grid": "4399_2927"}}, {"type": "Feature", "geometry": {"type": "Point", "coordinates": [11.07575, 49.45973]}, "properties": {"pi2025": 11.1, "pi2018": 9.3, "change_pct": 86.5, "n2025": 136, "grid": "4399_2928"}}, {"type": "Feature", "geometry": {"type": "Point", "coordinates": [11.08894, 49.43263]}, "properties": {"pi2025": 10.3, "pi2018": 8.6, "change_pct": 75.4, "n2025": 95, "grid": "4400_2925"}}, {"type": "Feature", "geometry": {"type": "Point", "coordinates": [11.08914, 49.44162]}, "properties": {"pi2025": 11.7, "pi2018": 8.6, "change_pct": 95.8, "n2025": 183, "grid": "4400_2926"}}, {"type": "Feature", "geometry": {"type": "Point", "coordinates": [11.08934, 49.45061]}, "properties": {"pi2025": 11.5, "pi2018": 8.9, "change_pct": 96.6, "n2025": 152, "grid": "4400_2927"}}, {"type": "Feature", "geometry": {"type": "Point", "coordinates": [11.08954, 49.4596]}, "properties": {"pi2025": 12.0, "pi2018": 8.8, "change_pct": 103.6, "n2025": 208, "grid": "4400_2928"}}, {"type": "Feature", "geometry": {"type": "Point", "coordinates": [11.10293, 49.44148]}, "properties": {"pi2025": 12.5, "pi2018": 8.9, "change_pct": 114.3, "n2025": 69, "grid": "4401_2926"}}, {"type": "Feature", "geometry": {"type": "Point", "coordinates": [11.10333, 49.45947]}, "properties": {"pi2025": 11.4, "pi2018": 9.4, "change_pct": 90.1, "n2025": 75, "grid": "4401_2928"}}, {"type": "Feature", "geometry": {"type": "Point", "coordinates": [11.11692, 49.45034]}, "properties": {"pi2025": 13.0, "pi2018": 0, "change_pct": 0, "n2025": 52, "grid": "4402_2927"}}, {"type": "Feature", "geometry": {"type": "Point", "coordinates": [11.22397, 52.02961]}, "properties": {"pi2025": 5.7, "pi2018": 4.4, "change_pct": 27.2, "n2025": 72, "grid": "4405_3214"}}, {"type": "Feature", "geometry": {"type": "Point", "coordinates": [11.1349, 47.83973]}, "properties": {"pi2025": 11.4, "pi2018": 0, "change_pct": 71.1, "n2025": 70, "grid": "4406_2748"}}, {"type": "Feature", "geometry": {"type": "Point", "coordinates": [11.36085, 53.64593]}, "properties": {"pi2025": 6.9, "pi2018": 5.6, "change_pct": 0, "n2025": 63, "grid": "4411_3394"}}, {"type": "Feature", "geometry": {"type": "Point", "coordinates": [11.22274, 48.16277]}, "properties": {"pi2025": 13.4, "pi2018": 10.9, "change_pct": 79.8, "n2025": 51, "grid": "4412_2784"}}, {"type": "Feature", "geometry": {"type": "Point", "coordinates": [11.38903, 53.5827]}, "properties": {"pi2025": 6.2, "pi2018": 0, "change_pct": 0, "n2025": 54, "grid": "4413_3387"}}, {"type": "Feature", "geometry": {"type": "Point", "coordinates": [11.39049, 53.62762]}, "properties": {"pi2025": 8.7, "pi2018": 6.0, "change_pct": 79.4, "n2025": 157, "grid": "4413_3392"}}, {"type": "Feature", "geometry": {"type": "Point", "coordinates": [11.4056, 53.62745]}, "properties": {"pi2025": 9.0, "pi2018": 6.3, "change_pct": 74.8, "n2025": 108, "grid": "4414_3392"}}, {"type": "Feature", "geometry": {"type": "Point", "coordinates": [11.41981, 53.60032]}, "properties": {"pi2025": 7.5, "pi2018": 5.2, "change_pct": 0, "n2025": 72, "grid": "4415_3389"}}, {"type": "Feature", "geometry": {"type": "Point", "coordinates": [11.42071, 53.62728]}, "properties": {"pi2025": 9.5, "pi2018": 0, "change_pct": 95.6, "n2025": 55, "grid": "4415_3392"}}, {"type": "Feature", "geometry": {"type": "Point", "coordinates": [11.45988, 53.88745]}, "properties": {"pi2025": 8.3, "pi2018": 6.0, "change_pct": 71.4, "n2025": 94, "grid": "4417_3421"}}, {"type": "Feature", "geometry": {"type": "Point", "coordinates": [11.35613, 48.12521]}, "properties": {"pi2025": 15.0, "pi2018": 11.1, "change_pct": 84.7, "n2025": 132, "grid": "4422_2780"}}, {"type": "Feature", "geometry": {"type": "Point", "coordinates": [11.37346, 48.76385]}, "properties": {"pi2025": 10.8, "pi2018": 9.3, "change_pct": 74.8, "n2025": 75, "grid": "4422_2851"}}, {"type": "Feature", "geometry": {"type": "Point", "coordinates": [11.46693, 51.88302]}, "properties": {"pi2025": 7.5, "pi2018": 0, "change_pct": 0, "n2025": 97, "grid": "4422_3198"}}, {"type": "Feature", "geometry": {"type": "Point", "coordinates": [11.36955, 48.12505]}, "properties": {"pi2025": 14.3, "pi2018": 0, "change_pct": 55.4, "n2025": 56, "grid": "4423_2780"}}, {"type": "Feature", "geometry": {"type": "Point", "coordinates": [11.4009, 48.7725]}, "properties": {"pi2025": 10.7, "pi2018": 9.7, "change_pct": 0, "n2025": 87, "grid": "4424_2852"}}, {"type": "Feature", "geometry": {"type": "Point", "coordinates": [11.41399, 48.75434]}, "properties": {"pi2025": 10.3, "pi2018": 9.6, "change_pct": 49.9, "n2025": 56, "grid": "4425_2850"}}, {"type": "Feature", "geometry": {"type": "Point", "coordinates": [11.41424, 48.76334]}, "properties": {"pi2025": 11.2, "pi2018": 10.3, "change_pct": 54.8, "n2025": 70, "grid": "4425_2851"}}, {"type": "Feature", "geometry": {"type": "Point", "coordinates": [11.4145, 48.77233]}, "properties": {"pi2025": 11.0, "pi2018": 9.9, "change_pct": 0, "n2025": 64, "grid": "4425_2852"}}, {"type": "Feature", "geometry": {"type": "Point", "coordinates": [11.512, 51.9274]}, "properties": {"pi2025": 7.0, "pi2018": 0, "change_pct": 0, "n2025": 56, "grid": "4425_3203"}}, {"type": "Feature", "geometry": {"type": "Point", "coordinates": [11.41007, 48.13354]}, "properties": {"pi2025": 15.8, "pi2018": 12.3, "change_pct": 0, "n2025": 105, "grid": "4426_2781"}}, {"type": "Feature", "geometry": {"type": "Point", "coordinates": [11.41032, 48.14253]}, "properties": {"pi2025": 14.9, "pi2018": 11.7, "change_pct": 69.6, "n2025": 62, "grid": "4426_2782"}}, {"type": "Feature", "geometry": {"type": "Point", "coordinates": [11.41107, 48.16952]}, "properties": {"pi2025": 16.7, "pi2018": 0, "change_pct": 0, "n2025": 74, "grid": "4426_2785"}}, {"type": "Feature", "geometry": {"type": "Point", "coordinates": [11.4281, 48.77216]}, "properties": {"pi2025": 12.2, "pi2018": 0, "change_pct": 0, "n2025": 59, "grid": "4426_2852"}}, {"type": "Feature", "geometry": {"type": "Point", "coordinates": [11.5247, 51.8733]}, "properties": {"pi2025": 6.5, "pi2018": 0, "change_pct": 0, "n2025": 312, "grid": "4426_3197"}}, {"type": "Feature", "geometry": {"type": "Point", "coordinates": [11.42375, 48.14236]}, "properties": {"pi2025": 18.0, "pi2018": 0, "change_pct": 95.4, "n2025": 83, "grid": "4427_2782"}}, {"type": "Feature", "geometry": {"type": "Point", "coordinates": [11.42704, 48.2593]}, "properties": {"pi2025": 13.1, "pi2018": 10.0, "change_pct": 71.1, "n2025": 88, "grid": "4427_2795"}}, {"type": "Feature", "geometry": {"type": "Point", "coordinates": [11.43718, 48.14218]}, "properties": {"pi2025": 19.2, "pi2018": 14.5, "change_pct": 111.5, "n2025": 61, "grid": "4428_2782"}}, {"type": "Feature", "geometry": {"type": "Point", "coordinates": [11.44024, 48.25013]}, "properties": {"pi2025": 13.1, "pi2018": 0, "change_pct": 61.8, "n2025": 50, "grid": "4428_2794"}}, {"type": "Feature", "geometry": {"type": "Point", "coordinates": [11.4405, 48.25913]}, "properties": {"pi2025": 14.1, "pi2018": 9.3, "change_pct": 81.9, "n2025": 54, "grid": "4428_2795"}}, {"type": "Feature", "geometry": {"type": "Point", "coordinates": [11.45061, 48.14201]}, "properties": {"pi2025": 17.2, "pi2018": 12.9, "change_pct": 89.2, "n2025": 118, "grid": "4429_2782"}}, {"type": "Feature", "geometry": {"type": "Point", "coordinates": [11.45215, 48.19598]}, "properties": {"pi2025": 17.1, "pi2018": 0, "change_pct": 80.0, "n2025": 110, "grid": "4429_2788"}}, {"type": "Feature", "geometry": {"type": "Point", "coordinates": [11.5777, 52.14227]}, "properties": {"pi2025": 5.6, "pi2018": 4.7, "change_pct": 74.8, "n2025": 61, "grid": "4429_3227"}}, {"type": "Feature", "geometry": {"type": "Point", "coordinates": [11.57802, 52.15126]}, "properties": {"pi2025": 5.9, "pi2018": 4.5, "change_pct": 82.5, "n2025": 59, "grid": "4429_3228"}}, {"type": "Feature", "geometry": {"type": "Point", "coordinates": [11.46248, 48.08786]}, "properties": {"pi2025": 15.6, "pi2018": 0, "change_pct": 80.0, "n2025": 102, "grid": "4430_2776"}}, {"type": "Feature", "geometry": {"type": "Point", "coordinates": [11.46404, 48.14183]}, "properties": {"pi2025": 18.8, "pi2018": 14.8, "change_pct": 105.9, "n2025": 151, "grid": "4430_2782"}}, {"type": "Feature", "geometry": {"type": "Point", "coordinates": [11.4643, 48.15083]}, "properties": {"pi2025": 18.0, "pi2018": 13.9, "change_pct": 78.4, "n2025": 58, "grid": "4430_2783"}}, {"type": "Feature", "geometry": {"type": "Point", "coordinates": [11.46455, 48.15982]}, "properties": {"pi2025": 17.9, "pi2018": 13.7, "change_pct": 85.1, "n2025": 53, "grid": "4430_2784"}}, {"type": "Feature", "geometry": {"type": "Point", "coordinates": [11.46638, 48.22279]}, "properties": {"pi2025": 15.3, "pi2018": 0, "change_pct": 95.4, "n2025": 55, "grid": "4430_2791"}}, {"type": "Feature", "geometry": {"type": "Point", "coordinates": [11.59102, 52.10614]}, "properties": {"pi2025": 6.9, "pi2018": 5.3, "change_pct": 66.7, "n2025": 223, "grid": "4430_3223"}}, {"type": "Feature", "geometry": {"type": "Point", "coordinates": [11.59134, 52.11512]}, "properties": {"pi2025": 6.7, "pi2018": 5.4, "change_pct": 58.3, "n2025": 128, "grid": "4430_3224"}}, {"type": "Feature", "geometry": {"type": "Point", "coordinates": [11.59166, 52.12411]}, "properties": {"pi2025": 6.9, "pi2018": 5.4, "change_pct": 69.4, "n2025": 123, "grid": "4430_3225"}}, {"type": "Feature", "geometry": {"type": "Point", "coordinates": [11.47563, 48.07868]}, "properties": {"pi2025": 16.7, "pi2018": 13.7, "change_pct": 86.6, "n2025": 66, "grid": "4431_2775"}}, {"type": "Feature", "geometry": {"type": "Point", "coordinates": [11.4759, 48.08768]}, "properties": {"pi2025": 15.4, "pi2018": 15.0, "change_pct": 76.8, "n2025": 88, "grid": "4431_2776"}}, {"type": "Feature", "geometry": {"type": "Point", "coordinates": [11.47668, 48.11466]}, "properties": {"pi2025": 18.1, "pi2018": 13.8, "change_pct": 88.3, "n2025": 80, "grid": "4431_2779"}}, {"type": "Feature", "geometry": {"type": "Point", "coordinates": [11.47746, 48.14165]}, "properties": {"pi2025": 16.9, "pi2018": 0, "change_pct": 0, "n2025": 59, "grid": "4431_2782"}}, {"type": "Feature", "geometry": {"type": "Point", "coordinates": [11.47851, 48.17763]}, "properties": {"pi2025": 16.9, "pi2018": 13.6, "change_pct": 77.0, "n2025": 78, "grid": "4431_2786"}}, {"type": "Feature", "geometry": {"type": "Point", "coordinates": [11.60497, 52.08797]}, "properties": {"pi2025": 5.9, "pi2018": 5.2, "change_pct": 55.4, "n2025": 55, "grid": "4431_3221"}}, {"type": "Feature", "geometry": {"type": "Point", "coordinates": [11.60562, 52.10594]}, "properties": {"pi2025": 6.8, "pi2018": 5.3, "change_pct": 50.8, "n2025": 130, "grid": "4431_3223"}}, {"type": "Feature", "geometry": {"type": "Point", "coordinates": [11.60626, 52.12391]}, "properties": {"pi2025": 7.1, "pi2018": 5.8, "change_pct": 56.7, "n2025": 237, "grid": "4431_3225"}}, {"type": "Feature", "geometry": {"type": "Point", "coordinates": [11.60658, 52.1329]}, "properties": {"pi2025": 6.9, "pi2018": 5.6, "change_pct": 50.6, "n2025": 256, "grid": "4431_3226"}}, {"type": "Feature", "geometry": {"type": "Point", "coordinates": [11.4901, 48.11448]}, "properties": {"pi2025": 17.8, "pi2018": 13.8, "change_pct": 93.7, "n2025": 106, "grid": "4432_2779"}}, {"type": "Feature", "geometry": {"type": "Point", "coordinates": [11.49063, 48.13248]}, "properties": {"pi2025": 18.2, "pi2018": 14.6, "change_pct": 98.2, "n2025": 121, "grid": "4432_2781"}}, {"type": "Feature", "geometry": {"type": "Point", "coordinates": [11.49089, 48.14147]}, "properties": {"pi2025": 18.7, "pi2018": 14.2, "change_pct": 97.3, "n2025": 66, "grid": "4432_2782"}}, {"type": "Feature", "geometry": {"type": "Point", "coordinates": [11.49195, 48.17745]}, "properties": {"pi2025": 18.7, "pi2018": 12.2, "change_pct": 114.4, "n2025": 66, "grid": "4432_2786"}}, {"type": "Feature", "geometry": {"type": "Point", "coordinates": [11.50236, 48.52825]}, "properties": {"pi2025": 10.3, "pi2018": 8.7, "change_pct": 80.1, "n2025": 72, "grid": "4432_2825"}}, {"type": "Feature", "geometry": {"type": "Point", "coordinates": [11.62021, 52.10574]}, "properties": {"pi2025": 7.1, "pi2018": 5.4, "change_pct": 62.3, "n2025": 150, "grid": "4432_3223"}}, {"type": "Feature", "geometry": {"type": "Point", "coordinates": [11.62053, 52.11473]}, "properties": {"pi2025": 7.8, "pi2018": 6.2, "change_pct": 79.3, "n2025": 132, "grid": "4432_3224"}}, {"type": "Feature", "geometry": {"type": "Point", "coordinates": [11.62086, 52.12371]}, "properties": {"pi2025": 7.2, "pi2018": 6.2, "change_pct": 57.3, "n2025": 57, "grid": "4432_3225"}}, {"type": "Feature", "geometry": {"type": "Point", "coordinates": [11.62118, 52.1327]}, "properties": {"pi2025": 7.9, "pi2018": 6.0, "change_pct": 75.8, "n2025": 59, "grid": "4432_3226"}}, {"type": "Feature", "geometry": {"type": "Point", "coordinates": [11.62184, 52.15067]}, "properties": {"pi2025": 6.6, "pi2018": 4.9, "change_pct": 63.0, "n2025": 135, "grid": "4432_3228"}}, {"type": "Feature", "geometry": {"type": "Point", "coordinates": [11.62216, 52.15965]}, "properties": {"pi2025": 6.0, "pi2018": 5.0, "change_pct": 45.4, "n2025": 97, "grid": "4432_3229"}}, {"type": "Feature", "geometry": {"type": "Point", "coordinates": [11.62249, 52.16864]}, "properties": {"pi2025": 6.0, "pi2018": 4.9, "change_pct": 36.6, "n2025": 135, "grid": "4432_3230"}}, {"type": "Feature", "geometry": {"type": "Point", "coordinates": [11.50246, 48.07832]}, "properties": {"pi2025": 18.0, "pi2018": 14.1, "change_pct": 91.1, "n2025": 90, "grid": "4433_2775"}}, {"type": "Feature", "geometry": {"type": "Point", "coordinates": [11.50272, 48.08731]}, "properties": {"pi2025": 17.6, "pi2018": 13.4, "change_pct": 89.8, "n2025": 51, "grid": "4433_2776"}}, {"type": "Feature", "geometry": {"type": "Point", "coordinates": [11.50299, 48.09631]}, "properties": {"pi2025": 17.7, "pi2018": 15.9, "change_pct": 83.0, "n2025": 75, "grid": "4433_2777"}}, {"type": "Feature", "geometry": {"type": "Point", "coordinates": [11.50326, 48.10531]}, "properties": {"pi2025": 18.5, "pi2018": 13.9, "change_pct": 103.8, "n2025": 78, "grid": "4433_2778"}}, {"type": "Feature", "geometry": {"type": "Point", "coordinates": [11.50379, 48.1233]}, "properties": {"pi2025": 16.6, "pi2018": 15.2, "change_pct": 78.8, "n2025": 107, "grid": "4433_2780"}}, {"type": "Feature", "geometry": {"type": "Point", "coordinates": [11.50405, 48.13229]}, "properties": {"pi2025": 15.1, "pi2018": 14.1, "change_pct": 62.3, "n2025": 153, "grid": "4433_2781"}}, {"type": "Feature", "geometry": {"type": "Point", "coordinates": [11.50432, 48.14129]}, "properties": {"pi2025": 17.7, "pi2018": 14.2, "change_pct": 90.5, "n2025": 141, "grid": "4433_2782"}}, {"type": "Feature", "geometry": {"type": "Point", "coordinates": [11.50459, 48.15028]}, "properties": {"pi2025": 18.9, "pi2018": 16.8, "change_pct": 79.8, "n2025": 77, "grid": "4433_2783"}}, {"type": "Feature", "geometry": {"type": "Point", "coordinates": [11.50485, 48.15928]}, "properties": {"pi2025": 19.1, "pi2018": 16.0, "change_pct": 74.1, "n2025": 53, "grid": "4433_2784"}}, {"type": "Feature", "geometry": {"type": "Point", "coordinates": [11.50539, 48.17727]}, "properties": {"pi2025": 18.3, "pi2018": 14.2, "change_pct": 103.3, "n2025": 92, "grid": "4433_2786"}}, {"type": "Feature", "geometry": {"type": "Point", "coordinates": [11.56015, 49.93975]}, "properties": {"pi2025": 10.3, "pi2018": 7.5, "change_pct": 89.8, "n2025": 62, "grid": "4433_2982"}}, {"type": "Feature", "geometry": {"type": "Point", "coordinates": [11.6348, 52.10554]}, "properties": {"pi2025": 7.7, "pi2018": 6.2, "change_pct": 91.7, "n2025": 59, "grid": "4433_3223"}}, {"type": "Feature", "geometry": {"type": "Point", "coordinates": [11.63579, 52.1325]}, "properties": {"pi2025": 6.9, "pi2018": 5.6, "change_pct": 43.0, "n2025": 122, "grid": "4433_3226"}}, {"type": "Feature", "geometry": {"type": "Point", "coordinates": [11.63611, 52.14148]}, "properties": {"pi2025": 6.6, "pi2018": 5.6, "change_pct": 46.3, "n2025": 102, "grid": "4433_3227"}}, {"type": "Feature", "geometry": {"type": "Point", "coordinates": [11.63644, 52.15047]}, "properties": {"pi2025": 6.7, "pi2018": 5.8, "change_pct": 50.0, "n2025": 73, "grid": "4433_3228"}}, {"type": "Feature", "geometry": {"type": "Point", "coordinates": [11.63677, 52.15945]}, "properties": {"pi2025": 6.3, "pi2018": 5.1, "change_pct": 41.0, "n2025": 50, "grid": "4433_3229"}}, {"type": "Feature", "geometry": {"type": "Point", "coordinates": [11.5156, 48.06914]}, "properties": {"pi2025": 18.0, "pi2018": 13.7, "change_pct": 67.6, "n2025": 72, "grid": "4434_2774"}}, {"type": "Feature", "geometry": {"type": "Point", "coordinates": [11.51587, 48.07813]}, "properties": {"pi2025": 17.8, "pi2018": 13.7, "change_pct": 76.4, "n2025": 85, "grid": "4434_2775"}}, {"type": "Feature", "geometry": {"type": "Point", "coordinates": [11.51614, 48.08713]}, "properties": {"pi2025": 19.0, "pi2018": 14.1, "change_pct": 110.4, "n2025": 76, "grid": "4434_2776"}}, {"type": "Feature", "geometry": {"type": "Point", "coordinates": [11.51641, 48.09613]}, "properties": {"pi2025": 16.9, "pi2018": 14.7, "change_pct": 84.2, "n2025": 94, "grid": "4434_2777"}}, {"type": "Feature", "geometry": {"type": "Point", "coordinates": [11.51667, 48.10512]}, "properties": {"pi2025": 17.2, "pi2018": 15.1, "change_pct": 87.5, "n2025": 90, "grid": "4434_2778"}}, {"type": "Feature", "geometry": {"type": "Point", "coordinates": [11.51694, 48.11412]}, "properties": {"pi2025": 21.2, "pi2018": 14.9, "change_pct": 119.8, "n2025": 127, "grid": "4434_2779"}}, {"type": "Feature", "geometry": {"type": "Point", "coordinates": [11.51748, 48.13211]}, "properties": {"pi2025": 22.4, "pi2018": 15.1, "change_pct": 138.2, "n2025": 156, "grid": "4434_2781"}}, {"type": "Feature", "geometry": {"type": "Point", "coordinates": [11.51775, 48.1411]}, "properties": {"pi2025": 18.2, "pi2018": 15.2, "change_pct": 106.5, "n2025": 88, "grid": "4434_2782"}}, {"type": "Feature", "geometry": {"type": "Point", "coordinates": [11.51802, 48.1501]}, "properties": {"pi2025": 15.6, "pi2018": 17.4, "change_pct": 45.7, "n2025": 83, "grid": "4434_2783"}}, {"type": "Feature", "geometry": {"type": "Point", "coordinates": [11.51829, 48.1591]}, "properties": {"pi2025": 18.1, "pi2018": 16.3, "change_pct": 44.4, "n2025": 59, "grid": "4434_2784"}}, {"type": "Feature", "geometry": {"type": "Point", "coordinates": [11.51883, 48.17709]}, "properties": {"pi2025": 15.2, "pi2018": 15.1, "change_pct": 62.2, "n2025": 141, "grid": "4434_2786"}}, {"type": "Feature", "geometry": {"type": "Point", "coordinates": [11.57408, 49.93956]}, "properties": {"pi2025": 9.6, "pi2018": 7.6, "change_pct": 87.8, "n2025": 77, "grid": "4434_2982"}}, {"type": "Feature", "geometry": {"type": "Point", "coordinates": [11.64873, 52.08737]}, "properties": {"pi2025": 6.7, "pi2018": 5.2, "change_pct": 48.3, "n2025": 76, "grid": "4434_3221"}}, {"type": "Feature", "geometry": {"type": "Point", "coordinates": [11.64972, 52.11432]}, "properties": {"pi2025": 6.1, "pi2018": 5.6, "change_pct": 24.4, "n2025": 92, "grid": "4434_3224"}}, {"type": "Feature", "geometry": {"type": "Point", "coordinates": [11.65005, 52.12331]}, "properties": {"pi2025": 6.6, "pi2018": 6.7, "change_pct": 40.7, "n2025": 96, "grid": "4434_3225"}}, {"type": "Feature", "geometry": {"type": "Point", "coordinates": [11.65072, 52.14128]}, "properties": {"pi2025": 7.1, "pi2018": 5.4, "change_pct": 55.6, "n2025": 99, "grid": "4434_3227"}}, {"type": "Feature", "geometry": {"type": "Point", "coordinates": [11.52955, 48.08694]}, "properties": {"pi2025": 19.5, "pi2018": 14.2, "change_pct": 114.5, "n2025": 96, "grid": "4435_2776"}}, {"type": "Feature", "geometry": {"type": "Point", "coordinates": [11.52982, 48.09594]}, "properties": {"pi2025": 19.4, "pi2018": 15.6, "change_pct": 103.0, "n2025": 156, "grid": "4435_2777"}}, {"type": "Feature", "geometry": {"type": "Point", "coordinates": [11.53009, 48.10494]}, "properties": {"pi2025": 20.8, "pi2018": 14.5, "change_pct": 128.9, "n2025": 117, "grid": "4435_2778"}}, {"type": "Feature", "geometry": {"type": "Point", "coordinates": [11.53036, 48.11393]}, "properties": {"pi2025": 18.0, "pi2018": 15.5, "change_pct": 92.2, "n2025": 251, "grid": "4435_2779"}}, {"type": "Feature", "geometry": {"type": "Point", "coordinates": [11.53063, 48.12293]}, "properties": {"pi2025": 21.6, "pi2018": 15.6, "change_pct": 127.1, "n2025": 119, "grid": "4435_2780"}}, {"type": "Feature", "geometry": {"type": "Point", "coordinates": [11.53091, 48.13192]}, "properties": {"pi2025": 18.1, "pi2018": 16.5, "change_pct": 81.0, "n2025": 207, "grid": "4435_2781"}}, {"type": "Feature", "geometry": {"type": "Point", "coordinates": [11.53118, 48.14092]}, "properties": {"pi2025": 20.3, "pi2018": 17.0, "change_pct": 93.9, "n2025": 179, "grid": "4435_2782"}}, {"type": "Feature", "geometry": {"type": "Point", "coordinates": [11.53145, 48.14991]}, "properties": {"pi2025": 20.4, "pi2018": 17.2, "change_pct": 96.9, "n2025": 278, "grid": "4435_2783"}}, {"type": "Feature", "geometry": {"type": "Point", "coordinates": [11.53172, 48.15891]}, "properties": {"pi2025": 18.6, "pi2018": 16.8, "change_pct": 91.2, "n2025": 196, "grid": "4435_2784"}}, {"type": "Feature", "geometry": {"type": "Point", "coordinates": [11.66265, 52.0692]}, "properties": {"pi2025": 7.9, "pi2018": 0, "change_pct": 97.9, "n2025": 51, "grid": "4435_3219"}}, {"type": "Feature", "geometry": {"type": "Point", "coordinates": [11.54351, 48.10475]}, "properties": {"pi2025": 18.5, "pi2018": 15.7, "change_pct": 92.1, "n2025": 82, "grid": "4436_2778"}}, {"type": "Feature", "geometry": {"type": "Point", "coordinates": [11.54378, 48.11374]}, "properties": {"pi2025": 17.2, "pi2018": 15.5, "change_pct": 77.1, "n2025": 173, "grid": "4436_2779"}}, {"type": "Feature", "geometry": {"type": "Point", "coordinates": [11.54406, 48.12274]}, "properties": {"pi2025": 20.8, "pi2018": 16.3, "change_pct": 98.7, "n2025": 151, "grid": "4436_2780"}}, {"type": "Feature", "geometry": {"type": "Point", "coordinates": [11.54433, 48.13174]}, "properties": {"pi2025": 22.0, "pi2018": 15.6, "change_pct": 123.6, "n2025": 142, "grid": "4436_2781"}}, {"type": "Feature", "geometry": {"type": "Point", "coordinates": [11.5446, 48.14073]}, "properties": {"pi2025": 18.4, "pi2018": 17.8, "change_pct": 83.4, "n2025": 163, "grid": "4436_2782"}}, {"type": "Feature", "geometry": {"type": "Point", "coordinates": [11.54488, 48.14973]}, "properties": {"pi2025": 18.3, "pi2018": 17.6, "change_pct": 82.7, "n2025": 171, "grid": "4436_2783"}}, {"type": "Feature", "geometry": {"type": "Point", "coordinates": [11.54515, 48.15872]}, "properties": {"pi2025": 21.6, "pi2018": 16.6, "change_pct": 125.8, "n2025": 128, "grid": "4436_2784"}}, {"type": "Feature", "geometry": {"type": "Point", "coordinates": [11.5457, 48.17671]}, "properties": {"pi2025": 18.3, "pi2018": 16.6, "change_pct": 88.5, "n2025": 74, "grid": "4436_2786"}}, {"type": "Feature", "geometry": {"type": "Point", "coordinates": [11.54652, 48.2037]}, "properties": {"pi2025": 16.3, "pi2018": 0, "change_pct": 85.5, "n2025": 53, "grid": "4436_2789"}}, {"type": "Feature", "geometry": {"type": "Point", "coordinates": [11.5468, 48.21269]}, "properties": {"pi2025": 12.0, "pi2018": 0, "change_pct": 38.2, "n2025": 62, "grid": "4436_2790"}}, {"type": "Feature", "geometry": {"type": "Point", "coordinates": [11.5479, 48.24868]}, "properties": {"pi2025": 14.4, "pi2018": 13.5, "change_pct": 76.6, "n2025": 77, "grid": "4436_2794"}}, {"type": "Feature", "geometry": {"type": "Point", "coordinates": [11.55638, 48.08657]}, "properties": {"pi2025": 19.0, "pi2018": 15.1, "change_pct": 74.5, "n2025": 73, "grid": "4437_2776"}}, {"type": "Feature", "geometry": {"type": "Point", "coordinates": [11.55665, 48.09556]}, "properties": {"pi2025": 19.0, "pi2018": 14.0, "change_pct": 75.1, "n2025": 50, "grid": "4437_2777"}}, {"type": "Feature", "geometry": {"type": "Point", "coordinates": [11.55693, 48.10456]}, "properties": {"pi2025": 18.6, "pi2018": 16.4, "change_pct": 99.9, "n2025": 135, "grid": "4437_2778"}}, {"type": "Feature", "geometry": {"type": "Point", "coordinates": [11.5572, 48.11356]}, "properties": {"pi2025": 20.2, "pi2018": 16.9, "change_pct": 94.5, "n2025": 111, "grid": "4437_2779"}}, {"type": "Feature", "geometry": {"type": "Point", "coordinates": [11.55748, 48.12255]}, "properties": {"pi2025": 20.2, "pi2018": 19.6, "change_pct": 81.3, "n2025": 306, "grid": "4437_2780"}}, {"type": "Feature", "geometry": {"type": "Point", "coordinates": [11.55776, 48.13155]}, "properties": {"pi2025": 20.6, "pi2018": 19.0, "change_pct": 89.0, "n2025": 202, "grid": "4437_2781"}}, {"type": "Feature", "geometry": {"type": "Point", "coordinates": [11.55803, 48.14054]}, "properties": {"pi2025": 19.2, "pi2018": 19.2, "change_pct": 71.7, "n2025": 232, "grid": "4437_2782"}}, {"type": "Feature", "geometry": {"type": "Point", "coordinates": [11.55831, 48.14954]}, "properties": {"pi2025": 20.0, "pi2018": 18.9, "change_pct": 81.1, "n2025": 443, "grid": "4437_2783"}}, {"type": "Feature", "geometry": {"type": "Point", "coordinates": [11.55858, 48.15853]}, "properties": {"pi2025": 20.8, "pi2018": 18.5, "change_pct": 94.9, "n2025": 309, "grid": "4437_2784"}}, {"type": "Feature", "geometry": {"type": "Point", "coordinates": [11.55886, 48.16753]}, "properties": {"pi2025": 20.3, "pi2018": 18.1, "change_pct": 103.7, "n2025": 162, "grid": "4437_2785"}}, {"type": "Feature", "geometry": {"type": "Point", "coordinates": [11.55914, 48.17652]}, "properties": {"pi2025": 19.9, "pi2018": 17.1, "change_pct": 103.9, "n2025": 211, "grid": "4437_2786"}}, {"type": "Feature", "geometry": {"type": "Point", "coordinates": [11.55941, 48.18552]}, "properties": {"pi2025": 21.0, "pi2018": 15.8, "change_pct": 129.0, "n2025": 84, "grid": "4437_2787"}}, {"type": "Feature", "geometry": {"type": "Point", "coordinates": [11.56191, 48.26648]}, "properties": {"pi2025": 17.7, "pi2018": 13.4, "change_pct": 106.0, "n2025": 50, "grid": "4437_2796"}}, {"type": "Feature", "geometry": {"type": "Point", "coordinates": [11.57007, 48.09537]}, "properties": {"pi2025": 15.5, "pi2018": 15.2, "change_pct": 59.1, "n2025": 62, "grid": "4438_2777"}}, {"type": "Feature", "geometry": {"type": "Point", "coordinates": [11.57035, 48.10437]}, "properties": {"pi2025": 19.2, "pi2018": 16.1, "change_pct": 95.3, "n2025": 174, "grid": "4438_2778"}}, {"type": "Feature", "geometry": {"type": "Point", "coordinates": [11.57063, 48.11337]}, "properties": {"pi2025": 19.7, "pi2018": 16.2, "change_pct": 90.1, "n2025": 223, "grid": "4438_2779"}}, {"type": "Feature", "geometry": {"type": "Point", "coordinates": [11.5709, 48.12236]}, "properties": {"pi2025": 21.6, "pi2018": 19.2, "change_pct": 86.7, "n2025": 362, "grid": "4438_2780"}}, {"type": "Feature", "geometry": {"type": "Point", "coordinates": [11.57118, 48.13136]}, "properties": {"pi2025": 23.2, "pi2018": 19.0, "change_pct": 91.9, "n2025": 263, "grid": "4438_2781"}}, {"type": "Feature", "geometry": {"type": "Point", "coordinates": [11.57146, 48.14035]}, "properties": {"pi2025": 18.3, "pi2018": 19.4, "change_pct": 54.7, "n2025": 93, "grid": "4438_2782"}}, {"type": "Feature", "geometry": {"type": "Point", "coordinates": [11.57174, 48.14935]}, "properties": {"pi2025": 21.1, "pi2018": 20.4, "change_pct": 82.0, "n2025": 370, "grid": "4438_2783"}}, {"type": "Feature", "geometry": {"type": "Point", "coordinates": [11.57202, 48.15834]}, "properties": {"pi2025": 20.3, "pi2018": 19.1, "change_pct": 77.1, "n2025": 325, "grid": "4438_2784"}}, {"type": "Feature", "geometry": {"type": "Point", "coordinates": [11.5723, 48.16734]}, "properties": {"pi2025": 20.5, "pi2018": 18.0, "change_pct": 98.7, "n2025": 168, "grid": "4438_2785"}}, {"type": "Feature", "geometry": {"type": "Point", "coordinates": [11.57258, 48.17633]}, "properties": {"pi2025": 19.6, "pi2018": 16.7, "change_pct": 108.3, "n2025": 135, "grid": "4438_2786"}}, {"type": "Feature", "geometry": {"type": "Point", "coordinates": [11.57285, 48.18533]}, "properties": {"pi2025": 19.4, "pi2018": 0, "change_pct": 113.2, "n2025": 50, "grid": "4438_2787"}}, {"type": "Feature", "geometry": {"type": "Point", "coordinates": [11.57593, 48.28428]}, "properties": {"pi2025": 17.0, "pi2018": 0, "change_pct": 0, "n2025": 54, "grid": "4438_2798"}}, {"type": "Feature", "geometry": {"type": "Point", "coordinates": [11.58377, 48.10418]}, "properties": {"pi2025": 16.8, "pi2018": 13.7, "change_pct": 86.5, "n2025": 184, "grid": "4439_2778"}}, {"type": "Feature", "geometry": {"type": "Point", "coordinates": [11.58405, 48.11317]}, "properties": {"pi2025": 18.9, "pi2018": 15.7, "change_pct": 100.1, "n2025": 224, "grid": "4439_2779"}}, {"type": "Feature", "geometry": {"type": "Point", "coordinates": [11.58433, 48.12217]}, "properties": {"pi2025": 20.2, "pi2018": 18.3, "change_pct": 86.6, "n2025": 280, "grid": "4439_2780"}}, {"type": "Feature", "geometry": {"type": "Point", "coordinates": [11.58461, 48.13116]}, "properties": {"pi2025": 21.4, "pi2018": 19.0, "change_pct": 77.4, "n2025": 129, "grid": "4439_2781"}}, {"type": "Feature", "geometry": {"type": "Point", "coordinates": [11.58489, 48.14016]}, "properties": {"pi2025": 20.2, "pi2018": 19.4, "change_pct": 64.1, "n2025": 95, "grid": "4439_2782"}}, {"type": "Feature", "geometry": {"type": "Point", "coordinates": [11.58545, 48.15815]}, "properties": {"pi2025": 22.3, "pi2018": 20.3, "change_pct": 94.0, "n2025": 159, "grid": "4439_2784"}}, {"type": "Feature", "geometry": {"type": "Point", "coordinates": [11.58573, 48.16715]}, "properties": {"pi2025": 21.0, "pi2018": 18.6, "change_pct": 95.8, "n2025": 186, "grid": "4439_2785"}}, {"type": "Feature", "geometry": {"type": "Point", "coordinates": [11.58601, 48.17614]}, "properties": {"pi2025": 19.2, "pi2018": 13.6, "change_pct": 102.0, "n2025": 79, "grid": "4439_2786"}}, {"type": "Feature", "geometry": {"type": "Point", "coordinates": [11.71856, 52.00547]}, "properties": {"pi2025": 5.8, "pi2018": 4.6, "change_pct": 36.8, "n2025": 55, "grid": "4439_3212"}}, {"type": "Feature", "geometry": {"type": "Point", "coordinates": [11.59718, 48.10398]}, "properties": {"pi2025": 20.8, "pi2018": 15.0, "change_pct": 121.1, "n2025": 90, "grid": "4440_2778"}}, {"type": "Feature", "geometry": {"type": "Point", "coordinates": [11.59747, 48.11298]}, "properties": {"pi2025": 17.4, "pi2018": 16.0, "change_pct": 93.6, "n2025": 110, "grid": "4440_2779"}}, {"type": "Feature", "geometry": {"type": "Point", "coordinates": [11.59775, 48.12198]}, "properties": {"pi2025": 18.5, "pi2018": 17.6, "change_pct": 76.5, "n2025": 175, "grid": "4440_2780"}}, {"type": "Feature", "geometry": {"type": "Point", "coordinates": [11.59803, 48.13097]}, "properties": {"pi2025": 18.8, "pi2018": 17.5, "change_pct": 80.0, "n2025": 204, "grid": "4440_2781"}}, {"type": "Feature", "geometry": {"type": "Point", "coordinates": [11.59832, 48.13997]}, "properties": {"pi2025": 19.9, "pi2018": 16.7, "change_pct": 70.1, "n2025": 86, "grid": "4440_2782"}}, {"type": "Feature", "geometry": {"type": "Point", "coordinates": [11.5986, 48.14896]}, "properties": {"pi2025": 20.9, "pi2018": 19.1, "change_pct": 73.8, "n2025": 50, "grid": "4440_2783"}}, {"type": "Feature", "geometry": {"type": "Point", "coordinates": [11.59945, 48.17595]}, "properties": {"pi2025": 16.3, "pi2018": 0, "change_pct": 81.3, "n2025": 51, "grid": "4440_2786"}}, {"type": "Feature", "geometry": {"type": "Point", "coordinates": [11.60918, 48.05881]}, "properties": {"pi2025": 14.4, "pi2018": 12.9, "change_pct": 57.4, "n2025": 93, "grid": "4441_2773"}}, {"type": "Feature", "geometry": {"type": "Point", "coordinates": [11.6106, 48.10379]}, "properties": {"pi2025": 16.3, "pi2018": 12.9, "change_pct": 92.0, "n2025": 102, "grid": "4441_2778"}}, {"type": "Feature", "geometry": {"type": "Point", "coordinates": [11.61089, 48.11278]}, "properties": {"pi2025": 12.9, "pi2018": 13.7, "change_pct": 49.6, "n2025": 54, "grid": "4441_2779"}}, {"type": "Feature", "geometry": {"type": "Point", "coordinates": [11.61117, 48.12178]}, "properties": {"pi2025": 15.0, "pi2018": 15.0, "change_pct": 71.9, "n2025": 114, "grid": "4441_2780"}}, {"type": "Feature", "geometry": {"type": "Point", "coordinates": [11.61146, 48.13078]}, "properties": {"pi2025": 21.8, "pi2018": 17.1, "change_pct": 127.0, "n2025": 144, "grid": "4441_2781"}}, {"type": "Feature", "geometry": {"type": "Point", "coordinates": [11.61174, 48.13977]}, "properties": {"pi2025": 19.4, "pi2018": 18.7, "change_pct": 96.9, "n2025": 95, "grid": "4441_2782"}}, {"type": "Feature", "geometry": {"type": "Point", "coordinates": [11.61203, 48.14877]}, "properties": {"pi2025": 19.5, "pi2018": 15.9, "change_pct": 92.1, "n2025": 78, "grid": "4441_2783"}}, {"type": "Feature", "geometry": {"type": "Point", "coordinates": [11.61231, 48.15776]}, "properties": {"pi2025": 21.5, "pi2018": 16.0, "change_pct": 95.5, "n2025": 55, "grid": "4441_2784"}}, {"type": "Feature", "geometry": {"type": "Point", "coordinates": [11.61662, 48.29269]}, "properties": {"pi2025": 14.9, "pi2018": 10.8, "change_pct": 89.2, "n2025": 63, "grid": "4441_2799"}}, {"type": "Feature", "geometry": {"type": "Point", "coordinates": [11.62258, 48.05861]}, "properties": {"pi2025": 15.7, "pi2018": 0, "change_pct": 70.7, "n2025": 60, "grid": "4442_2773"}}, {"type": "Feature", "geometry": {"type": "Point", "coordinates": [11.62373, 48.0946]}, "properties": {"pi2025": 15.7, "pi2018": 12.6, "change_pct": 79.0, "n2025": 57, "grid": "4442_2777"}}, {"type": "Feature", "geometry": {"type": "Point", "coordinates": [11.62402, 48.10359]}, "properties": {"pi2025": 16.7, "pi2018": 14.3, "change_pct": 94.3, "n2025": 56, "grid": "4442_2778"}}, {"type": "Feature", "geometry": {"type": "Point", "coordinates": [11.62459, 48.12158]}, "properties": {"pi2025": 17.2, "pi2018": 14.4, "change_pct": 77.1, "n2025": 90, "grid": "4442_2780"}}, {"type": "Feature", "geometry": {"type": "Point", "coordinates": [11.62488, 48.13058]}, "properties": {"pi2025": 17.2, "pi2018": 0, "change_pct": 68.0, "n2025": 55, "grid": "4442_2781"}}, {"type": "Feature", "geometry": {"type": "Point", "coordinates": [11.62546, 48.14857]}, "properties": {"pi2025": 18.4, "pi2018": 15.0, "change_pct": 72.6, "n2025": 74, "grid": "4442_2783"}}, {"type": "Feature", "geometry": {"type": "Point", "coordinates": [11.62575, 48.15756]}, "properties": {"pi2025": 17.7, "pi2018": 13.8, "change_pct": 82.5, "n2025": 61, "grid": "4442_2784"}}, {"type": "Feature", "geometry": {"type": "Point", "coordinates": [11.62603, 48.16656]}, "properties": {"pi2025": 18.4, "pi2018": 14.0, "change_pct": 101.6, "n2025": 105, "grid": "4442_2785"}}, {"type": "Feature", "geometry": {"type": "Point", "coordinates": [11.63715, 48.0944]}, "properties": {"pi2025": 17.1, "pi2018": 11.4, "change_pct": 86.8, "n2025": 64, "grid": "4443_2777"}}, {"type": "Feature", "geometry": {"type": "Point", "coordinates": [11.63802, 48.12138]}, "properties": {"pi2025": 17.1, "pi2018": 13.6, "change_pct": 81.7, "n2025": 81, "grid": "4443_2780"}}, {"type": "Feature", "geometry": {"type": "Point", "coordinates": [11.63889, 48.14837]}, "properties": {"pi2025": 17.9, "pi2018": 0, "change_pct": 92.5, "n2025": 63, "grid": "4443_2783"}}, {"type": "Feature", "geometry": {"type": "Point", "coordinates": [11.63947, 48.16636]}, "properties": {"pi2025": 18.2, "pi2018": 14.4, "change_pct": 100.4, "n2025": 68, "grid": "4443_2785"}}, {"type": "Feature", "geometry": {"type": "Point", "coordinates": [11.65056, 48.0942]}, "properties": {"pi2025": 16.9, "pi2018": 13.2, "change_pct": 106.1, "n2025": 81, "grid": "4444_2777"}}, {"type": "Feature", "geometry": {"type": "Point", "coordinates": [11.65085, 48.10319]}, "properties": {"pi2025": 17.4, "pi2018": 13.4, "change_pct": 110.6, "n2025": 79, "grid": "4444_2778"}}, {"type": "Feature", "geometry": {"type": "Point", "coordinates": [11.65144, 48.12118]}, "properties": {"pi2025": 21.7, "pi2018": 14.5, "change_pct": 127.6, "n2025": 80, "grid": "4444_2780"}}, {"type": "Feature", "geometry": {"type": "Point", "coordinates": [11.66811, 48.21993]}, "properties": {"pi2025": 12.6, "pi2018": 12.4, "change_pct": 39.8, "n2025": 55, "grid": "4445_2791"}}, {"type": "Feature", "geometry": {"type": "Point", "coordinates": [11.67799, 48.11178]}, "properties": {"pi2025": 15.9, "pi2018": 12.3, "change_pct": 69.5, "n2025": 56, "grid": "4446_2779"}}, {"type": "Feature", "geometry": {"type": "Point", "coordinates": [11.84491, 52.59687]}, "properties": {"pi2025": 6.3, "pi2018": 5.0, "change_pct": 45.4, "n2025": 61, "grid": "4446_3278"}}, {"type": "Feature", "geometry": {"type": "Point", "coordinates": [11.69111, 48.10258]}, "properties": {"pi2025": 16.7, "pi2018": 12.6, "change_pct": 78.4, "n2025": 91, "grid": "4447_2778"}}, {"type": "Feature", "geometry": {"type": "Point", "coordinates": [11.69141, 48.11158]}, "properties": {"pi2025": 16.2, "pi2018": 13.6, "change_pct": 77.1, "n2025": 79, "grid": "4447_2779"}}, {"type": "Feature", "geometry": {"type": "Point", "coordinates": [11.84575, 52.26425]}, "properties": {"pi2025": 7.1, "pi2018": 4.7, "change_pct": 0, "n2025": 130, "grid": "4447_3241"}}, {"type": "Feature", "geometry": {"type": "Point", "coordinates": [11.84612, 52.27324]}, "properties": {"pi2025": 6.3, "pi2018": 0, "change_pct": 0, "n2025": 93, "grid": "4447_3242"}}, {"type": "Feature", "geometry": {"type": "Point", "coordinates": [11.70452, 48.10238]}, "properties": {"pi2025": 16.0, "pi2018": 12.5, "change_pct": 67.3, "n2025": 54, "grid": "4448_2778"}}, {"type": "Feature", "geometry": {"type": "Point", "coordinates": [11.71794, 48.10217]}, "properties": {"pi2025": 16.0, "pi2018": 12.7, "change_pct": 89.4, "n2025": 84, "grid": "4449_2778"}}, {"type": "Feature", "geometry": {"type": "Point", "coordinates": [11.72805, 48.39899]}, "properties": {"pi2025": 10.9, "pi2018": 9.4, "change_pct": 36.8, "n2025": 58, "grid": "4449_2811"}}, {"type": "Feature", "geometry": {"type": "Point", "coordinates": [11.73166, 48.11095]}, "properties": {"pi2025": 15.8, "pi2018": 0, "change_pct": 0, "n2025": 61, "grid": "4450_2779"}}, {"type": "Feature", "geometry": {"type": "Point", "coordinates": [11.74155, 48.39878]}, "properties": {"pi2025": 13.5, "pi2018": 10.3, "change_pct": 79.0, "n2025": 58, "grid": "4450_2811"}}, {"type": "Feature", "geometry": {"type": "Point", "coordinates": [11.74186, 48.40777]}, "properties": {"pi2025": 11.9, "pi2018": 10.5, "change_pct": 60.9, "n2025": 56, "grid": "4450_2812"}}, {"type": "Feature", "geometry": {"type": "Point", "coordinates": [11.9, 51.47226]}, "properties": {"pi2025": 5.9, "pi2018": 0, "change_pct": 0, "n2025": 66, "grid": "4453_3153"}}, {"type": "Feature", "geometry": {"type": "Point", "coordinates": [11.9015, 51.5082]}, "properties": {"pi2025": 6.4, "pi2018": 4.5, "change_pct": 90.2, "n2025": 77, "grid": "4453_3157"}}, {"type": "Feature", "geometry": {"type": "Point", "coordinates": [11.91401, 51.46304]}, "properties": {"pi2025": 6.2, "pi2018": 0, "change_pct": 0, "n2025": 94, "grid": "4454_3152"}}, {"type": "Feature", "geometry": {"type": "Point", "coordinates": [11.91439, 51.47203]}, "properties": {"pi2025": 6.1, "pi2018": 0, "change_pct": 31.5, "n2025": 176, "grid": "4454_3153"}}, {"type": "Feature", "geometry": {"type": "Point", "coordinates": [11.91477, 51.48101]}, "properties": {"pi2025": 6.2, "pi2018": 0, "change_pct": 0, "n2025": 84, "grid": "4454_3154"}}, {"type": "Feature", "geometry": {"type": "Point", "coordinates": [11.84752, 49.44073]}, "properties": {"pi2025": 9.0, "pi2018": 0, "change_pct": 87.3, "n2025": 64, "grid": "4455_2927"}}, {"type": "Feature", "geometry": {"type": "Point", "coordinates": [11.92878, 51.47179]}, "properties": {"pi2025": 5.9, "pi2018": 0, "change_pct": 30.0, "n2025": 134, "grid": "4455_3153"}}, {"type": "Feature", "geometry": {"type": "Point", "coordinates": [11.92916, 51.48078]}, "properties": {"pi2025": 6.9, "pi2018": 0, "change_pct": 50.7, "n2025": 141, "grid": "4455_3154"}}, {"type": "Feature", "geometry": {"type": "Point", "coordinates": [11.94164, 51.43562]}, "properties": {"pi2025": 6.8, "pi2018": 0, "change_pct": 0, "n2025": 61, "grid": "4456_3149"}}, {"type": "Feature", "geometry": {"type": "Point", "coordinates": [11.94202, 51.4446]}, "properties": {"pi2025": 5.9, "pi2018": 5.1, "change_pct": 37.8, "n2025": 59, "grid": "4456_3150"}}, {"type": "Feature", "geometry": {"type": "Point", "coordinates": [11.9424, 51.45358]}, "properties": {"pi2025": 6.5, "pi2018": 5.2, "change_pct": 48.8, "n2025": 67, "grid": "4456_3151"}}, {"type": "Feature", "geometry": {"type": "Point", "coordinates": [11.9094, 50.31216]}, "properties": {"pi2025": 7.1, "pi2018": 4.9, "change_pct": 0, "n2025": 52, "grid": "4457_3024"}}, {"type": "Feature", "geometry": {"type": "Point", "coordinates": [11.95601, 51.43538]}, "properties": {"pi2025": 6.1, "pi2018": 0, "change_pct": 59.6, "n2025": 126, "grid": "4457_3149"}}, {"type": "Feature", "geometry": {"type": "Point", "coordinates": [11.9564, 51.44436]}, "properties": {"pi2025": 6.1, "pi2018": 0, "change_pct": 50.5, "n2025": 71, "grid": "4457_3150"}}, {"type": "Feature", "geometry": {"type": "Point", "coordinates": [11.95755, 51.47131]}, "properties": {"pi2025": 7.7, "pi2018": 0, "change_pct": 76.7, "n2025": 171, "grid": "4457_3153"}}, {"type": "Feature", "geometry": {"type": "Point", "coordinates": [11.95794, 51.4803]}, "properties": {"pi2025": 9.2, "pi2018": 6.7, "change_pct": 89.8, "n2025": 232, "grid": "4457_3154"}}, {"type": "Feature", "geometry": {"type": "Point", "coordinates": [11.95832, 51.48928]}, "properties": {"pi2025": 8.3, "pi2018": 0, "change_pct": 68.1, "n2025": 144, "grid": "4457_3155"}}, {"type": "Feature", "geometry": {"type": "Point", "coordinates": [11.95871, 51.49827]}, "properties": {"pi2025": 7.8, "pi2018": 0, "change_pct": 63.0, "n2025": 72, "grid": "4457_3156"}}, {"type": "Feature", "geometry": {"type": "Point", "coordinates": [11.97039, 51.43513]}, "properties": {"pi2025": 6.2, "pi2018": 4.9, "change_pct": 73.7, "n2025": 78, "grid": "4458_3149"}}, {"type": "Feature", "geometry": {"type": "Point", "coordinates": [11.97155, 51.46209]}, "properties": {"pi2025": 7.2, "pi2018": 0, "change_pct": 53.9, "n2025": 91, "grid": "4458_3152"}}, {"type": "Feature", "geometry": {"type": "Point", "coordinates": [11.97194, 51.47107]}, "properties": {"pi2025": 7.4, "pi2018": 0, "change_pct": 65.6, "n2025": 236, "grid": "4458_3153"}}, {"type": "Feature", "geometry": {"type": "Point", "coordinates": [11.97233, 51.48006]}, "properties": {"pi2025": 7.4, "pi2018": 0, "change_pct": 59.3, "n2025": 116, "grid": "4458_3154"}}, {"type": "Feature", "geometry": {"type": "Point", "coordinates": [11.97272, 51.48904]}, "properties": {"pi2025": 8.1, "pi2018": 0, "change_pct": 66.2, "n2025": 109, "grid": "4458_3155"}}, {"type": "Feature", "geometry": {"type": "Point", "coordinates": [12.09336, 54.08502]}, "properties": {"pi2025": 8.3, "pi2018": 7.9, "change_pct": 43.3, "n2025": 88, "grid": "4458_3444"}}, {"type": "Feature", "geometry": {"type": "Point", "coordinates": [11.9801, 51.32708]}, "properties": {"pi2025": 5.6, "pi2018": 0, "change_pct": 0, "n2025": 61, "grid": "4459_3137"}}, {"type": "Feature", "geometry": {"type": "Point", "coordinates": [11.98126, 51.35403]}, "properties": {"pi2025": 7.3, "pi2018": 5.2, "change_pct": 62.7, "n2025": 81, "grid": "4459_3140"}}, {"type": "Feature", "geometry": {"type": "Point", "coordinates": [12.10864, 54.08476]}, "properties": {"pi2025": 10.0, "pi2018": 8.3, "change_pct": 70.4, "n2025": 108, "grid": "4459_3444"}}, {"type": "Feature", "geometry": {"type": "Point", "coordinates": [12.12345, 54.07552]}, "properties": {"pi2025": 10.1, "pi2018": 8.0, "change_pct": 76.0, "n2025": 55, "grid": "4460_3443"}}, {"type": "Feature", "geometry": {"type": "Point", "coordinates": [12.06453, 51.28965]}, "properties": {"pi2025": 5.5, "pi2018": 4.9, "change_pct": 0, "n2025": 108, "grid": "4465_3133"}}, {"type": "Feature", "geometry": {"type": "Point", "coordinates": [12.05878, 50.84015]}, "properties": {"pi2025": 5.5, "pi2018": 4.8, "change_pct": 0, "n2025": 82, "grid": "4466_3083"}}, {"type": "Feature", "geometry": {"type": "Point", "coordinates": [12.07417, 50.86685]}, "properties": {"pi2025": 5.8, "pi2018": 0, "change_pct": 50.8, "n2025": 68, "grid": "4467_3086"}}, {"type": "Feature", "geometry": {"type": "Point", "coordinates": [12.07457, 50.87584]}, "properties": {"pi2025": 5.8, "pi2018": 0, "change_pct": 42.9, "n2025": 70, "grid": "4467_3087"}}, {"type": "Feature", "geometry": {"type": "Point", "coordinates": [12.07538, 50.89381]}, "properties": {"pi2025": 6.3, "pi2018": 0, "change_pct": 0, "n2025": 69, "grid": "4467_3089"}}, {"type": "Feature", "geometry": {"type": "Point", "coordinates": [12.08516, 50.79472]}, "properties": {"pi2025": 5.6, "pi2018": 0, "change_pct": 0, "n2025": 58, "grid": "4468_3078"}}, {"type": "Feature", "geometry": {"type": "Point", "coordinates": [12.08878, 50.87558]}, "properties": {"pi2025": 6.1, "pi2018": 0, "change_pct": 46.0, "n2025": 73, "grid": "4468_3087"}}, {"type": "Feature", "geometry": {"type": "Point", "coordinates": [12.05029, 49.01438]}, "properties": {"pi2025": 11.1, "pi2018": 8.9, "change_pct": 60.4, "n2025": 78, "grid": "4471_2880"}}, {"type": "Feature", "geometry": {"type": "Point", "coordinates": [12.11388, 50.48843]}, "properties": {"pi2025": 5.0, "pi2018": 0, "change_pct": 35.1, "n2025": 176, "grid": "4471_3044"}}, {"type": "Feature", "geometry": {"type": "Point", "coordinates": [12.06395, 49.01413]}, "properties": {"pi2025": 10.9, "pi2018": 9.1, "change_pct": 60.8, "n2025": 71, "grid": "4472_2880"}}, {"type": "Feature", "geometry": {"type": "Point", "coordinates": [12.12837, 50.49716]}, "properties": {"pi2025": 5.0, "pi2018": 0, "change_pct": 31.7, "n2025": 126, "grid": "4472_3045"}}, {"type": "Feature", "geometry": {"type": "Point", "coordinates": [12.12878, 50.50614]}, "properties": {"pi2025": 4.7, "pi2018": 3.9, "change_pct": 28.7, "n2025": 57, "grid": "4472_3046"}}, {"type": "Feature", "geometry": {"type": "Point", "coordinates": [12.07685, 48.9959]}, "properties": {"pi2025": 10.8, "pi2018": 0, "change_pct": 67.7, "n2025": 50, "grid": "4473_2878"}}, {"type": "Feature", "geometry": {"type": "Point", "coordinates": [12.07723, 49.00489]}, "properties": {"pi2025": 12.2, "pi2018": 9.4, "change_pct": 74.9, "n2025": 112, "grid": "4473_2879"}}, {"type": "Feature", "geometry": {"type": "Point", "coordinates": [12.07761, 49.01388]}, "properties": {"pi2025": 11.2, "pi2018": 9.4, "change_pct": 55.0, "n2025": 105, "grid": "4473_2880"}}, {"type": "Feature", "geometry": {"type": "Point", "coordinates": [12.14205, 50.48791]}, "properties": {"pi2025": 5.1, "pi2018": 0, "change_pct": 28.4, "n2025": 57, "grid": "4473_3044"}}, {"type": "Feature", "geometry": {"type": "Point", "coordinates": [12.09089, 49.00463]}, "properties": {"pi2025": 11.4, "pi2018": 9.4, "change_pct": 60.2, "n2025": 90, "grid": "4474_2879"}}, {"type": "Feature", "geometry": {"type": "Point", "coordinates": [12.09127, 49.01363]}, "properties": {"pi2025": 11.1, "pi2018": 9.3, "change_pct": 48.7, "n2025": 140, "grid": "4474_2880"}}, {"type": "Feature", "geometry": {"type": "Point", "coordinates": [12.09165, 49.02262]}, "properties": {"pi2025": 11.8, "pi2018": 9.1, "change_pct": 65.2, "n2025": 52, "grid": "4474_2881"}}, {"type": "Feature", "geometry": {"type": "Point", "coordinates": [12.15655, 50.49663]}, "properties": {"pi2025": 4.4, "pi2018": 0, "change_pct": 0, "n2025": 139, "grid": "4474_3045"}}, {"type": "Feature", "geometry": {"type": "Point", "coordinates": [12.21961, 51.82629]}, "properties": {"pi2025": 5.8, "pi2018": 0, "change_pct": 0, "n2025": 50, "grid": "4474_3193"}}, {"type": "Feature", "geometry": {"type": "Point", "coordinates": [12.10417, 48.99539]}, "properties": {"pi2025": 10.6, "pi2018": 9.5, "change_pct": 63.0, "n2025": 54, "grid": "4475_2878"}}, {"type": "Feature", "geometry": {"type": "Point", "coordinates": [12.10455, 49.00438]}, "properties": {"pi2025": 11.5, "pi2018": 9.5, "change_pct": 70.0, "n2025": 129, "grid": "4475_2879"}}, {"type": "Feature", "geometry": {"type": "Point", "coordinates": [12.10493, 49.01337]}, "properties": {"pi2025": 13.6, "pi2018": 9.4, "change_pct": 103.4, "n2025": 109, "grid": "4475_2880"}}, {"type": "Feature", "geometry": {"type": "Point", "coordinates": [12.21302, 51.39482]}, "properties": {"pi2025": 7.7, "pi2018": 5.3, "change_pct": 86.2, "n2025": 58, "grid": "4475_3145"}}, {"type": "Feature", "geometry": {"type": "Point", "coordinates": [12.23366, 51.81703]}, "properties": {"pi2025": 6.3, "pi2018": 0, "change_pct": 48.1, "n2025": 60, "grid": "4475_3192"}}, {"type": "Feature", "geometry": {"type": "Point", "coordinates": [12.23411, 51.82601]}, "properties": {"pi2025": 6.6, "pi2018": 0, "change_pct": 0, "n2025": 112, "grid": "4475_3193"}}, {"type": "Feature", "geometry": {"type": "Point", "coordinates": [12.23455, 51.835]}, "properties": {"pi2025": 6.6, "pi2018": 0, "change_pct": 47.8, "n2025": 89, "grid": "4475_3194"}}, {"type": "Feature", "geometry": {"type": "Point", "coordinates": [12.11859, 49.01311]}, "properties": {"pi2025": 10.6, "pi2018": 0, "change_pct": 0, "n2025": 74, "grid": "4476_2880"}}, {"type": "Feature", "geometry": {"type": "Point", "coordinates": [12.24905, 51.83472]}, "properties": {"pi2025": 6.9, "pi2018": 5.2, "change_pct": 0, "n2025": 51, "grid": "4476_3194"}}, {"type": "Feature", "geometry": {"type": "Point", "coordinates": [12.25169, 51.30416]}, "properties": {"pi2025": 7.8, "pi2018": 0, "change_pct": 100.5, "n2025": 54, "grid": "4478_3135"}}, {"type": "Feature", "geometry": {"type": "Point", "coordinates": [12.11034, 47.85231]}, "properties": {"pi2025": 11.4, "pi2018": 9.2, "change_pct": 82.7, "n2025": 119, "grid": "4479_2751"}}, {"type": "Feature", "geometry": {"type": "Point", "coordinates": [12.139, 48.5358]}, "properties": {"pi2025": 10.4, "pi2018": 8.4, "change_pct": 77.8, "n2025": 122, "grid": "4479_2827"}}, {"type": "Feature", "geometry": {"type": "Point", "coordinates": [12.26647, 51.31287]}, "properties": {"pi2025": 7.3, "pi2018": 0, "change_pct": 123.8, "n2025": 67, "grid": "4479_3136"}}, {"type": "Feature", "geometry": {"type": "Point", "coordinates": [12.12369, 47.85205]}, "properties": {"pi2025": 12.9, "pi2018": 8.9, "change_pct": 105.6, "n2025": 83, "grid": "4480_2751"}}, {"type": "Feature", "geometry": {"type": "Point", "coordinates": [12.12406, 47.86105]}, "properties": {"pi2025": 11.8, "pi2018": 0, "change_pct": 0, "n2025": 51, "grid": "4480_2752"}}, {"type": "Feature", "geometry": {"type": "Point", "coordinates": [12.15292, 48.54453]}, "properties": {"pi2025": 10.1, "pi2018": 0, "change_pct": 0, "n2025": 62, "grid": "4480_2828"}}, {"type": "Feature", "geometry": {"type": "Point", "coordinates": [12.29514, 51.31231]}, "properties": {"pi2025": 7.6, "pi2018": 0, "change_pct": 85.1, "n2025": 60, "grid": "4481_3136"}}, {"type": "Feature", "geometry": {"type": "Point", "coordinates": [12.29694, 51.34824]}, "properties": {"pi2025": 8.1, "pi2018": 0, "change_pct": 89.3, "n2025": 69, "grid": "4481_3140"}}, {"type": "Feature", "geometry": {"type": "Point", "coordinates": [12.30948, 51.31202]}, "properties": {"pi2025": 9.0, "pi2018": 0, "change_pct": 122.0, "n2025": 60, "grid": "4482_3136"}}, {"type": "Feature", "geometry": {"type": "Point", "coordinates": [12.31038, 51.32999]}, "properties": {"pi2025": 8.0, "pi2018": 0, "change_pct": 95.1, "n2025": 160, "grid": "4482_3138"}}, {"type": "Feature", "geometry": {"type": "Point", "coordinates": [12.31083, 51.33897]}, "properties": {"pi2025": 8.1, "pi2018": 0, "change_pct": 96.4, "n2025": 174, "grid": "4482_3139"}}, {"type": "Feature", "geometry": {"type": "Point", "coordinates": [12.31265, 51.37491]}, "properties": {"pi2025": 7.7, "pi2018": 0, "change_pct": 81.4, "n2025": 51, "grid": "4482_3143"}}, {"type": "Feature", "geometry": {"type": "Point", "coordinates": [12.32381, 51.31174]}, "properties": {"pi2025": 8.5, "pi2018": 0, "change_pct": 102.1, "n2025": 88, "grid": "4483_3136"}}, {"type": "Feature", "geometry": {"type": "Point", "coordinates": [12.32427, 51.32072]}, "properties": {"pi2025": 8.8, "pi2018": 0, "change_pct": 87.3, "n2025": 381, "grid": "4483_3137"}}, {"type": "Feature", "geometry": {"type": "Point", "coordinates": [12.32472, 51.32971]}, "properties": {"pi2025": 9.2, "pi2018": 0, "change_pct": 123.9, "n2025": 340, "grid": "4483_3138"}}, {"type": "Feature", "geometry": {"type": "Point", "coordinates": [12.32518, 51.33869]}, "properties": {"pi2025": 8.0, "pi2018": 0, "change_pct": 99.2, "n2025": 278, "grid": "4483_3139"}}, {"type": "Feature", "geometry": {"type": "Point", "coordinates": [12.32654, 51.36564]}, "properties": {"pi2025": 8.4, "pi2018": 5.8, "change_pct": 91.0, "n2025": 96, "grid": "4483_3142"}}, {"type": "Feature", "geometry": {"type": "Point", "coordinates": [12.32746, 51.3836]}, "properties": {"pi2025": 9.3, "pi2018": 6.0, "change_pct": 95.0, "n2025": 67, "grid": "4483_3144"}}, {"type": "Feature", "geometry": {"type": "Point", "coordinates": [12.33433, 51.51835]}, "properties": {"pi2025": 8.2, "pi2018": 0, "change_pct": 93.9, "n2025": 56, "grid": "4483_3159"}}, {"type": "Feature", "geometry": {"type": "Point", "coordinates": [12.33861, 51.32044]}, "properties": {"pi2025": 8.5, "pi2018": 6.6, "change_pct": 77.3, "n2025": 113, "grid": "4484_3137"}}, {"type": "Feature", "geometry": {"type": "Point", "coordinates": [12.33906, 51.32942]}, "properties": {"pi2025": 9.0, "pi2018": 0, "change_pct": 85.9, "n2025": 69, "grid": "4484_3138"}}, {"type": "Feature", "geometry": {"type": "Point", "coordinates": [12.3409, 51.36535]}, "properties": {"pi2025": 8.9, "pi2018": 0, "change_pct": 106.1, "n2025": 137, "grid": "4484_3142"}}, {"type": "Feature", "geometry": {"type": "Point", "coordinates": [12.3534, 51.32913]}, "properties": {"pi2025": 9.5, "pi2018": 0, "change_pct": 78.5, "n2025": 104, "grid": "4485_3138"}}, {"type": "Feature", "geometry": {"type": "Point", "coordinates": [12.35387, 51.33811]}, "properties": {"pi2025": 9.8, "pi2018": 6.9, "change_pct": 90.4, "n2025": 337, "grid": "4485_3139"}}, {"type": "Feature", "geometry": {"type": "Point", "coordinates": [12.35433, 51.3471]}, "properties": {"pi2025": 8.5, "pi2018": 0, "change_pct": 60.8, "n2025": 58, "grid": "4485_3140"}}, {"type": "Feature", "geometry": {"type": "Point", "coordinates": [12.35479, 51.35608]}, "properties": {"pi2025": 8.4, "pi2018": 0, "change_pct": 85.7, "n2025": 218, "grid": "4485_3141"}}, {"type": "Feature", "geometry": {"type": "Point", "coordinates": [12.35525, 51.36506]}, "properties": {"pi2025": 8.3, "pi2018": 0, "change_pct": 79.7, "n2025": 95, "grid": "4485_3142"}}, {"type": "Feature", "geometry": {"type": "Point", "coordinates": [12.35571, 51.37405]}, "properties": {"pi2025": 7.8, "pi2018": 0, "change_pct": 73.1, "n2025": 58, "grid": "4485_3143"}}, {"type": "Feature", "geometry": {"type": "Point", "coordinates": [12.36636, 51.30189]}, "properties": {"pi2025": 8.5, "pi2018": 6.5, "change_pct": 77.9, "n2025": 235, "grid": "4486_3135"}}, {"type": "Feature", "geometry": {"type": "Point", "coordinates": [12.36682, 51.31087]}, "properties": {"pi2025": 9.6, "pi2018": 0, "change_pct": 98.3, "n2025": 229, "grid": "4486_3136"}}, {"type": "Feature", "geometry": {"type": "Point", "coordinates": [12.36728, 51.31986]}, "properties": {"pi2025": 8.6, "pi2018": 0, "change_pct": 78.6, "n2025": 423, "grid": "4486_3137"}}, {"type": "Feature", "geometry": {"type": "Point", "coordinates": [12.36775, 51.32884]}, "properties": {"pi2025": 9.0, "pi2018": 0, "change_pct": 75.7, "n2025": 226, "grid": "4486_3138"}}, {"type": "Feature", "geometry": {"type": "Point", "coordinates": [12.36821, 51.33782]}, "properties": {"pi2025": 11.9, "pi2018": 0, "change_pct": 137.6, "n2025": 238, "grid": "4486_3139"}}, {"type": "Feature", "geometry": {"type": "Point", "coordinates": [12.36867, 51.34681]}, "properties": {"pi2025": 9.6, "pi2018": 0, "change_pct": 102.4, "n2025": 143, "grid": "4486_3140"}}, {"type": "Feature", "geometry": {"type": "Point", "coordinates": [12.36914, 51.35579]}, "properties": {"pi2025": 9.0, "pi2018": 0, "change_pct": 100.7, "n2025": 102, "grid": "4486_3141"}}, {"type": "Feature", "geometry": {"type": "Point", "coordinates": [12.3696, 51.36477]}, "properties": {"pi2025": 8.8, "pi2018": 0, "change_pct": 90.5, "n2025": 120, "grid": "4486_3142"}}, {"type": "Feature", "geometry": {"type": "Point", "coordinates": [12.38022, 51.29262]}, "properties": {"pi2025": 7.1, "pi2018": 0, "change_pct": 56.0, "n2025": 57, "grid": "4487_3134"}}, {"type": "Feature", "geometry": {"type": "Point", "coordinates": [12.38209, 51.32855]}, "properties": {"pi2025": 9.8, "pi2018": 0, "change_pct": 104.6, "n2025": 172, "grid": "4487_3138"}}, {"type": "Feature", "geometry": {"type": "Point", "coordinates": [12.38255, 51.33753]}, "properties": {"pi2025": 9.4, "pi2018": 0, "change_pct": 101.0, "n2025": 240, "grid": "4487_3139"}}, {"type": "Feature", "geometry": {"type": "Point", "coordinates": [12.38349, 51.3555]}, "properties": {"pi2025": 8.3, "pi2018": 0, "change_pct": 95.6, "n2025": 90, "grid": "4487_3141"}}, {"type": "Feature", "geometry": {"type": "Point", "coordinates": [12.38395, 51.36448]}, "properties": {"pi2025": 10.4, "pi2018": 0, "change_pct": 136.4, "n2025": 69, "grid": "4487_3142"}}, {"type": "Feature", "geometry": {"type": "Point", "coordinates": [12.3655, 50.72636]}, "properties": {"pi2025": 4.9, "pi2018": 4.1, "change_pct": 37.2, "n2025": 70, "grid": "4488_3071"}}, {"type": "Feature", "geometry": {"type": "Point", "coordinates": [12.39596, 51.31927]}, "properties": {"pi2025": 8.8, "pi2018": 0, "change_pct": 108.7, "n2025": 83, "grid": "4488_3137"}}, {"type": "Feature", "geometry": {"type": "Point", "coordinates": [12.39643, 51.32825]}, "properties": {"pi2025": 8.3, "pi2018": 0, "change_pct": 101.0, "n2025": 494, "grid": "4488_3138"}}, {"type": "Feature", "geometry": {"type": "Point", "coordinates": [12.3969, 51.33724]}, "properties": {"pi2025": 7.6, "pi2018": 0, "change_pct": 95.9, "n2025": 414, "grid": "4488_3139"}}, {"type": "Feature", "geometry": {"type": "Point", "coordinates": [12.39737, 51.34622]}, "properties": {"pi2025": 7.6, "pi2018": 0, "change_pct": 92.5, "n2025": 200, "grid": "4488_3140"}}, {"type": "Feature", "geometry": {"type": "Point", "coordinates": [12.39831, 51.36419]}, "properties": {"pi2025": 7.8, "pi2018": 0, "change_pct": 95.7, "n2025": 52, "grid": "4488_3142"}}, {"type": "Feature", "geometry": {"type": "Point", "coordinates": [12.39878, 51.37317]}, "properties": {"pi2025": 7.1, "pi2018": 0, "change_pct": 61.0, "n2025": 66, "grid": "4488_3143"}}, {"type": "Feature", "geometry": {"type": "Point", "coordinates": [12.40371, 51.19321]}, "properties": {"pi2025": 6.3, "pi2018": 4.8, "change_pct": 0, "n2025": 63, "grid": "4489_3123"}}, {"type": "Feature", "geometry": {"type": "Point", "coordinates": [12.4103, 51.31898]}, "properties": {"pi2025": 8.7, "pi2018": 0, "change_pct": 105.5, "n2025": 192, "grid": "4489_3137"}}, {"type": "Feature", "geometry": {"type": "Point", "coordinates": [12.41077, 51.32796]}, "properties": {"pi2025": 8.4, "pi2018": 0, "change_pct": 104.7, "n2025": 176, "grid": "4489_3138"}}, {"type": "Feature", "geometry": {"type": "Point", "coordinates": [12.41124, 51.33694]}, "properties": {"pi2025": 9.1, "pi2018": 0, "change_pct": 132.6, "n2025": 164, "grid": "4489_3139"}}, {"type": "Feature", "geometry": {"type": "Point", "coordinates": [12.41171, 51.34592]}, "properties": {"pi2025": 7.7, "pi2018": 0, "change_pct": 96.7, "n2025": 86, "grid": "4489_3140"}}, {"type": "Feature", "geometry": {"type": "Point", "coordinates": [12.41218, 51.35491]}, "properties": {"pi2025": 7.4, "pi2018": 0, "change_pct": 82.5, "n2025": 99, "grid": "4489_3141"}}, {"type": "Feature", "geometry": {"type": "Point", "coordinates": [12.42321, 51.29173]}, "properties": {"pi2025": 7.6, "pi2018": 0, "change_pct": 0, "n2025": 95, "grid": "4490_3134"}}, {"type": "Feature", "geometry": {"type": "Point", "coordinates": [12.42558, 51.33664]}, "properties": {"pi2025": 7.7, "pi2018": 0, "change_pct": 103.8, "n2025": 75, "grid": "4490_3139"}}, {"type": "Feature", "geometry": {"type": "Point", "coordinates": [12.4404, 51.34533]}, "properties": {"pi2025": 8.3, "pi2018": 0, "change_pct": 109.5, "n2025": 61, "grid": "4491_3140"}}, {"type": "Feature", "geometry": {"type": "Point", "coordinates": [12.51417, 52.42281]}, "properties": {"pi2025": 6.8, "pi2018": 5.4, "change_pct": 90.9, "n2025": 74, "grid": "4492_3260"}}, {"type": "Feature", "geometry": {"type": "Point", "coordinates": [12.43581, 50.7159]}, "properties": {"pi2025": 5.8, "pi2018": 5.2, "change_pct": 32.9, "n2025": 115, "grid": "4493_3070"}}, {"type": "Feature", "geometry": {"type": "Point", "coordinates": [12.44996, 50.7156]}, "properties": {"pi2025": 5.6, "pi2018": 4.8, "change_pct": 22.3, "n2025": 132, "grid": "4494_3070"}}, {"type": "Feature", "geometry": {"type": "Point", "coordinates": [12.54201, 52.39524]}, "properties": {"pi2025": 7.3, "pi2018": 5.2, "change_pct": 68.4, "n2025": 64, "grid": "4494_3257"}}, {"type": "Feature", "geometry": {"type": "Point", "coordinates": [12.46269, 50.68835]}, "properties": {"pi2025": 5.6, "pi2018": 4.4, "change_pct": 28.6, "n2025": 59, "grid": "4495_3067"}}, {"type": "Feature", "geometry": {"type": "Point", "coordinates": [12.48514, 51.11056]}, "properties": {"pi2025": 5.3, "pi2018": 4.2, "change_pct": 0, "n2025": 79, "grid": "4495_3114"}}, {"type": "Feature", "geometry": {"type": "Point", "coordinates": [12.55721, 52.40391]}, "properties": {"pi2025": 8.8, "pi2018": 5.9, "change_pct": 107.5, "n2025": 61, "grid": "4495_3258"}}, {"type": "Feature", "geometry": {"type": "Point", "coordinates": [12.47826, 50.71499]}, "properties": {"pi2025": 5.6, "pi2018": 4.7, "change_pct": 30.2, "n2025": 191, "grid": "4496_3070"}}, {"type": "Feature", "geometry": {"type": "Point", "coordinates": [12.47874, 50.72398]}, "properties": {"pi2025": 5.6, "pi2018": 0, "change_pct": 27.5, "n2025": 143, "grid": "4496_3071"}}, {"type": "Feature", "geometry": {"type": "Point", "coordinates": [12.47921, 50.73296]}, "properties": {"pi2025": 5.7, "pi2018": 4.8, "change_pct": 31.5, "n2025": 91, "grid": "4496_3072"}}, {"type": "Feature", "geometry": {"type": "Point", "coordinates": [12.4999, 51.11924]}, "properties": {"pi2025": 4.9, "pi2018": 4.4, "change_pct": 23.7, "n2025": 94, "grid": "4496_3115"}}, {"type": "Feature", "geometry": {"type": "Point", "coordinates": [12.49241, 50.71469]}, "properties": {"pi2025": 5.9, "pi2018": 0, "change_pct": 32.2, "n2025": 174, "grid": "4497_3070"}}, {"type": "Feature", "geometry": {"type": "Point", "coordinates": [12.49289, 50.72367]}, "properties": {"pi2025": 5.6, "pi2018": 0, "change_pct": 27.6, "n2025": 124, "grid": "4497_3071"}}, {"type": "Feature", "geometry": {"type": "Point", "coordinates": [12.39374, 48.19757]}, "properties": {"pi2025": 9.1, "pi2018": 0, "change_pct": 91.2, "n2025": 79, "grid": "4499_2790"}}, {"type": "Feature", "geometry": {"type": "Point", "coordinates": [12.5452, 51.16322]}, "properties": {"pi2025": 4.9, "pi2018": 4.2, "change_pct": 31.0, "n2025": 126, "grid": "4499_3120"}}, {"type": "Feature", "geometry": {"type": "Point", "coordinates": [12.5373, 50.75868]}, "properties": {"pi2025": 5.8, "pi2018": 0, "change_pct": 0, "n2025": 77, "grid": "4500_3075"}}, {"type": "Feature", "geometry": {"type": "Point", "coordinates": [12.54023, 50.81258]}, "properties": {"pi2025": 5.2, "pi2018": 4.6, "change_pct": 0, "n2025": 78, "grid": "4500_3081"}}, {"type": "Feature", "geometry": {"type": "Point", "coordinates": [12.51693, 48.23984]}, "properties": {"pi2025": 8.6, "pi2018": 6.4, "change_pct": 0, "n2025": 53, "grid": "4508_2795"}}, {"type": "Feature", "geometry": {"type": "Point", "coordinates": [12.56283, 48.87783]}, "properties": {"pi2025": 9.3, "pi2018": 6.6, "change_pct": 108.0, "n2025": 63, "grid": "4509_2866"}}, {"type": "Feature", "geometry": {"type": "Point", "coordinates": [12.79574, 52.9201]}, "properties": {"pi2025": 8.5, "pi2018": 0, "change_pct": 0, "n2025": 50, "grid": "4509_3316"}}, {"type": "Feature", "geometry": {"type": "Point", "coordinates": [12.75558, 50.85262]}, "properties": {"pi2025": 5.4, "pi2018": 4.5, "change_pct": 37.2, "n2025": 345, "grid": "4515_3086"}}, {"type": "Feature", "geometry": {"type": "Point", "coordinates": [12.75611, 50.8616]}, "properties": {"pi2025": 6.0, "pi2018": 0, "change_pct": 0, "n2025": 179, "grid": "4515_3087"}}, {"type": "Feature", "geometry": {"type": "Point", "coordinates": [12.77541, 50.70822]}, "properties": {"pi2025": 6.0, "pi2018": 0, "change_pct": 0, "n2025": 90, "grid": "4517_3070"}}, {"type": "Feature", "geometry": {"type": "Point", "coordinates": [12.78396, 50.85194]}, "properties": {"pi2025": 4.6, "pi2018": 0, "change_pct": 0, "n2025": 52, "grid": "4517_3086"}}, {"type": "Feature", "geometry": {"type": "Point", "coordinates": [13.04351, 54.32597]}, "properties": {"pi2025": 6.2, "pi2018": 4.9, "change_pct": 0, "n2025": 54, "grid": "4519_3473"}}, {"type": "Feature", "geometry": {"type": "Point", "coordinates": [13.07289, 54.30726]}, "properties": {"pi2025": 8.3, "pi2018": 6.2, "change_pct": 70.4, "n2025": 55, "grid": "4521_3471"}}, {"type": "Feature", "geometry": {"type": "Point", "coordinates": [12.85272, 50.81428]}, "properties": {"pi2025": 5.1, "pi2018": 0, "change_pct": 0, "n2025": 61, "grid": "4522_3082"}}, {"type": "Feature", "geometry": {"type": "Point", "coordinates": [13.08824, 54.30688]}, "properties": {"pi2025": 8.7, "pi2018": 6.0, "change_pct": 72.6, "n2025": 52, "grid": "4522_3471"}}, {"type": "Feature", "geometry": {"type": "Point", "coordinates": [12.86469, 50.778]}, "properties": {"pi2025": 6.0, "pi2018": 0, "change_pct": 0, "n2025": 69, "grid": "4523_3078"}}, {"type": "Feature", "geometry": {"type": "Point", "coordinates": [12.87941, 50.78663]}, "properties": {"pi2025": 5.3, "pi2018": 0, "change_pct": 0, "n2025": 93, "grid": "4524_3079"}}, {"type": "Feature", "geometry": {"type": "Point", "coordinates": [12.88052, 50.80459]}, "properties": {"pi2025": 4.9, "pi2018": 0, "change_pct": 0, "n2025": 310, "grid": "4524_3081"}}, {"type": "Feature", "geometry": {"type": "Point", "coordinates": [12.88107, 50.81357]}, "properties": {"pi2025": 5.1, "pi2018": 0, "change_pct": 19.2, "n2025": 86, "grid": "4524_3082"}}, {"type": "Feature", "geometry": {"type": "Point", "coordinates": [12.88219, 50.83154]}, "properties": {"pi2025": 5.3, "pi2018": 0, "change_pct": 20.4, "n2025": 183, "grid": "4524_3084"}}, {"type": "Feature", "geometry": {"type": "Point", "coordinates": [12.89358, 50.78628]}, "properties": {"pi2025": 5.4, "pi2018": 0, "change_pct": 0, "n2025": 87, "grid": "4525_3079"}}, {"type": "Feature", "geometry": {"type": "Point", "coordinates": [12.89414, 50.79526]}, "properties": {"pi2025": 5.7, "pi2018": 0, "change_pct": 0, "n2025": 71, "grid": "4525_3080"}}, {"type": "Feature", "geometry": {"type": "Point", "coordinates": [12.89525, 50.81322]}, "properties": {"pi2025": 5.4, "pi2018": 0, "change_pct": 23.8, "n2025": 173, "grid": "4525_3082"}}, {"type": "Feature", "geometry": {"type": "Point", "coordinates": [12.89581, 50.8222]}, "properties": {"pi2025": 5.7, "pi2018": 0, "change_pct": 24.9, "n2025": 160, "grid": "4525_3083"}}, {"type": "Feature", "geometry": {"type": "Point", "coordinates": [12.89637, 50.83118]}, "properties": {"pi2025": 5.4, "pi2018": 0, "change_pct": 24.2, "n2025": 362, "grid": "4525_3084"}}, {"type": "Feature", "geometry": {"type": "Point", "coordinates": [12.89693, 50.84016]}, "properties": {"pi2025": 5.1, "pi2018": 4.6, "change_pct": 21.9, "n2025": 356, "grid": "4525_3085"}}, {"type": "Feature", "geometry": {"type": "Point", "coordinates": [12.99646, 52.37567]}, "properties": {"pi2025": 10.2, "pi2018": 0, "change_pct": 0, "n2025": 62, "grid": "4525_3256"}}, {"type": "Feature", "geometry": {"type": "Point", "coordinates": [12.90887, 50.80388]}, "properties": {"pi2025": 5.4, "pi2018": 0, "change_pct": 12.2, "n2025": 74, "grid": "4526_3081"}}, {"type": "Feature", "geometry": {"type": "Point", "coordinates": [12.90943, 50.81286]}, "properties": {"pi2025": 5.5, "pi2018": 0, "change_pct": 22.6, "n2025": 81, "grid": "4526_3082"}}, {"type": "Feature", "geometry": {"type": "Point", "coordinates": [12.90999, 50.82184]}, "properties": {"pi2025": 5.4, "pi2018": 0, "change_pct": 23.7, "n2025": 88, "grid": "4526_3083"}}, {"type": "Feature", "geometry": {"type": "Point", "coordinates": [12.91055, 50.83083]}, "properties": {"pi2025": 5.9, "pi2018": 0, "change_pct": 34.3, "n2025": 158, "grid": "4526_3084"}}, {"type": "Feature", "geometry": {"type": "Point", "coordinates": [12.91111, 50.83981]}, "properties": {"pi2025": 5.6, "pi2018": 0, "change_pct": 38.0, "n2025": 168, "grid": "4526_3085"}}, {"type": "Feature", "geometry": {"type": "Point", "coordinates": [13.01175, 52.38428]}, "properties": {"pi2025": 7.7, "pi2018": 0, "change_pct": 0, "n2025": 52, "grid": "4526_3257"}}, {"type": "Feature", "geometry": {"type": "Point", "coordinates": [12.92361, 50.81251]}, "properties": {"pi2025": 5.1, "pi2018": 0, "change_pct": 16.3, "n2025": 122, "grid": "4527_3082"}}, {"type": "Feature", "geometry": {"type": "Point", "coordinates": [12.92417, 50.82149]}, "properties": {"pi2025": 5.4, "pi2018": 0, "change_pct": 32.6, "n2025": 428, "grid": "4527_3083"}}, {"type": "Feature", "geometry": {"type": "Point", "coordinates": [12.92474, 50.83047]}, "properties": {"pi2025": 4.8, "pi2018": 0, "change_pct": 31.5, "n2025": 407, "grid": "4527_3084"}}, {"type": "Feature", "geometry": {"type": "Point", "coordinates": [12.9253, 50.83945]}, "properties": {"pi2025": 5.1, "pi2018": 0, "change_pct": 28.2, "n2025": 300, "grid": "4527_3085"}}, {"type": "Feature", "geometry": {"type": "Point", "coordinates": [12.92587, 50.84843]}, "properties": {"pi2025": 5.0, "pi2018": 0, "change_pct": 20.0, "n2025": 85, "grid": "4527_3086"}}, {"type": "Feature", "geometry": {"type": "Point", "coordinates": [13.02704, 52.39288]}, "properties": {"pi2025": 10.6, "pi2018": 8.7, "change_pct": 58.7, "n2025": 197, "grid": "4527_3258"}}, {"type": "Feature", "geometry": {"type": "Point", "coordinates": [13.02826, 52.41084]}, "properties": {"pi2025": 11.6, "pi2018": 7.6, "change_pct": 0, "n2025": 69, "grid": "4527_3260"}}, {"type": "Feature", "geometry": {"type": "Point", "coordinates": [13.02888, 52.41981]}, "properties": {"pi2025": 9.7, "pi2018": 0, "change_pct": 0, "n2025": 85, "grid": "4527_3261"}}, {"type": "Feature", "geometry": {"type": "Point", "coordinates": [12.93779, 50.81215]}, "properties": {"pi2025": 5.2, "pi2018": 4.8, "change_pct": 20.5, "n2025": 191, "grid": "4528_3082"}}, {"type": "Feature", "geometry": {"type": "Point", "coordinates": [12.93836, 50.82113]}, "properties": {"pi2025": 5.3, "pi2018": 0, "change_pct": 26.2, "n2025": 219, "grid": "4528_3083"}}, {"type": "Feature", "geometry": {"type": "Point", "coordinates": [12.93892, 50.83011]}, "properties": {"pi2025": 5.1, "pi2018": 0, "change_pct": 26.0, "n2025": 473, "grid": "4528_3084"}}, {"type": "Feature", "geometry": {"type": "Point", "coordinates": [12.93949, 50.83909]}, "properties": {"pi2025": 5.7, "pi2018": 0, "change_pct": 47.7, "n2025": 222, "grid": "4528_3085"}}, {"type": "Feature", "geometry": {"type": "Point", "coordinates": [12.94005, 50.84807]}, "properties": {"pi2025": 5.2, "pi2018": 4.3, "change_pct": 26.4, "n2025": 605, "grid": "4528_3086"}}, {"type": "Feature", "geometry": {"type": "Point", "coordinates": [12.94062, 50.85705]}, "properties": {"pi2025": 5.3, "pi2018": 4.3, "change_pct": 31.3, "n2025": 80, "grid": "4528_3087"}}, {"type": "Feature", "geometry": {"type": "Point", "coordinates": [12.98569, 51.5575]}, "properties": {"pi2025": 5.9, "pi2018": 0, "change_pct": 0, "n2025": 82, "grid": "4528_3165"}}, {"type": "Feature", "geometry": {"type": "Point", "coordinates": [13.04171, 52.39251]}, "properties": {"pi2025": 11.8, "pi2018": 8.7, "change_pct": 92.5, "n2025": 106, "grid": "4528_3258"}}, {"type": "Feature", "geometry": {"type": "Point", "coordinates": [13.04233, 52.40148]}, "properties": {"pi2025": 16.4, "pi2018": 8.2, "change_pct": 152.6, "n2025": 108, "grid": "4528_3259"}}, {"type": "Feature", "geometry": {"type": "Point", "coordinates": [13.04295, 52.41046]}, "properties": {"pi2025": 11.3, "pi2018": 7.9, "change_pct": 0, "n2025": 61, "grid": "4528_3260"}}, {"type": "Feature", "geometry": {"type": "Point", "coordinates": [13.04356, 52.41944]}, "properties": {"pi2025": 10.3, "pi2018": 7.7, "change_pct": 59.9, "n2025": 62, "grid": "4528_3261"}}, {"type": "Feature", "geometry": {"type": "Point", "coordinates": [12.95197, 50.81178]}, "properties": {"pi2025": 5.6, "pi2018": 0, "change_pct": 33.6, "n2025": 74, "grid": "4529_3082"}}, {"type": "Feature", "geometry": {"type": "Point", "coordinates": [12.95254, 50.82076]}, "properties": {"pi2025": 5.6, "pi2018": 0, "change_pct": 27.9, "n2025": 99, "grid": "4529_3083"}}, {"type": "Feature", "geometry": {"type": "Point", "coordinates": [12.95311, 50.82975]}, "properties": {"pi2025": 5.1, "pi2018": 0, "change_pct": 13.9, "n2025": 155, "grid": "4529_3084"}}, {"type": "Feature", "geometry": {"type": "Point", "coordinates": [12.95481, 50.85669]}, "properties": {"pi2025": 4.9, "pi2018": 4.4, "change_pct": 0, "n2025": 70, "grid": "4529_3087"}}, {"type": "Feature", "geometry": {"type": "Point", "coordinates": [13.05577, 52.38315]}, "properties": {"pi2025": 11.6, "pi2018": 7.9, "change_pct": 81.0, "n2025": 71, "grid": "4529_3257"}}, {"type": "Feature", "geometry": {"type": "Point", "coordinates": [13.05639, 52.39213]}, "properties": {"pi2025": 9.8, "pi2018": 0, "change_pct": 45.3, "n2025": 116, "grid": "4529_3258"}}, {"type": "Feature", "geometry": {"type": "Point", "coordinates": [13.05701, 52.40111]}, "properties": {"pi2025": 14.2, "pi2018": 8.3, "change_pct": 115.3, "n2025": 108, "grid": "4529_3259"}}, {"type": "Feature", "geometry": {"type": "Point", "coordinates": [13.06759, 52.55373]}, "properties": {"pi2025": 11.5, "pi2018": 0, "change_pct": 0, "n2025": 83, "grid": "4529_3276"}}, {"type": "Feature", "geometry": {"type": "Point", "coordinates": [13.07045, 52.38277]}, "properties": {"pi2025": 9.7, "pi2018": 0, "change_pct": 65.3, "n2025": 94, "grid": "4530_3257"}}, {"type": "Feature", "geometry": {"type": "Point", "coordinates": [13.07107, 52.39175]}, "properties": {"pi2025": 8.8, "pi2018": 7.4, "change_pct": 0, "n2025": 65, "grid": "4530_3258"}}, {"type": "Feature", "geometry": {"type": "Point", "coordinates": [13.08387, 52.36444]}, "properties": {"pi2025": 9.6, "pi2018": 0, "change_pct": 83.4, "n2025": 83, "grid": "4531_3255"}}, {"type": "Feature", "geometry": {"type": "Point", "coordinates": [13.08512, 52.38239]}, "properties": {"pi2025": 10.4, "pi2018": 8.8, "change_pct": 59.1, "n2025": 124, "grid": "4531_3257"}}, {"type": "Feature", "geometry": {"type": "Point", "coordinates": [13.08575, 52.39137]}, "properties": {"pi2025": 11.0, "pi2018": 8.3, "change_pct": 71.6, "n2025": 69, "grid": "4531_3258"}}, {"type": "Feature", "geometry": {"type": "Point", "coordinates": [13.0998, 52.38201]}, "properties": {"pi2025": 9.9, "pi2018": 0, "change_pct": 51.4, "n2025": 114, "grid": "4532_3257"}}, {"type": "Feature", "geometry": {"type": "Point", "coordinates": [13.11384, 52.37265]}, "properties": {"pi2025": 8.7, "pi2018": 0, "change_pct": 0, "n2025": 50, "grid": "4533_3256"}}, {"type": "Feature", "geometry": {"type": "Point", "coordinates": [13.12788, 52.36329]}, "properties": {"pi2025": 10.0, "pi2018": 6.7, "change_pct": 115.7, "n2025": 100, "grid": "4534_3255"}}, {"type": "Feature", "geometry": {"type": "Point", "coordinates": [13.15341, 52.51551]}, "properties": {"pi2025": 7.1, "pi2018": 6.2, "change_pct": 72.9, "n2025": 96, "grid": "4535_3272"}}, {"type": "Feature", "geometry": {"type": "Point", "coordinates": [13.17006, 52.54205]}, "properties": {"pi2025": 7.5, "pi2018": 7.0, "change_pct": 71.1, "n2025": 52, "grid": "4536_3275"}}, {"type": "Feature", "geometry": {"type": "Point", "coordinates": [12.94205, 48.83247]}, "properties": {"pi2025": 9.1, "pi2018": 0, "change_pct": 0, "n2025": 60, "grid": "4537_2862"}}, {"type": "Feature", "geometry": {"type": "Point", "coordinates": [13.18284, 52.51473]}, "properties": {"pi2025": 10.2, "pi2018": 7.2, "change_pct": 120.4, "n2025": 70, "grid": "4537_3272"}}, {"type": "Feature", "geometry": {"type": "Point", "coordinates": [13.18349, 52.52371]}, "properties": {"pi2025": 11.0, "pi2018": 8.4, "change_pct": 133.1, "n2025": 148, "grid": "4537_3273"}}, {"type": "Feature", "geometry": {"type": "Point", "coordinates": [13.18414, 52.53268]}, "properties": {"pi2025": 11.3, "pi2018": 7.7, "change_pct": 136.4, "n2025": 52, "grid": "4537_3274"}}, {"type": "Feature", "geometry": {"type": "Point", "coordinates": [13.18479, 52.54166]}, "properties": {"pi2025": 9.7, "pi2018": 7.5, "change_pct": 111.8, "n2025": 65, "grid": "4537_3275"}}, {"type": "Feature", "geometry": {"type": "Point", "coordinates": [13.2595, 53.54699]}, "properties": {"pi2025": 7.2, "pi2018": 5.9, "change_pct": 0, "n2025": 52, "grid": "4537_3387"}}, {"type": "Feature", "geometry": {"type": "Point", "coordinates": [12.95566, 48.83211]}, "properties": {"pi2025": 8.5, "pi2018": 6.6, "change_pct": 67.5, "n2025": 57, "grid": "4538_2862"}}, {"type": "Feature", "geometry": {"type": "Point", "coordinates": [13.16671, 52.08344]}, "properties": {"pi2025": 7.8, "pi2018": 0, "change_pct": 0, "n2025": 55, "grid": "4538_3224"}}, {"type": "Feature", "geometry": {"type": "Point", "coordinates": [13.19107, 52.42457]}, "properties": {"pi2025": 14.3, "pi2018": 0, "change_pct": 83.2, "n2025": 87, "grid": "4538_3262"}}, {"type": "Feature", "geometry": {"type": "Point", "coordinates": [13.19951, 52.54127]}, "properties": {"pi2025": 11.7, "pi2018": 7.6, "change_pct": 166.7, "n2025": 142, "grid": "4538_3275"}}, {"type": "Feature", "geometry": {"type": "Point", "coordinates": [13.20017, 52.55024]}, "properties": {"pi2025": 14.0, "pi2018": 0, "change_pct": 235.0, "n2025": 104, "grid": "4538_3276"}}, {"type": "Feature", "geometry": {"type": "Point", "coordinates": [13.20082, 52.55922]}, "properties": {"pi2025": 10.7, "pi2018": 7.8, "change_pct": 145.3, "n2025": 106, "grid": "4538_3277"}}, {"type": "Feature", "geometry": {"type": "Point", "coordinates": [13.11476, 51.12237]}, "properties": {"pi2025": 5.4, "pi2018": 4.6, "change_pct": 28.6, "n2025": 61, "grid": "4539_3117"}}, {"type": "Feature", "geometry": {"type": "Point", "coordinates": [13.2149, 52.54985]}, "properties": {"pi2025": 9.7, "pi2018": 0, "change_pct": 91.3, "n2025": 74, "grid": "4539_3276"}}, {"type": "Feature", "geometry": {"type": "Point", "coordinates": [13.22938, 52.74733]}, "properties": {"pi2025": 11.3, "pi2018": 7.7, "change_pct": 0, "n2025": 67, "grid": "4539_3298"}}, {"type": "Feature", "geometry": {"type": "Point", "coordinates": [13.28965, 53.54617]}, "properties": {"pi2025": 5.7, "pi2018": 4.7, "change_pct": 0, "n2025": 80, "grid": "4539_3387"}}, {"type": "Feature", "geometry": {"type": "Point", "coordinates": [13.22897, 52.54047]}, "properties": {"pi2025": 9.2, "pi2018": 6.9, "change_pct": 89.3, "n2025": 114, "grid": "4540_3275"}}, {"type": "Feature", "geometry": {"type": "Point", "coordinates": [13.23094, 52.5674]}, "properties": {"pi2025": 17.2, "pi2018": 0, "change_pct": 0, "n2025": 153, "grid": "4540_3278"}}, {"type": "Feature", "geometry": {"type": "Point", "coordinates": [13.24484, 52.75591]}, "properties": {"pi2025": 9.5, "pi2018": 0, "change_pct": 122.5, "n2025": 51, "grid": "4540_3299"}}, {"type": "Feature", "geometry": {"type": "Point", "coordinates": [13.24171, 52.51314]}, "properties": {"pi2025": 17.8, "pi2018": 0, "change_pct": 210.5, "n2025": 73, "grid": "4541_3272"}}, {"type": "Feature", "geometry": {"type": "Point", "coordinates": [13.24369, 52.54007]}, "properties": {"pi2025": 10.4, "pi2018": 0, "change_pct": 169.9, "n2025": 66, "grid": "4541_3275"}}, {"type": "Feature", "geometry": {"type": "Point", "coordinates": [13.24785, 52.39605]}, "properties": {"pi2025": 10.2, "pi2018": 7.4, "change_pct": 78.8, "n2025": 69, "grid": "4542_3259"}}, {"type": "Feature", "geometry": {"type": "Point", "coordinates": [13.24916, 52.414]}, "properties": {"pi2025": 15.4, "pi2018": 8.9, "change_pct": 146.8, "n2025": 58, "grid": "4542_3261"}}, {"type": "Feature", "geometry": {"type": "Point", "coordinates": [13.25643, 52.51274]}, "properties": {"pi2025": 11.3, "pi2018": 9.6, "change_pct": 82.9, "n2025": 79, "grid": "4542_3272"}}, {"type": "Feature", "geometry": {"type": "Point", "coordinates": [13.25842, 52.53967]}, "properties": {"pi2025": 10.8, "pi2018": 8.5, "change_pct": 149.0, "n2025": 70, "grid": "4542_3275"}}, {"type": "Feature", "geometry": {"type": "Point", "coordinates": [13.37763, 54.08343]}, "properties": {"pi2025": 8.7, "pi2018": 6.6, "change_pct": 48.5, "n2025": 58, "grid": "4542_3447"}}, {"type": "Feature", "geometry": {"type": "Point", "coordinates": [13.37836, 54.09241]}, "properties": {"pi2025": 9.3, "pi2018": 6.7, "change_pct": 0, "n2025": 80, "grid": "4542_3448"}}, {"type": "Feature", "geometry": {"type": "Point", "coordinates": [13.26517, 52.43155]}, "properties": {"pi2025": 13.5, "pi2018": 9.8, "change_pct": 131.5, "n2025": 66, "grid": "4543_3263"}}, {"type": "Feature", "geometry": {"type": "Point", "coordinates": [13.27048, 52.50336]}, "properties": {"pi2025": 14.6, "pi2018": 10.3, "change_pct": 167.5, "n2025": 94, "grid": "4543_3271"}}, {"type": "Feature", "geometry": {"type": "Point", "coordinates": [13.27581, 52.57517]}, "properties": {"pi2025": 10.0, "pi2018": 7.6, "change_pct": 94.5, "n2025": 71, "grid": "4543_3279"}}, {"type": "Feature", "geometry": {"type": "Point", "coordinates": [13.27648, 52.58415]}, "properties": {"pi2025": 11.8, "pi2018": 8.9, "change_pct": 121.4, "n2025": 128, "grid": "4543_3280"}}, {"type": "Feature", "geometry": {"type": "Point", "coordinates": [13.27853, 52.4132]}, "properties": {"pi2025": 15.8, "pi2018": 9.3, "change_pct": 138.1, "n2025": 87, "grid": "4544_3261"}}, {"type": "Feature", "geometry": {"type": "Point", "coordinates": [13.28319, 52.47603]}, "properties": {"pi2025": 14.6, "pi2018": 10.0, "change_pct": 144.6, "n2025": 126, "grid": "4544_3268"}}, {"type": "Feature", "geometry": {"type": "Point", "coordinates": [13.28386, 52.48501]}, "properties": {"pi2025": 14.9, "pi2018": 10.4, "change_pct": 141.0, "n2025": 111, "grid": "4544_3269"}}, {"type": "Feature", "geometry": {"type": "Point", "coordinates": [13.28453, 52.49398]}, "properties": {"pi2025": 15.5, "pi2018": 10.5, "change_pct": 151.0, "n2025": 229, "grid": "4544_3270"}}, {"type": "Feature", "geometry": {"type": "Point", "coordinates": [13.2852, 52.50296]}, "properties": {"pi2025": 17.4, "pi2018": 12.0, "change_pct": 190.3, "n2025": 288, "grid": "4544_3271"}}, {"type": "Feature", "geometry": {"type": "Point", "coordinates": [13.28586, 52.51194]}, "properties": {"pi2025": 12.7, "pi2018": 9.9, "change_pct": 128.9, "n2025": 191, "grid": "4544_3272"}}, {"type": "Feature", "geometry": {"type": "Point", "coordinates": [13.28653, 52.52091]}, "properties": {"pi2025": 15.4, "pi2018": 9.9, "change_pct": 199.0, "n2025": 211, "grid": "4544_3273"}}, {"type": "Feature", "geometry": {"type": "Point", "coordinates": [13.29122, 52.58374]}, "properties": {"pi2025": 12.0, "pi2018": 8.5, "change_pct": 152.9, "n2025": 100, "grid": "4544_3280"}}, {"type": "Feature", "geometry": {"type": "Point", "coordinates": [13.29189, 52.59272]}, "properties": {"pi2025": 16.5, "pi2018": 0, "change_pct": 0, "n2025": 73, "grid": "4544_3281"}}, {"type": "Feature", "geometry": {"type": "Point", "coordinates": [13.29321, 52.41279]}, "properties": {"pi2025": 11.4, "pi2018": 0, "change_pct": 126.7, "n2025": 56, "grid": "4545_3261"}}, {"type": "Feature", "geometry": {"type": "Point", "coordinates": [13.29522, 52.43972]}, "properties": {"pi2025": 14.0, "pi2018": 9.0, "change_pct": 152.5, "n2025": 59, "grid": "4545_3264"}}, {"type": "Feature", "geometry": {"type": "Point", "coordinates": [13.29723, 52.46665]}, "properties": {"pi2025": 16.8, "pi2018": 7.9, "change_pct": 209.6, "n2025": 75, "grid": "4545_3267"}}, {"type": "Feature", "geometry": {"type": "Point", "coordinates": [13.2979, 52.47562]}, "properties": {"pi2025": 20.1, "pi2018": 0, "change_pct": 290.5, "n2025": 76, "grid": "4545_3268"}}, {"type": "Feature", "geometry": {"type": "Point", "coordinates": [13.29857, 52.4846]}, "properties": {"pi2025": 11.0, "pi2018": 11.3, "change_pct": 113.7, "n2025": 56, "grid": "4545_3269"}}, {"type": "Feature", "geometry": {"type": "Point", "coordinates": [13.29924, 52.49358]}, "properties": {"pi2025": 18.3, "pi2018": 11.1, "change_pct": 183.4, "n2025": 389, "grid": "4545_3270"}}, {"type": "Feature", "geometry": {"type": "Point", "coordinates": [13.29991, 52.50255]}, "properties": {"pi2025": 17.7, "pi2018": 10.9, "change_pct": 194.8, "n2025": 437, "grid": "4545_3271"}}, {"type": "Feature", "geometry": {"type": "Point", "coordinates": [13.30058, 52.51153]}, "properties": {"pi2025": 14.1, "pi2018": 10.3, "change_pct": 156.2, "n2025": 251, "grid": "4545_3272"}}, {"type": "Feature", "geometry": {"type": "Point", "coordinates": [13.30125, 52.52051]}, "properties": {"pi2025": 12.5, "pi2018": 9.1, "change_pct": 138.2, "n2025": 163, "grid": "4545_3273"}}, {"type": "Feature", "geometry": {"type": "Point", "coordinates": [13.30192, 52.52948]}, "properties": {"pi2025": 11.7, "pi2018": 0, "change_pct": 146.3, "n2025": 63, "grid": "4545_3274"}}, {"type": "Feature", "geometry": {"type": "Point", "coordinates": [13.30461, 52.56539]}, "properties": {"pi2025": 12.2, "pi2018": 8.2, "change_pct": 188.2, "n2025": 125, "grid": "4545_3278"}}, {"type": "Feature", "geometry": {"type": "Point", "coordinates": [13.30529, 52.57436]}, "properties": {"pi2025": 9.0, "pi2018": 8.1, "change_pct": 86.8, "n2025": 64, "grid": "4545_3279"}}, {"type": "Feature", "geometry": {"type": "Point", "coordinates": [13.31204, 52.66412]}, "properties": {"pi2025": 10.5, "pi2018": 0, "change_pct": 0, "n2025": 53, "grid": "4545_3289"}}, {"type": "Feature", "geometry": {"type": "Point", "coordinates": [13.3079, 52.41238]}, "properties": {"pi2025": 10.5, "pi2018": 7.6, "change_pct": 113.5, "n2025": 80, "grid": "4546_3261"}}, {"type": "Feature", "geometry": {"type": "Point", "coordinates": [13.30991, 52.43931]}, "properties": {"pi2025": 12.4, "pi2018": 9.3, "change_pct": 128.9, "n2025": 60, "grid": "4546_3264"}}, {"type": "Feature", "geometry": {"type": "Point", "coordinates": [13.31058, 52.44829]}, "properties": {"pi2025": 13.8, "pi2018": 9.6, "change_pct": 165.4, "n2025": 94, "grid": "4546_3265"}}, {"type": "Feature", "geometry": {"type": "Point", "coordinates": [13.31126, 52.45726]}, "properties": {"pi2025": 12.7, "pi2018": 9.6, "change_pct": 125.1, "n2025": 144, "grid": "4546_3266"}}, {"type": "Feature", "geometry": {"type": "Point", "coordinates": [13.31193, 52.46624]}, "properties": {"pi2025": 11.9, "pi2018": 10.3, "change_pct": 101.3, "n2025": 127, "grid": "4546_3267"}}, {"type": "Feature", "geometry": {"type": "Point", "coordinates": [13.3126, 52.47522]}, "properties": {"pi2025": 12.4, "pi2018": 9.8, "change_pct": 128.0, "n2025": 151, "grid": "4546_3268"}}, {"type": "Feature", "geometry": {"type": "Point", "coordinates": [13.31327, 52.48419]}, "properties": {"pi2025": 14.6, "pi2018": 10.6, "change_pct": 150.6, "n2025": 251, "grid": "4546_3269"}}, {"type": "Feature", "geometry": {"type": "Point", "coordinates": [13.31395, 52.49317]}, "properties": {"pi2025": 19.1, "pi2018": 11.7, "change_pct": 168.3, "n2025": 285, "grid": "4546_3270"}}, {"type": "Feature", "geometry": {"type": "Point", "coordinates": [13.31462, 52.50214]}, "properties": {"pi2025": 19.9, "pi2018": 12.4, "change_pct": 184.2, "n2025": 237, "grid": "4546_3271"}}, {"type": "Feature", "geometry": {"type": "Point", "coordinates": [13.3153, 52.51112]}, "properties": {"pi2025": 14.5, "pi2018": 10.2, "change_pct": 145.9, "n2025": 145, "grid": "4546_3272"}}, {"type": "Feature", "geometry": {"type": "Point", "coordinates": [13.31597, 52.5201]}, "properties": {"pi2025": 12.6, "pi2018": 10.1, "change_pct": 157.2, "n2025": 203, "grid": "4546_3273"}}, {"type": "Feature", "geometry": {"type": "Point", "coordinates": [13.31665, 52.52907]}, "properties": {"pi2025": 11.7, "pi2018": 10.0, "change_pct": 162.8, "n2025": 125, "grid": "4546_3274"}}, {"type": "Feature", "geometry": {"type": "Point", "coordinates": [13.31935, 52.56498]}, "properties": {"pi2025": 13.8, "pi2018": 8.3, "change_pct": 212.2, "n2025": 79, "grid": "4546_3278"}}, {"type": "Feature", "geometry": {"type": "Point", "coordinates": [13.32206, 52.60088]}, "properties": {"pi2025": 8.3, "pi2018": 6.9, "change_pct": 118.6, "n2025": 54, "grid": "4546_3282"}}, {"type": "Feature", "geometry": {"type": "Point", "coordinates": [13.32325, 52.42095]}, "properties": {"pi2025": 12.2, "pi2018": 8.6, "change_pct": 112.0, "n2025": 51, "grid": "4547_3262"}}, {"type": "Feature", "geometry": {"type": "Point", "coordinates": [13.3246, 52.4389]}, "properties": {"pi2025": 12.0, "pi2018": 8.1, "change_pct": 134.6, "n2025": 55, "grid": "4547_3264"}}, {"type": "Feature", "geometry": {"type": "Point", "coordinates": [13.32528, 52.44788]}, "properties": {"pi2025": 12.6, "pi2018": 9.0, "change_pct": 133.8, "n2025": 159, "grid": "4547_3265"}}, {"type": "Feature", "geometry": {"type": "Point", "coordinates": [13.32595, 52.45686]}, "properties": {"pi2025": 15.7, "pi2018": 9.7, "change_pct": 190.9, "n2025": 178, "grid": "4547_3266"}}, {"type": "Feature", "geometry": {"type": "Point", "coordinates": [13.32663, 52.46583]}, "properties": {"pi2025": 13.9, "pi2018": 10.0, "change_pct": 142.0, "n2025": 192, "grid": "4547_3267"}}, {"type": "Feature", "geometry": {"type": "Point", "coordinates": [13.3273, 52.47481]}, "properties": {"pi2025": 14.4, "pi2018": 10.0, "change_pct": 154.2, "n2025": 217, "grid": "4547_3268"}}, {"type": "Feature", "geometry": {"type": "Point", "coordinates": [13.32798, 52.48378]}, "properties": {"pi2025": 13.5, "pi2018": 10.4, "change_pct": 135.8, "n2025": 342, "grid": "4547_3269"}}, {"type": "Feature", "geometry": {"type": "Point", "coordinates": [13.32866, 52.49276]}, "properties": {"pi2025": 15.8, "pi2018": 11.0, "change_pct": 150.0, "n2025": 331, "grid": "4547_3270"}}, {"type": "Feature", "geometry": {"type": "Point", "coordinates": [13.32933, 52.50173]}, "properties": {"pi2025": 16.0, "pi2018": 10.9, "change_pct": 126.2, "n2025": 71, "grid": "4547_3271"}}, {"type": "Feature", "geometry": {"type": "Point", "coordinates": [13.33001, 52.51071]}, "properties": {"pi2025": 19.6, "pi2018": 10.7, "change_pct": 279.2, "n2025": 70, "grid": "4547_3272"}}, {"type": "Feature", "geometry": {"type": "Point", "coordinates": [13.33069, 52.51969]}, "properties": {"pi2025": 13.3, "pi2018": 10.2, "change_pct": 168.6, "n2025": 217, "grid": "4547_3273"}}, {"type": "Feature", "geometry": {"type": "Point", "coordinates": [13.33137, 52.52866]}, "properties": {"pi2025": 11.7, "pi2018": 10.0, "change_pct": 146.9, "n2025": 253, "grid": "4547_3274"}}, {"type": "Feature", "geometry": {"type": "Point", "coordinates": [13.33272, 52.54661]}, "properties": {"pi2025": 12.6, "pi2018": 10.1, "change_pct": 176.7, "n2025": 126, "grid": "4547_3276"}}, {"type": "Feature", "geometry": {"type": "Point", "coordinates": [13.3334, 52.55559]}, "properties": {"pi2025": 15.0, "pi2018": 8.8, "change_pct": 247.8, "n2025": 162, "grid": "4547_3277"}}, {"type": "Feature", "geometry": {"type": "Point", "coordinates": [13.33544, 52.58252]}, "properties": {"pi2025": 13.2, "pi2018": 8.2, "change_pct": 191.2, "n2025": 61, "grid": "4547_3280"}}, {"type": "Feature", "geometry": {"type": "Point", "coordinates": [13.25587, 51.29842]}, "properties": {"pi2025": 5.9, "pi2018": 0, "change_pct": 0, "n2025": 78, "grid": "4548_3137"}}, {"type": "Feature", "geometry": {"type": "Point", "coordinates": [13.33659, 52.40259]}, "properties": {"pi2025": 8.2, "pi2018": 7.0, "change_pct": 98.5, "n2025": 78, "grid": "4548_3260"}}, {"type": "Feature", "geometry": {"type": "Point", "coordinates": [13.33794, 52.42054]}, "properties": {"pi2025": 9.9, "pi2018": 0, "change_pct": 96.4, "n2025": 57, "grid": "4548_3262"}}, {"type": "Feature", "geometry": {"type": "Point", "coordinates": [13.33862, 52.42952]}, "properties": {"pi2025": 10.2, "pi2018": 8.6, "change_pct": 106.3, "n2025": 112, "grid": "4548_3263"}}, {"type": "Feature", "geometry": {"type": "Point", "coordinates": [13.33929, 52.43849]}, "properties": {"pi2025": 14.4, "pi2018": 8.5, "change_pct": 179.8, "n2025": 109, "grid": "4548_3264"}}, {"type": "Feature", "geometry": {"type": "Point", "coordinates": [13.33997, 52.44747]}, "properties": {"pi2025": 16.8, "pi2018": 8.9, "change_pct": 207.5, "n2025": 191, "grid": "4548_3265"}}, {"type": "Feature", "geometry": {"type": "Point", "coordinates": [13.34133, 52.46542]}, "properties": {"pi2025": 12.7, "pi2018": 9.5, "change_pct": 142.7, "n2025": 82, "grid": "4548_3267"}}, {"type": "Feature", "geometry": {"type": "Point", "coordinates": [13.34201, 52.4744]}, "properties": {"pi2025": 13.9, "pi2018": 10.0, "change_pct": 174.7, "n2025": 217, "grid": "4548_3268"}}, {"type": "Feature", "geometry": {"type": "Point", "coordinates": [13.34269, 52.48337]}, "properties": {"pi2025": 18.2, "pi2018": 10.4, "change_pct": 234.5, "n2025": 350, "grid": "4548_3269"}}, {"type": "Feature", "geometry": {"type": "Point", "coordinates": [13.34337, 52.49235]}, "properties": {"pi2025": 16.8, "pi2018": 10.9, "change_pct": 199.5, "n2025": 496, "grid": "4548_3270"}}, {"type": "Feature", "geometry": {"type": "Point", "coordinates": [13.34405, 52.50132]}, "properties": {"pi2025": 15.2, "pi2018": 11.4, "change_pct": 139.7, "n2025": 167, "grid": "4548_3271"}}, {"type": "Feature", "geometry": {"type": "Point", "coordinates": [13.34541, 52.51927]}, "properties": {"pi2025": 12.8, "pi2018": 10.4, "change_pct": 139.9, "n2025": 133, "grid": "4548_3273"}}, {"type": "Feature", "geometry": {"type": "Point", "coordinates": [13.34609, 52.52825]}, "properties": {"pi2025": 13.1, "pi2018": 10.3, "change_pct": 186.7, "n2025": 198, "grid": "4548_3274"}}, {"type": "Feature", "geometry": {"type": "Point", "coordinates": [13.34677, 52.53723]}, "properties": {"pi2025": 13.3, "pi2018": 9.2, "change_pct": 193.7, "n2025": 285, "grid": "4548_3275"}}, {"type": "Feature", "geometry": {"type": "Point", "coordinates": [13.34745, 52.5462]}, "properties": {"pi2025": 12.4, "pi2018": 9.8, "change_pct": 187.0, "n2025": 252, "grid": "4548_3276"}}, {"type": "Feature", "geometry": {"type": "Point", "coordinates": [13.34813, 52.55518]}, "properties": {"pi2025": 10.4, "pi2018": 7.4, "change_pct": 121.1, "n2025": 73, "grid": "4548_3277"}}, {"type": "Feature", "geometry": {"type": "Point", "coordinates": [13.34881, 52.56415]}, "properties": {"pi2025": 11.6, "pi2018": 8.5, "change_pct": 157.0, "n2025": 60, "grid": "4548_3278"}}, {"type": "Feature", "geometry": {"type": "Point", "coordinates": [13.3495, 52.57313]}, "properties": {"pi2025": 10.3, "pi2018": 7.7, "change_pct": 123.2, "n2025": 75, "grid": "4548_3279"}}, {"type": "Feature", "geometry": {"type": "Point", "coordinates": [13.35018, 52.5821]}, "properties": {"pi2025": 14.2, "pi2018": 8.7, "change_pct": 152.4, "n2025": 61, "grid": "4548_3280"}}, {"type": "Feature", "geometry": {"type": "Point", "coordinates": [13.35086, 52.59108]}, "properties": {"pi2025": 7.0, "pi2018": 6.3, "change_pct": 96.9, "n2025": 68, "grid": "4548_3281"}}, {"type": "Feature", "geometry": {"type": "Point", "coordinates": [13.35155, 52.60006]}, "properties": {"pi2025": 6.7, "pi2018": 6.5, "change_pct": 73.2, "n2025": 120, "grid": "4548_3282"}}, {"type": "Feature", "geometry": {"type": "Point", "coordinates": [13.35195, 52.41115]}, "properties": {"pi2025": 11.7, "pi2018": 7.4, "change_pct": 149.2, "n2025": 74, "grid": "4549_3261"}}, {"type": "Feature", "geometry": {"type": "Point", "coordinates": [13.35263, 52.42013]}, "properties": {"pi2025": 16.7, "pi2018": 7.9, "change_pct": 273.1, "n2025": 90, "grid": "4549_3262"}}, {"type": "Feature", "geometry": {"type": "Point", "coordinates": [13.35535, 52.45603]}, "properties": {"pi2025": 14.1, "pi2018": 0, "change_pct": 206.4, "n2025": 50, "grid": "4549_3266"}}, {"type": "Feature", "geometry": {"type": "Point", "coordinates": [13.35671, 52.47398]}, "properties": {"pi2025": 13.4, "pi2018": 10.0, "change_pct": 156.5, "n2025": 173, "grid": "4549_3268"}}, {"type": "Feature", "geometry": {"type": "Point", "coordinates": [13.35739, 52.48296]}, "properties": {"pi2025": 11.5, "pi2018": 10.5, "change_pct": 120.1, "n2025": 192, "grid": "4549_3269"}}, {"type": "Feature", "geometry": {"type": "Point", "coordinates": [13.35808, 52.49193]}, "properties": {"pi2025": 11.8, "pi2018": 9.1, "change_pct": 156.2, "n2025": 213, "grid": "4549_3270"}}, {"type": "Feature", "geometry": {"type": "Point", "coordinates": [13.35876, 52.50091]}, "properties": {"pi2025": 16.4, "pi2018": 12.4, "change_pct": 135.1, "n2025": 161, "grid": "4549_3271"}}, {"type": "Feature", "geometry": {"type": "Point", "coordinates": [13.36013, 52.51886]}, "properties": {"pi2025": 11.2, "pi2018": 0, "change_pct": 131.2, "n2025": 56, "grid": "4549_3273"}}, {"type": "Feature", "geometry": {"type": "Point", "coordinates": [13.36081, 52.52784]}, "properties": {"pi2025": 18.8, "pi2018": 12.3, "change_pct": 214.0, "n2025": 781, "grid": "4549_3274"}}, {"type": "Feature", "geometry": {"type": "Point", "coordinates": [13.36149, 52.53681]}, "properties": {"pi2025": 16.6, "pi2018": 10.9, "change_pct": 271.1, "n2025": 151, "grid": "4549_3275"}}, {"type": "Feature", "geometry": {"type": "Point", "coordinates": [13.36218, 52.54579]}, "properties": {"pi2025": 11.9, "pi2018": 9.1, "change_pct": 163.8, "n2025": 219, "grid": "4549_3276"}}, {"type": "Feature", "geometry": {"type": "Point", "coordinates": [13.36286, 52.55476]}, "properties": {"pi2025": 10.6, "pi2018": 8.5, "change_pct": 155.5, "n2025": 114, "grid": "4549_3277"}}, {"type": "Feature", "geometry": {"type": "Point", "coordinates": [13.36355, 52.56374]}, "properties": {"pi2025": 10.8, "pi2018": 8.2, "change_pct": 149.2, "n2025": 148, "grid": "4549_3278"}}, {"type": "Feature", "geometry": {"type": "Point", "coordinates": [13.36492, 52.58169]}, "properties": {"pi2025": 13.8, "pi2018": 8.7, "change_pct": 151.0, "n2025": 68, "grid": "4549_3280"}}, {"type": "Feature", "geometry": {"type": "Point", "coordinates": [13.36868, 52.43766]}, "properties": {"pi2025": 11.4, "pi2018": 8.5, "change_pct": 135.3, "n2025": 109, "grid": "4550_3264"}}, {"type": "Feature", "geometry": {"type": "Point", "coordinates": [13.36936, 52.44664]}, "properties": {"pi2025": 11.8, "pi2018": 8.9, "change_pct": 136.4, "n2025": 98, "grid": "4550_3265"}}, {"type": "Feature", "geometry": {"type": "Point", "coordinates": [13.37004, 52.45562]}, "properties": {"pi2025": 12.9, "pi2018": 8.9, "change_pct": 169.0, "n2025": 186, "grid": "4550_3266"}}, {"type": "Feature", "geometry": {"type": "Point", "coordinates": [13.37073, 52.46459]}, "properties": {"pi2025": 10.3, "pi2018": 9.2, "change_pct": 120.0, "n2025": 51, "grid": "4550_3267"}}, {"type": "Feature", "geometry": {"type": "Point", "coordinates": [13.3721, 52.48254]}, "properties": {"pi2025": 12.2, "pi2018": 10.6, "change_pct": 126.7, "n2025": 136, "grid": "4550_3269"}}, {"type": "Feature", "geometry": {"type": "Point", "coordinates": [13.37278, 52.49152]}, "properties": {"pi2025": 11.9, "pi2018": 11.5, "change_pct": 119.8, "n2025": 134, "grid": "4550_3270"}}, {"type": "Feature", "geometry": {"type": "Point", "coordinates": [13.37347, 52.50049]}, "properties": {"pi2025": 15.9, "pi2018": 12.2, "change_pct": 179.3, "n2025": 148, "grid": "4550_3271"}}, {"type": "Feature", "geometry": {"type": "Point", "coordinates": [13.37416, 52.50947]}, "properties": {"pi2025": 14.4, "pi2018": 12.5, "change_pct": 48.9, "n2025": 118, "grid": "4550_3272"}}, {"type": "Feature", "geometry": {"type": "Point", "coordinates": [13.37484, 52.51844]}, "properties": {"pi2025": 18.6, "pi2018": 12.2, "change_pct": 103.1, "n2025": 167, "grid": "4550_3273"}}, {"type": "Feature", "geometry": {"type": "Point", "coordinates": [13.37553, 52.52742]}, "properties": {"pi2025": 15.6, "pi2018": 11.4, "change_pct": 132.4, "n2025": 381, "grid": "4550_3274"}}, {"type": "Feature", "geometry": {"type": "Point", "coordinates": [13.37622, 52.5364]}, "properties": {"pi2025": 11.5, "pi2018": 8.9, "change_pct": 163.6, "n2025": 202, "grid": "4550_3275"}}, {"type": "Feature", "geometry": {"type": "Point", "coordinates": [13.3769, 52.54537]}, "properties": {"pi2025": 12.3, "pi2018": 9.5, "change_pct": 178.1, "n2025": 213, "grid": "4550_3276"}}, {"type": "Feature", "geometry": {"type": "Point", "coordinates": [13.37759, 52.55435]}, "properties": {"pi2025": 12.6, "pi2018": 9.2, "change_pct": 204.6, "n2025": 319, "grid": "4550_3277"}}, {"type": "Feature", "geometry": {"type": "Point", "coordinates": [13.37828, 52.56332]}, "properties": {"pi2025": 11.2, "pi2018": 9.3, "change_pct": 157.9, "n2025": 70, "grid": "4550_3278"}}, {"type": "Feature", "geometry": {"type": "Point", "coordinates": [13.37966, 52.58127]}, "properties": {"pi2025": 11.7, "pi2018": 10.4, "change_pct": 115.8, "n2025": 51, "grid": "4550_3280"}}, {"type": "Feature", "geometry": {"type": "Point", "coordinates": [13.29885, 51.29721]}, "properties": {"pi2025": 5.7, "pi2018": 0, "change_pct": 20.7, "n2025": 80, "grid": "4551_3137"}}, {"type": "Feature", "geometry": {"type": "Point", "coordinates": [13.3868, 52.48212]}, "properties": {"pi2025": 10.4, "pi2018": 11.9, "change_pct": 82.9, "n2025": 154, "grid": "4551_3269"}}, {"type": "Feature", "geometry": {"type": "Point", "coordinates": [13.38749, 52.4911]}, "properties": {"pi2025": 14.7, "pi2018": 10.7, "change_pct": 170.1, "n2025": 375, "grid": "4551_3270"}}, {"type": "Feature", "geometry": {"type": "Point", "coordinates": [13.38818, 52.50008]}, "properties": {"pi2025": 12.2, "pi2018": 10.5, "change_pct": 131.8, "n2025": 263, "grid": "4551_3271"}}, {"type": "Feature", "geometry": {"type": "Point", "coordinates": [13.38887, 52.50905]}, "properties": {"pi2025": 18.0, "pi2018": 12.2, "change_pct": 108.7, "n2025": 234, "grid": "4551_3272"}}, {"type": "Feature", "geometry": {"type": "Point", "coordinates": [13.38956, 52.51803]}, "properties": {"pi2025": 19.5, "pi2018": 12.5, "change_pct": 123.8, "n2025": 299, "grid": "4551_3273"}}, {"type": "Feature", "geometry": {"type": "Point", "coordinates": [13.39025, 52.527]}, "properties": {"pi2025": 21.5, "pi2018": 12.9, "change_pct": 211.0, "n2025": 525, "grid": "4551_3274"}}, {"type": "Feature", "geometry": {"type": "Point", "coordinates": [13.39094, 52.53598]}, "properties": {"pi2025": 15.8, "pi2018": 11.7, "change_pct": 210.7, "n2025": 266, "grid": "4551_3275"}}, {"type": "Feature", "geometry": {"type": "Point", "coordinates": [13.39163, 52.54495]}, "properties": {"pi2025": 15.6, "pi2018": 11.4, "change_pct": 226.6, "n2025": 291, "grid": "4551_3276"}}, {"type": "Feature", "geometry": {"type": "Point", "coordinates": [13.39232, 52.55393]}, "properties": {"pi2025": 19.2, "pi2018": 9.7, "change_pct": 298.7, "n2025": 350, "grid": "4551_3277"}}, {"type": "Feature", "geometry": {"type": "Point", "coordinates": [13.39301, 52.5629]}, "properties": {"pi2025": 11.7, "pi2018": 9.7, "change_pct": 134.6, "n2025": 152, "grid": "4551_3278"}}, {"type": "Feature", "geometry": {"type": "Point", "coordinates": [13.3944, 52.58085]}, "properties": {"pi2025": 19.3, "pi2018": 8.7, "change_pct": 281.0, "n2025": 438, "grid": "4551_3280"}}, {"type": "Feature", "geometry": {"type": "Point", "coordinates": [13.39393, 52.38298]}, "properties": {"pi2025": 8.5, "pi2018": 7.5, "change_pct": 74.1, "n2025": 57, "grid": "4552_3258"}}, {"type": "Feature", "geometry": {"type": "Point", "coordinates": [13.39944, 52.45478]}, "properties": {"pi2025": 9.2, "pi2018": 0, "change_pct": 0, "n2025": 61, "grid": "4552_3266"}}, {"type": "Feature", "geometry": {"type": "Point", "coordinates": [13.40151, 52.48171]}, "properties": {"pi2025": 17.1, "pi2018": 10.4, "change_pct": 216.0, "n2025": 132, "grid": "4552_3269"}}, {"type": "Feature", "geometry": {"type": "Point", "coordinates": [13.4022, 52.49068]}, "properties": {"pi2025": 11.6, "pi2018": 9.7, "change_pct": 116.7, "n2025": 211, "grid": "4552_3270"}}, {"type": "Feature", "geometry": {"type": "Point", "coordinates": [13.40289, 52.49966]}, "properties": {"pi2025": 13.5, "pi2018": 10.2, "change_pct": 145.9, "n2025": 240, "grid": "4552_3271"}}, {"type": "Feature", "geometry": {"type": "Point", "coordinates": [13.40359, 52.50863]}, "properties": {"pi2025": 16.4, "pi2018": 11.7, "change_pct": 162.1, "n2025": 428, "grid": "4552_3272"}}, {"type": "Feature", "geometry": {"type": "Point", "coordinates": [13.40428, 52.51761]}, "properties": {"pi2025": 15.8, "pi2018": 12.0, "change_pct": 136.7, "n2025": 221, "grid": "4552_3273"}}, {"type": "Feature", "geometry": {"type": "Point", "coordinates": [13.40497, 52.52658]}, "properties": {"pi2025": 16.6, "pi2018": 11.4, "change_pct": 142.6, "n2025": 387, "grid": "4552_3274"}}, {"type": "Feature", "geometry": {"type": "Point", "coordinates": [13.40566, 52.53556]}, "properties": {"pi2025": 16.9, "pi2018": 11.7, "change_pct": 158.2, "n2025": 401, "grid": "4552_3275"}}, {"type": "Feature", "geometry": {"type": "Point", "coordinates": [13.40636, 52.54453]}, "properties": {"pi2025": 15.0, "pi2018": 11.2, "change_pct": 150.6, "n2025": 652, "grid": "4552_3276"}}, {"type": "Feature", "geometry": {"type": "Point", "coordinates": [13.40705, 52.55351]}, "properties": {"pi2025": 12.3, "pi2018": 10.3, "change_pct": 138.2, "n2025": 270, "grid": "4552_3277"}}, {"type": "Feature", "geometry": {"type": "Point", "coordinates": [13.40775, 52.56248]}, "properties": {"pi2025": 12.5, "pi2018": 9.0, "change_pct": 146.3, "n2025": 88, "grid": "4552_3278"}}, {"type": "Feature", "geometry": {"type": "Point", "coordinates": [13.40844, 52.57146]}, "properties": {"pi2025": 10.9, "pi2018": 9.4, "change_pct": 100.4, "n2025": 151, "grid": "4552_3279"}}, {"type": "Feature", "geometry": {"type": "Point", "coordinates": [13.40913, 52.58043]}, "properties": {"pi2025": 13.9, "pi2018": 8.0, "change_pct": 162.3, "n2025": 136, "grid": "4552_3280"}}, {"type": "Feature", "geometry": {"type": "Point", "coordinates": [13.4086, 52.38256]}, "properties": {"pi2025": 8.5, "pi2018": 6.9, "change_pct": 61.7, "n2025": 53, "grid": "4553_3258"}}, {"type": "Feature", "geometry": {"type": "Point", "coordinates": [13.41483, 52.46333]}, "properties": {"pi2025": 12.9, "pi2018": 9.7, "change_pct": 191.8, "n2025": 185, "grid": "4553_3267"}}, {"type": "Feature", "geometry": {"type": "Point", "coordinates": [13.41552, 52.47231]}, "properties": {"pi2025": 12.9, "pi2018": 10.7, "change_pct": 198.5, "n2025": 298, "grid": "4553_3268"}}, {"type": "Feature", "geometry": {"type": "Point", "coordinates": [13.41622, 52.48129]}, "properties": {"pi2025": 15.1, "pi2018": 10.6, "change_pct": 237.4, "n2025": 294, "grid": "4553_3269"}}, {"type": "Feature", "geometry": {"type": "Point", "coordinates": [13.41691, 52.49026]}, "properties": {"pi2025": 11.9, "pi2018": 11.1, "change_pct": 127.7, "n2025": 320, "grid": "4553_3270"}}, {"type": "Feature", "geometry": {"type": "Point", "coordinates": [13.4176, 52.49924]}, "properties": {"pi2025": 13.5, "pi2018": 10.6, "change_pct": 175.1, "n2025": 174, "grid": "4553_3271"}}, {"type": "Feature", "geometry": {"type": "Point", "coordinates": [13.4183, 52.50821]}, "properties": {"pi2025": 13.3, "pi2018": 12.1, "change_pct": 147.2, "n2025": 182, "grid": "4553_3272"}}, {"type": "Feature", "geometry": {"type": "Point", "coordinates": [13.41899, 52.51719]}, "properties": {"pi2025": 11.7, "pi2018": 10.3, "change_pct": 98.0, "n2025": 154, "grid": "4553_3273"}}, {"type": "Feature", "geometry": {"type": "Point", "coordinates": [13.41969, 52.52616]}, "properties": {"pi2025": 15.4, "pi2018": 11.5, "change_pct": 144.8, "n2025": 362, "grid": "4553_3274"}}, {"type": "Feature", "geometry": {"type": "Point", "coordinates": [13.42039, 52.53514]}, "properties": {"pi2025": 14.7, "pi2018": 10.8, "change_pct": 139.1, "n2025": 310, "grid": "4553_3275"}}, {"type": "Feature", "geometry": {"type": "Point", "coordinates": [13.42108, 52.54411]}, "properties": {"pi2025": 12.7, "pi2018": 10.0, "change_pct": 126.9, "n2025": 207, "grid": "4553_3276"}}, {"type": "Feature", "geometry": {"type": "Point", "coordinates": [13.42178, 52.55309]}, "properties": {"pi2025": 16.4, "pi2018": 9.4, "change_pct": 220.4, "n2025": 202, "grid": "4553_3277"}}, {"type": "Feature", "geometry": {"type": "Point", "coordinates": [13.42248, 52.56206]}, "properties": {"pi2025": 13.4, "pi2018": 7.9, "change_pct": 177.0, "n2025": 61, "grid": "4553_3278"}}, {"type": "Feature", "geometry": {"type": "Point", "coordinates": [13.42317, 52.57104]}, "properties": {"pi2025": 13.0, "pi2018": 8.4, "change_pct": 157.0, "n2025": 64, "grid": "4553_3279"}}, {"type": "Feature", "geometry": {"type": "Point", "coordinates": [13.42387, 52.58001]}, "properties": {"pi2025": 20.0, "pi2018": 0, "change_pct": 311.9, "n2025": 241, "grid": "4553_3280"}}, {"type": "Feature", "geometry": {"type": "Point", "coordinates": [13.31337, 50.90094]}, "properties": {"pi2025": 6.5, "pi2018": 5.1, "change_pct": 0, "n2025": 91, "grid": "4554_3093"}}, {"type": "Feature", "geometry": {"type": "Point", "coordinates": [13.42535, 52.40906]}, "properties": {"pi2025": 9.2, "pi2018": 0, "change_pct": 74.4, "n2025": 90, "grid": "4554_3261"}}, {"type": "Feature", "geometry": {"type": "Point", "coordinates": [13.42883, 52.45394]}, "properties": {"pi2025": 11.5, "pi2018": 8.4, "change_pct": 162.8, "n2025": 80, "grid": "4554_3266"}}, {"type": "Feature", "geometry": {"type": "Point", "coordinates": [13.42953, 52.46291]}, "properties": {"pi2025": 10.9, "pi2018": 10.0, "change_pct": 153.4, "n2025": 360, "grid": "4554_3267"}}, {"type": "Feature", "geometry": {"type": "Point", "coordinates": [13.43022, 52.47189]}, "properties": {"pi2025": 11.1, "pi2018": 10.4, "change_pct": 156.2, "n2025": 220, "grid": "4554_3268"}}, {"type": "Feature", "geometry": {"type": "Point", "coordinates": [13.43092, 52.48086]}, "properties": {"pi2025": 11.8, "pi2018": 10.6, "change_pct": 158.0, "n2025": 367, "grid": "4554_3269"}}, {"type": "Feature", "geometry": {"type": "Point", "coordinates": [13.43162, 52.48984]}, "properties": {"pi2025": 16.7, "pi2018": 11.1, "change_pct": 233.7, "n2025": 262, "grid": "4554_3270"}}, {"type": "Feature", "geometry": {"type": "Point", "coordinates": [13.43232, 52.49881]}, "properties": {"pi2025": 14.7, "pi2018": 11.3, "change_pct": 198.6, "n2025": 192, "grid": "4554_3271"}}, {"type": "Feature", "geometry": {"type": "Point", "coordinates": [13.43301, 52.50779]}, "properties": {"pi2025": 14.0, "pi2018": 12.5, "change_pct": 156.7, "n2025": 294, "grid": "4554_3272"}}, {"type": "Feature", "geometry": {"type": "Point", "coordinates": [13.43371, 52.51676]}, "properties": {"pi2025": 12.6, "pi2018": 10.7, "change_pct": 124.1, "n2025": 296, "grid": "4554_3273"}}, {"type": "Feature", "geometry": {"type": "Point", "coordinates": [13.43441, 52.52574]}, "properties": {"pi2025": 14.2, "pi2018": 9.0, "change_pct": 138.0, "n2025": 188, "grid": "4554_3274"}}, {"type": "Feature", "geometry": {"type": "Point", "coordinates": [13.43511, 52.53471]}, "properties": {"pi2025": 11.7, "pi2018": 10.7, "change_pct": 104.5, "n2025": 166, "grid": "4554_3275"}}, {"type": "Feature", "geometry": {"type": "Point", "coordinates": [13.43581, 52.54369]}, "properties": {"pi2025": 14.6, "pi2018": 9.2, "change_pct": 184.5, "n2025": 139, "grid": "4554_3276"}}, {"type": "Feature", "geometry": {"type": "Point", "coordinates": [13.43651, 52.55266]}, "properties": {"pi2025": 11.4, "pi2018": 8.5, "change_pct": 121.3, "n2025": 205, "grid": "4554_3277"}}, {"type": "Feature", "geometry": {"type": "Point", "coordinates": [13.32758, 50.90054]}, "properties": {"pi2025": 6.3, "pi2018": 5.3, "change_pct": 0, "n2025": 99, "grid": "4555_3093"}}, {"type": "Feature", "geometry": {"type": "Point", "coordinates": [13.44283, 52.44454]}, "properties": {"pi2025": 7.8, "pi2018": 8.0, "change_pct": 67.4, "n2025": 53, "grid": "4555_3265"}}, {"type": "Feature", "geometry": {"type": "Point", "coordinates": [13.44492, 52.47146]}, "properties": {"pi2025": 13.9, "pi2018": 10.2, "change_pct": 219.6, "n2025": 354, "grid": "4555_3268"}}, {"type": "Feature", "geometry": {"type": "Point", "coordinates": [13.44562, 52.48044]}, "properties": {"pi2025": 10.6, "pi2018": 10.0, "change_pct": 128.7, "n2025": 156, "grid": "4555_3269"}}, {"type": "Feature", "geometry": {"type": "Point", "coordinates": [13.44632, 52.48941]}, "properties": {"pi2025": 14.1, "pi2018": 10.5, "change_pct": 178.0, "n2025": 156, "grid": "4555_3270"}}, {"type": "Feature", "geometry": {"type": "Point", "coordinates": [13.44703, 52.49839]}, "properties": {"pi2025": 14.9, "pi2018": 10.8, "change_pct": 191.0, "n2025": 298, "grid": "4555_3271"}}, {"type": "Feature", "geometry": {"type": "Point", "coordinates": [13.44773, 52.50736]}, "properties": {"pi2025": 15.3, "pi2018": 11.2, "change_pct": 166.9, "n2025": 526, "grid": "4555_3272"}}, {"type": "Feature", "geometry": {"type": "Point", "coordinates": [13.44843, 52.51634]}, "properties": {"pi2025": 12.3, "pi2018": 10.8, "change_pct": 123.9, "n2025": 471, "grid": "4555_3273"}}, {"type": "Feature", "geometry": {"type": "Point", "coordinates": [13.44913, 52.52531]}, "properties": {"pi2025": 13.8, "pi2018": 10.2, "change_pct": 153.8, "n2025": 89, "grid": "4555_3274"}}, {"type": "Feature", "geometry": {"type": "Point", "coordinates": [13.45053, 52.54326]}, "properties": {"pi2025": 15.8, "pi2018": 9.3, "change_pct": 206.0, "n2025": 125, "grid": "4555_3276"}}, {"type": "Feature", "geometry": {"type": "Point", "coordinates": [13.45124, 52.55224]}, "properties": {"pi2025": 14.5, "pi2018": 8.2, "change_pct": 206.5, "n2025": 158, "grid": "4555_3277"}}, {"type": "Feature", "geometry": {"type": "Point", "coordinates": [13.34242, 50.90911]}, "properties": {"pi2025": 6.0, "pi2018": 5.0, "change_pct": 35.0, "n2025": 130, "grid": "4556_3094"}}, {"type": "Feature", "geometry": {"type": "Point", "coordinates": [13.45542, 52.41719]}, "properties": {"pi2025": 7.8, "pi2018": 8.0, "change_pct": 97.4, "n2025": 64, "grid": "4556_3262"}}, {"type": "Feature", "geometry": {"type": "Point", "coordinates": [13.45612, 52.42616]}, "properties": {"pi2025": 8.3, "pi2018": 7.3, "change_pct": 88.9, "n2025": 71, "grid": "4556_3263"}}, {"type": "Feature", "geometry": {"type": "Point", "coordinates": [13.46033, 52.48001]}, "properties": {"pi2025": 10.6, "pi2018": 0, "change_pct": 106.5, "n2025": 97, "grid": "4556_3269"}}, {"type": "Feature", "geometry": {"type": "Point", "coordinates": [13.46103, 52.48899]}, "properties": {"pi2025": 24.7, "pi2018": 10.3, "change_pct": 289.4, "n2025": 117, "grid": "4556_3270"}}, {"type": "Feature", "geometry": {"type": "Point", "coordinates": [13.46174, 52.49796]}, "properties": {"pi2025": 24.4, "pi2018": 11.0, "change_pct": 357.1, "n2025": 237, "grid": "4556_3271"}}, {"type": "Feature", "geometry": {"type": "Point", "coordinates": [13.46244, 52.50694]}, "properties": {"pi2025": 13.9, "pi2018": 10.9, "change_pct": 155.5, "n2025": 355, "grid": "4556_3272"}}, {"type": "Feature", "geometry": {"type": "Point", "coordinates": [13.46314, 52.51591]}, "properties": {"pi2025": 15.5, "pi2018": 10.8, "change_pct": 187.3, "n2025": 238, "grid": "4556_3273"}}, {"type": "Feature", "geometry": {"type": "Point", "coordinates": [13.46385, 52.52489]}, "properties": {"pi2025": 9.2, "pi2018": 9.4, "change_pct": 87.0, "n2025": 92, "grid": "4556_3274"}}, {"type": "Feature", "geometry": {"type": "Point", "coordinates": [13.46597, 52.55181]}, "properties": {"pi2025": 10.0, "pi2018": 8.4, "change_pct": 102.6, "n2025": 67, "grid": "4556_3277"}}, {"type": "Feature", "geometry": {"type": "Point", "coordinates": [13.4701, 52.41676]}, "properties": {"pi2025": 7.8, "pi2018": 6.9, "change_pct": 116.3, "n2025": 111, "grid": "4557_3262"}}, {"type": "Feature", "geometry": {"type": "Point", "coordinates": [13.47362, 52.46163]}, "properties": {"pi2025": 10.4, "pi2018": 8.4, "change_pct": 114.8, "n2025": 70, "grid": "4557_3267"}}, {"type": "Feature", "geometry": {"type": "Point", "coordinates": [13.47433, 52.47061]}, "properties": {"pi2025": 10.5, "pi2018": 8.5, "change_pct": 108.6, "n2025": 92, "grid": "4557_3268"}}, {"type": "Feature", "geometry": {"type": "Point", "coordinates": [13.47645, 52.49753]}, "properties": {"pi2025": 15.9, "pi2018": 9.8, "change_pct": 235.9, "n2025": 234, "grid": "4557_3271"}}, {"type": "Feature", "geometry": {"type": "Point", "coordinates": [13.47715, 52.50651]}, "properties": {"pi2025": 9.7, "pi2018": 0, "change_pct": 96.2, "n2025": 92, "grid": "4557_3272"}}, {"type": "Feature", "geometry": {"type": "Point", "coordinates": [13.47786, 52.51548]}, "properties": {"pi2025": 10.5, "pi2018": 9.3, "change_pct": 101.3, "n2025": 108, "grid": "4557_3273"}}, {"type": "Feature", "geometry": {"type": "Point", "coordinates": [13.47928, 52.53343]}, "properties": {"pi2025": 13.7, "pi2018": 7.7, "change_pct": 181.7, "n2025": 138, "grid": "4557_3275"}}, {"type": "Feature", "geometry": {"type": "Point", "coordinates": [13.47998, 52.54241]}, "properties": {"pi2025": 11.3, "pi2018": 9.2, "change_pct": 105.0, "n2025": 70, "grid": "4557_3276"}}, {"type": "Feature", "geometry": {"type": "Point", "coordinates": [13.48638, 52.62318]}, "properties": {"pi2025": 7.2, "pi2018": 0, "change_pct": 71.8, "n2025": 53, "grid": "4557_3285"}}, {"type": "Feature", "geometry": {"type": "Point", "coordinates": [13.48761, 52.45223]}, "properties": {"pi2025": 11.6, "pi2018": 0, "change_pct": 0, "n2025": 58, "grid": "4558_3266"}}, {"type": "Feature", "geometry": {"type": "Point", "coordinates": [13.49116, 52.4971]}, "properties": {"pi2025": 15.1, "pi2018": 8.9, "change_pct": 208.3, "n2025": 254, "grid": "4558_3271"}}, {"type": "Feature", "geometry": {"type": "Point", "coordinates": [13.49187, 52.50608]}, "properties": {"pi2025": 12.4, "pi2018": 9.2, "change_pct": 158.7, "n2025": 223, "grid": "4558_3272"}}, {"type": "Feature", "geometry": {"type": "Point", "coordinates": [13.49258, 52.51505]}, "properties": {"pi2025": 9.4, "pi2018": 0, "change_pct": 91.0, "n2025": 110, "grid": "4558_3273"}}, {"type": "Feature", "geometry": {"type": "Point", "coordinates": [13.494, 52.533]}, "properties": {"pi2025": 8.9, "pi2018": 8.7, "change_pct": 79.8, "n2025": 158, "grid": "4558_3275"}}, {"type": "Feature", "geometry": {"type": "Point", "coordinates": [13.49471, 52.54198]}, "properties": {"pi2025": 9.6, "pi2018": 7.4, "change_pct": 103.1, "n2025": 61, "grid": "4558_3276"}}, {"type": "Feature", "geometry": {"type": "Point", "coordinates": [13.49613, 52.55993]}, "properties": {"pi2025": 7.9, "pi2018": 7.9, "change_pct": 78.1, "n2025": 85, "grid": "4558_3278"}}, {"type": "Feature", "geometry": {"type": "Point", "coordinates": [13.49685, 52.5689]}, "properties": {"pi2025": 7.1, "pi2018": 0, "change_pct": 47.3, "n2025": 76, "grid": "4558_3279"}}, {"type": "Feature", "geometry": {"type": "Point", "coordinates": [13.49734, 52.38897]}, "properties": {"pi2025": 12.1, "pi2018": 0, "change_pct": 156.4, "n2025": 159, "grid": "4559_3259"}}, {"type": "Feature", "geometry": {"type": "Point", "coordinates": [13.49805, 52.39795]}, "properties": {"pi2025": 9.5, "pi2018": 7.8, "change_pct": 109.4, "n2025": 67, "grid": "4559_3260"}}, {"type": "Feature", "geometry": {"type": "Point", "coordinates": [13.50017, 52.42487]}, "properties": {"pi2025": 7.8, "pi2018": 0, "change_pct": 0, "n2025": 53, "grid": "4559_3263"}}, {"type": "Feature", "geometry": {"type": "Point", "coordinates": [13.50088, 52.43385]}, "properties": {"pi2025": 10.3, "pi2018": 8.1, "change_pct": 114.7, "n2025": 82, "grid": "4559_3264"}}, {"type": "Feature", "geometry": {"type": "Point", "coordinates": [13.50159, 52.44282]}, "properties": {"pi2025": 10.9, "pi2018": 8.4, "change_pct": 132.0, "n2025": 82, "grid": "4559_3265"}}, {"type": "Feature", "geometry": {"type": "Point", "coordinates": [13.50231, 52.4518]}, "properties": {"pi2025": 12.0, "pi2018": 9.1, "change_pct": 175.7, "n2025": 119, "grid": "4559_3266"}}, {"type": "Feature", "geometry": {"type": "Point", "coordinates": [13.50302, 52.46077]}, "properties": {"pi2025": 11.4, "pi2018": 8.2, "change_pct": 140.2, "n2025": 233, "grid": "4559_3267"}}, {"type": "Feature", "geometry": {"type": "Point", "coordinates": [13.50444, 52.47872]}, "properties": {"pi2025": 17.7, "pi2018": 0, "change_pct": 234.6, "n2025": 734, "grid": "4559_3269"}}, {"type": "Feature", "geometry": {"type": "Point", "coordinates": [13.50515, 52.4877]}, "properties": {"pi2025": 9.1, "pi2018": 8.1, "change_pct": 75.2, "n2025": 167, "grid": "4559_3270"}}, {"type": "Feature", "geometry": {"type": "Point", "coordinates": [13.50587, 52.49667]}, "properties": {"pi2025": 9.2, "pi2018": 10.3, "change_pct": 87.6, "n2025": 72, "grid": "4559_3271"}}, {"type": "Feature", "geometry": {"type": "Point", "coordinates": [13.50658, 52.50565]}, "properties": {"pi2025": 18.2, "pi2018": 8.9, "change_pct": 287.1, "n2025": 428, "grid": "4559_3272"}}, {"type": "Feature", "geometry": {"type": "Point", "coordinates": [13.50801, 52.5236]}, "properties": {"pi2025": 21.3, "pi2018": 0, "change_pct": 0, "n2025": 244, "grid": "4559_3274"}}, {"type": "Feature", "geometry": {"type": "Point", "coordinates": [13.50872, 52.53257]}, "properties": {"pi2025": 13.4, "pi2018": 0, "change_pct": 174.1, "n2025": 78, "grid": "4559_3275"}}, {"type": "Feature", "geometry": {"type": "Point", "coordinates": [13.51158, 52.56847]}, "properties": {"pi2025": 7.3, "pi2018": 0, "change_pct": 67.4, "n2025": 54, "grid": "4559_3279"}}, {"type": "Feature", "geometry": {"type": "Point", "coordinates": [13.51557, 52.43341]}, "properties": {"pi2025": 10.9, "pi2018": 7.7, "change_pct": 0, "n2025": 51, "grid": "4560_3264"}}, {"type": "Feature", "geometry": {"type": "Point", "coordinates": [13.517, 52.45136]}, "properties": {"pi2025": 13.9, "pi2018": 8.2, "change_pct": 215.8, "n2025": 227, "grid": "4560_3266"}}, {"type": "Feature", "geometry": {"type": "Point", "coordinates": [13.51771, 52.46034]}, "properties": {"pi2025": 15.3, "pi2018": 7.5, "change_pct": 220.8, "n2025": 325, "grid": "4560_3267"}}, {"type": "Feature", "geometry": {"type": "Point", "coordinates": [13.51914, 52.47829]}, "properties": {"pi2025": 12.1, "pi2018": 8.7, "change_pct": 124.1, "n2025": 94, "grid": "4560_3269"}}, {"type": "Feature", "geometry": {"type": "Point", "coordinates": [13.51986, 52.48726]}, "properties": {"pi2025": 11.4, "pi2018": 8.0, "change_pct": 128.8, "n2025": 53, "grid": "4560_3270"}}, {"type": "Feature", "geometry": {"type": "Point", "coordinates": [13.52129, 52.50521]}, "properties": {"pi2025": 10.9, "pi2018": 8.5, "change_pct": 147.2, "n2025": 71, "grid": "4560_3272"}}, {"type": "Feature", "geometry": {"type": "Point", "coordinates": [13.52883, 52.41503]}, "properties": {"pi2025": 12.4, "pi2018": 7.5, "change_pct": 140.1, "n2025": 64, "grid": "4561_3262"}}, {"type": "Feature", "geometry": {"type": "Point", "coordinates": [13.53026, 52.43298]}, "properties": {"pi2025": 14.2, "pi2018": 8.2, "change_pct": 208.2, "n2025": 67, "grid": "4561_3264"}}, {"type": "Feature", "geometry": {"type": "Point", "coordinates": [13.53169, 52.45093]}, "properties": {"pi2025": 11.4, "pi2018": 8.5, "change_pct": 133.1, "n2025": 114, "grid": "4561_3266"}}, {"type": "Feature", "geometry": {"type": "Point", "coordinates": [13.53744, 52.52273]}, "properties": {"pi2025": 8.2, "pi2018": 7.0, "change_pct": 93.4, "n2025": 53, "grid": "4561_3274"}}, {"type": "Feature", "geometry": {"type": "Point", "coordinates": [13.53888, 52.54067]}, "properties": {"pi2025": 6.7, "pi2018": 6.3, "change_pct": 54.2, "n2025": 58, "grid": "4561_3276"}}, {"type": "Feature", "geometry": {"type": "Point", "coordinates": [13.54495, 52.43254]}, "properties": {"pi2025": 11.7, "pi2018": 8.3, "change_pct": 139.8, "n2025": 337, "grid": "4562_3264"}}, {"type": "Feature", "geometry": {"type": "Point", "coordinates": [13.55071, 52.50434]}, "properties": {"pi2025": 11.5, "pi2018": 0, "change_pct": 0, "n2025": 52, "grid": "4562_3272"}}, {"type": "Feature", "geometry": {"type": "Point", "coordinates": [13.55433, 52.54921]}, "properties": {"pi2025": 8.0, "pi2018": 7.0, "change_pct": 94.2, "n2025": 81, "grid": "4562_3277"}}, {"type": "Feature", "geometry": {"type": "Point", "coordinates": [13.55505, 52.55819]}, "properties": {"pi2025": 8.7, "pi2018": 6.5, "change_pct": 100.2, "n2025": 80, "grid": "4562_3278"}}, {"type": "Feature", "geometry": {"type": "Point", "coordinates": [13.55578, 52.56716]}, "properties": {"pi2025": 8.3, "pi2018": 6.7, "change_pct": 105.1, "n2025": 52, "grid": "4562_3279"}}, {"type": "Feature", "geometry": {"type": "Point", "coordinates": [13.46059, 51.15756]}, "properties": {"pi2025": 6.5, "pi2018": 5.0, "change_pct": 54.4, "n2025": 61, "grid": "4563_3122"}}, {"type": "Feature", "geometry": {"type": "Point", "coordinates": [13.55747, 52.40518]}, "properties": {"pi2025": 14.1, "pi2018": 0, "change_pct": 0, "n2025": 113, "grid": "4563_3261"}}, {"type": "Feature", "geometry": {"type": "Point", "coordinates": [13.55964, 52.43211]}, "properties": {"pi2025": 9.2, "pi2018": 7.3, "change_pct": 101.8, "n2025": 60, "grid": "4563_3264"}}, {"type": "Feature", "geometry": {"type": "Point", "coordinates": [13.56036, 52.44108]}, "properties": {"pi2025": 12.5, "pi2018": 7.5, "change_pct": 153.9, "n2025": 150, "grid": "4563_3265"}}, {"type": "Feature", "geometry": {"type": "Point", "coordinates": [13.56108, 52.45005]}, "properties": {"pi2025": 15.9, "pi2018": 8.0, "change_pct": 243.3, "n2025": 401, "grid": "4563_3266"}}, {"type": "Feature", "geometry": {"type": "Point", "coordinates": [13.56688, 52.52185]}, "properties": {"pi2025": 7.8, "pi2018": 7.4, "change_pct": 68.2, "n2025": 50, "grid": "4563_3274"}}, {"type": "Feature", "geometry": {"type": "Point", "coordinates": [13.56833, 52.5398]}, "properties": {"pi2025": 9.3, "pi2018": 7.3, "change_pct": 118.5, "n2025": 52, "grid": "4563_3276"}}, {"type": "Feature", "geometry": {"type": "Point", "coordinates": [13.56906, 52.54877]}, "properties": {"pi2025": 7.6, "pi2018": 6.6, "change_pct": 75.7, "n2025": 66, "grid": "4563_3277"}}, {"type": "Feature", "geometry": {"type": "Point", "coordinates": [13.57287, 52.41372]}, "properties": {"pi2025": 11.6, "pi2018": 8.6, "change_pct": 103.9, "n2025": 54, "grid": "4564_3262"}}, {"type": "Feature", "geometry": {"type": "Point", "coordinates": [13.5736, 52.42269]}, "properties": {"pi2025": 14.2, "pi2018": 7.4, "change_pct": 164.9, "n2025": 261, "grid": "4564_3263"}}, {"type": "Feature", "geometry": {"type": "Point", "coordinates": [13.57432, 52.43166]}, "properties": {"pi2025": 11.9, "pi2018": 7.3, "change_pct": 148.2, "n2025": 120, "grid": "4564_3264"}}, {"type": "Feature", "geometry": {"type": "Point", "coordinates": [13.57505, 52.44064]}, "properties": {"pi2025": 10.0, "pi2018": 7.2, "change_pct": 113.7, "n2025": 112, "grid": "4564_3265"}}, {"type": "Feature", "geometry": {"type": "Point", "coordinates": [13.57577, 52.44961]}, "properties": {"pi2025": 12.0, "pi2018": 8.6, "change_pct": 150.2, "n2025": 75, "grid": "4564_3266"}}, {"type": "Feature", "geometry": {"type": "Point", "coordinates": [13.5765, 52.45859]}, "properties": {"pi2025": 11.7, "pi2018": 7.9, "change_pct": 123.9, "n2025": 120, "grid": "4564_3267"}}, {"type": "Feature", "geometry": {"type": "Point", "coordinates": [13.58086, 52.51243]}, "properties": {"pi2025": 8.7, "pi2018": 0, "change_pct": 112.6, "n2025": 59, "grid": "4564_3273"}}, {"type": "Feature", "geometry": {"type": "Point", "coordinates": [13.58159, 52.52141]}, "properties": {"pi2025": 7.0, "pi2018": 5.8, "change_pct": 83.2, "n2025": 154, "grid": "4564_3274"}}, {"type": "Feature", "geometry": {"type": "Point", "coordinates": [13.58305, 52.53936]}, "properties": {"pi2025": 10.4, "pi2018": 7.0, "change_pct": 169.9, "n2025": 87, "grid": "4564_3276"}}, {"type": "Feature", "geometry": {"type": "Point", "coordinates": [13.59777, 52.53891]}, "properties": {"pi2025": 10.7, "pi2018": 8.0, "change_pct": 140.6, "n2025": 81, "grid": "4565_3276"}}, {"type": "Feature", "geometry": {"type": "Point", "coordinates": [13.61176, 52.52949]}, "properties": {"pi2025": 8.0, "pi2018": 6.2, "change_pct": 88.6, "n2025": 95, "grid": "4566_3275"}}, {"type": "Feature", "geometry": {"type": "Point", "coordinates": [13.6096, 52.32264]}, "properties": {"pi2025": 11.3, "pi2018": 0, "change_pct": 0, "n2025": 52, "grid": "4567_3252"}}, {"type": "Feature", "geometry": {"type": "Point", "coordinates": [13.61985, 52.44828]}, "properties": {"pi2025": 10.5, "pi2018": 8.5, "change_pct": 79.6, "n2025": 75, "grid": "4567_3266"}}, {"type": "Feature", "geometry": {"type": "Point", "coordinates": [13.62059, 52.27733]}, "properties": {"pi2025": 16.9, "pi2018": 0, "change_pct": 0, "n2025": 377, "grid": "4568_3247"}}, {"type": "Feature", "geometry": {"type": "Point", "coordinates": [13.62132, 52.2863]}, "properties": {"pi2025": 9.9, "pi2018": 0, "change_pct": 0, "n2025": 66, "grid": "4568_3248"}}, {"type": "Feature", "geometry": {"type": "Point", "coordinates": [13.4416, 48.56606]}, "properties": {"pi2025": 10.2, "pi2018": 8.2, "change_pct": 0, "n2025": 133, "grid": "4575_2834"}}, {"type": "Feature", "geometry": {"type": "Point", "coordinates": [13.45513, 48.56564]}, "properties": {"pi2025": 9.7, "pi2018": 7.7, "change_pct": 0, "n2025": 63, "grid": "4576_2834"}}, {"type": "Feature", "geometry": {"type": "Point", "coordinates": [13.74979, 52.41727]}, "properties": {"pi2025": 14.8, "pi2018": 0, "change_pct": 0, "n2025": 58, "grid": "4576_3263"}}, {"type": "Feature", "geometry": {"type": "Point", "coordinates": [13.78517, 52.83001]}, "properties": {"pi2025": 9.5, "pi2018": 6.6, "change_pct": 0, "n2025": 60, "grid": "4576_3309"}}, {"type": "Feature", "geometry": {"type": "Point", "coordinates": [13.79999, 52.82954]}, "properties": {"pi2025": 9.3, "pi2018": 6.2, "change_pct": 123.9, "n2025": 62, "grid": "4577_3309"}}, {"type": "Feature", "geometry": {"type": "Point", "coordinates": [13.66621, 51.04327]}, "properties": {"pi2025": 8.0, "pi2018": 0, "change_pct": 95.9, "n2025": 80, "grid": "4578_3110"}}, {"type": "Feature", "geometry": {"type": "Point", "coordinates": [13.85773, 53.31355]}, "properties": {"pi2025": 6.8, "pi2018": 5.2, "change_pct": 0, "n2025": 67, "grid": "4578_3363"}}, {"type": "Feature", "geometry": {"type": "Point", "coordinates": [13.67974, 51.03384]}, "properties": {"pi2025": 8.0, "pi2018": 8.6, "change_pct": 66.5, "n2025": 86, "grid": "4579_3109"}}, {"type": "Feature", "geometry": {"type": "Point", "coordinates": [13.68045, 51.04282]}, "properties": {"pi2025": 8.6, "pi2018": 0, "change_pct": 84.9, "n2025": 148, "grid": "4579_3110"}}, {"type": "Feature", "geometry": {"type": "Point", "coordinates": [13.69326, 51.02441]}, "properties": {"pi2025": 8.7, "pi2018": 0, "change_pct": 72.7, "n2025": 72, "grid": "4580_3108"}}, {"type": "Feature", "geometry": {"type": "Point", "coordinates": [13.69398, 51.03339]}, "properties": {"pi2025": 8.6, "pi2018": 0, "change_pct": 76.7, "n2025": 188, "grid": "4580_3109"}}, {"type": "Feature", "geometry": {"type": "Point", "coordinates": [13.6947, 51.04237]}, "properties": {"pi2025": 8.5, "pi2018": 0, "change_pct": 81.1, "n2025": 132, "grid": "4580_3110"}}, {"type": "Feature", "geometry": {"type": "Point", "coordinates": [13.69757, 51.07827]}, "properties": {"pi2025": 8.4, "pi2018": 6.5, "change_pct": 71.5, "n2025": 100, "grid": "4580_3114"}}, {"type": "Feature", "geometry": {"type": "Point", "coordinates": [13.7075, 51.02396]}, "properties": {"pi2025": 8.4, "pi2018": 0, "change_pct": 50.7, "n2025": 52, "grid": "4581_3108"}}, {"type": "Feature", "geometry": {"type": "Point", "coordinates": [13.70822, 51.03294]}, "properties": {"pi2025": 8.6, "pi2018": 0, "change_pct": 71.2, "n2025": 67, "grid": "4581_3109"}}, {"type": "Feature", "geometry": {"type": "Point", "coordinates": [13.70966, 51.05089]}, "properties": {"pi2025": 8.5, "pi2018": 0, "change_pct": 88.3, "n2025": 148, "grid": "4581_3111"}}, {"type": "Feature", "geometry": {"type": "Point", "coordinates": [13.7111, 51.06884]}, "properties": {"pi2025": 6.6, "pi2018": 0, "change_pct": 31.5, "n2025": 53, "grid": "4581_3113"}}, {"type": "Feature", "geometry": {"type": "Point", "coordinates": [13.71182, 51.07781]}, "properties": {"pi2025": 7.9, "pi2018": 0, "change_pct": 56.0, "n2025": 159, "grid": "4581_3114"}}, {"type": "Feature", "geometry": {"type": "Point", "coordinates": [13.71254, 51.08679]}, "properties": {"pi2025": 8.3, "pi2018": 0, "change_pct": 65.0, "n2025": 105, "grid": "4581_3115"}}, {"type": "Feature", "geometry": {"type": "Point", "coordinates": [13.72246, 51.03248]}, "properties": {"pi2025": 8.9, "pi2018": 0, "change_pct": 68.2, "n2025": 85, "grid": "4582_3109"}}, {"type": "Feature", "geometry": {"type": "Point", "coordinates": [13.72318, 51.04145]}, "properties": {"pi2025": 9.6, "pi2018": 0, "change_pct": 83.6, "n2025": 186, "grid": "4582_3110"}}, {"type": "Feature", "geometry": {"type": "Point", "coordinates": [13.7239, 51.05043]}, "properties": {"pi2025": 10.5, "pi2018": 0, "change_pct": 102.8, "n2025": 150, "grid": "4582_3111"}}, {"type": "Feature", "geometry": {"type": "Point", "coordinates": [13.72463, 51.05941]}, "properties": {"pi2025": 9.2, "pi2018": 0, "change_pct": 0, "n2025": 166, "grid": "4582_3112"}}, {"type": "Feature", "geometry": {"type": "Point", "coordinates": [13.72535, 51.06838]}, "properties": {"pi2025": 9.1, "pi2018": 0, "change_pct": 89.8, "n2025": 118, "grid": "4582_3113"}}, {"type": "Feature", "geometry": {"type": "Point", "coordinates": [13.72607, 51.07736]}, "properties": {"pi2025": 8.2, "pi2018": 0, "change_pct": 72.3, "n2025": 72, "grid": "4582_3114"}}, {"type": "Feature", "geometry": {"type": "Point", "coordinates": [13.7367, 51.03202]}, "properties": {"pi2025": 8.2, "pi2018": 0, "change_pct": 68.7, "n2025": 71, "grid": "4583_3109"}}, {"type": "Feature", "geometry": {"type": "Point", "coordinates": [13.73742, 51.041]}, "properties": {"pi2025": 8.8, "pi2018": 0, "change_pct": 73.6, "n2025": 101, "grid": "4583_3110"}}, {"type": "Feature", "geometry": {"type": "Point", "coordinates": [13.73815, 51.04997]}, "properties": {"pi2025": 10.8, "pi2018": 0, "change_pct": 60.6, "n2025": 64, "grid": "4583_3111"}}, {"type": "Feature", "geometry": {"type": "Point", "coordinates": [13.73887, 51.05895]}, "properties": {"pi2025": 8.7, "pi2018": 0, "change_pct": 58.3, "n2025": 223, "grid": "4583_3112"}}, {"type": "Feature", "geometry": {"type": "Point", "coordinates": [13.7396, 51.06792]}, "properties": {"pi2025": 8.4, "pi2018": 0, "change_pct": 67.8, "n2025": 415, "grid": "4583_3113"}}, {"type": "Feature", "geometry": {"type": "Point", "coordinates": [13.75094, 51.03156]}, "properties": {"pi2025": 9.4, "pi2018": 7.6, "change_pct": 45.9, "n2025": 52, "grid": "4584_3109"}}, {"type": "Feature", "geometry": {"type": "Point", "coordinates": [13.75239, 51.04951]}, "properties": {"pi2025": 9.5, "pi2018": 0, "change_pct": 68.8, "n2025": 104, "grid": "4584_3111"}}, {"type": "Feature", "geometry": {"type": "Point", "coordinates": [13.75312, 51.05849]}, "properties": {"pi2025": 9.1, "pi2018": 0, "change_pct": 58.7, "n2025": 169, "grid": "4584_3112"}}, {"type": "Feature", "geometry": {"type": "Point", "coordinates": [13.75385, 51.06746]}, "properties": {"pi2025": 8.6, "pi2018": 0, "change_pct": 60.6, "n2025": 168, "grid": "4584_3113"}}, {"type": "Feature", "geometry": {"type": "Point", "coordinates": [13.76591, 51.04007]}, "properties": {"pi2025": 8.4, "pi2018": 0, "change_pct": 59.7, "n2025": 99, "grid": "4585_3110"}}, {"type": "Feature", "geometry": {"type": "Point", "coordinates": [13.76664, 51.04905]}, "properties": {"pi2025": 8.9, "pi2018": 0, "change_pct": 80.6, "n2025": 118, "grid": "4585_3111"}}, {"type": "Feature", "geometry": {"type": "Point", "coordinates": [13.76737, 51.05802]}, "properties": {"pi2025": 8.6, "pi2018": 0, "change_pct": 73.4, "n2025": 60, "grid": "4585_3112"}}, {"type": "Feature", "geometry": {"type": "Point", "coordinates": [13.7681, 51.067]}, "properties": {"pi2025": 7.8, "pi2018": 7.2, "change_pct": 39.0, "n2025": 85, "grid": "4585_3113"}}, {"type": "Feature", "geometry": {"type": "Point", "coordinates": [13.77942, 51.03064]}, "properties": {"pi2025": 8.1, "pi2018": 0, "change_pct": 63.1, "n2025": 111, "grid": "4586_3109"}}, {"type": "Feature", "geometry": {"type": "Point", "coordinates": [13.78015, 51.03961]}, "properties": {"pi2025": 9.5, "pi2018": 0, "change_pct": 79.7, "n2025": 92, "grid": "4586_3110"}}, {"type": "Feature", "geometry": {"type": "Point", "coordinates": [13.78088, 51.04859]}, "properties": {"pi2025": 9.6, "pi2018": 0, "change_pct": 71.4, "n2025": 67, "grid": "4586_3111"}}, {"type": "Feature", "geometry": {"type": "Point", "coordinates": [13.79145, 51.00324]}, "properties": {"pi2025": 7.5, "pi2018": 0, "change_pct": 79.0, "n2025": 157, "grid": "4587_3106"}}, {"type": "Feature", "geometry": {"type": "Point", "coordinates": [13.79366, 51.03017]}, "properties": {"pi2025": 8.0, "pi2018": 6.7, "change_pct": 62.3, "n2025": 135, "grid": "4587_3109"}}, {"type": "Feature", "geometry": {"type": "Point", "coordinates": [13.79439, 51.03914]}, "properties": {"pi2025": 9.2, "pi2018": 0, "change_pct": 70.8, "n2025": 109, "grid": "4587_3110"}}, {"type": "Feature", "geometry": {"type": "Point", "coordinates": [13.79807, 51.08402]}, "properties": {"pi2025": 8.2, "pi2018": 0, "change_pct": 0, "n2025": 176, "grid": "4587_3115"}}, {"type": "Feature", "geometry": {"type": "Point", "coordinates": [13.80642, 51.01175]}, "properties": {"pi2025": 7.5, "pi2018": 0, "change_pct": 56.2, "n2025": 68, "grid": "4588_3107"}}, {"type": "Feature", "geometry": {"type": "Point", "coordinates": [13.80789, 51.0297]}, "properties": {"pi2025": 8.5, "pi2018": 0, "change_pct": 64.1, "n2025": 94, "grid": "4588_3109"}}, {"type": "Feature", "geometry": {"type": "Point", "coordinates": [13.81991, 51.00231]}, "properties": {"pi2025": 8.4, "pi2018": 0, "change_pct": 64.2, "n2025": 73, "grid": "4589_3106"}}, {"type": "Feature", "geometry": {"type": "Point", "coordinates": [13.82139, 51.02026]}, "properties": {"pi2025": 8.0, "pi2018": 0, "change_pct": 57.1, "n2025": 62, "grid": "4589_3108"}}, {"type": "Feature", "geometry": {"type": "Point", "coordinates": [14.0531, 52.35332]}, "properties": {"pi2025": 9.5, "pi2018": 6.2, "change_pct": 89.6, "n2025": 65, "grid": "4597_3257"}}, {"type": "Feature", "geometry": {"type": "Point", "coordinates": [14.05392, 52.3623]}, "properties": {"pi2025": 11.7, "pi2018": 0, "change_pct": 0, "n2025": 63, "grid": "4597_3258"}}, {"type": "Feature", "geometry": {"type": "Point", "coordinates": [14.25872, 51.42807]}, "properties": {"pi2025": 5.1, "pi2018": 4.5, "change_pct": 0, "n2025": 56, "grid": "4617_3155"}}, {"type": "Feature", "geometry": {"type": "Point", "coordinates": [14.25956, 51.43705]}, "properties": {"pi2025": 5.3, "pi2018": 4.5, "change_pct": 0, "n2025": 67, "grid": "4617_3156"}}, {"type": "Feature", "geometry": {"type": "Point", "coordinates": [14.31887, 51.75891]}, "properties": {"pi2025": 7.8, "pi2018": 0, "change_pct": 76.6, "n2025": 51, "grid": "4619_3192"}}, {"type": "Feature", "geometry": {"type": "Point", "coordinates": [14.33333, 51.75838]}, "properties": {"pi2025": 8.1, "pi2018": 0, "change_pct": 85.5, "n2025": 59, "grid": "4620_3192"}}, {"type": "Feature", "geometry": {"type": "Point", "coordinates": [14.42194, 51.17894]}, "properties": {"pi2025": 5.6, "pi2018": 4.7, "change_pct": 25.7, "n2025": 62, "grid": "4630_3128"}}, {"type": "Feature", "geometry": {"type": "Point", "coordinates": [14.65647, 51.08874]}, "properties": {"pi2025": 5.4, "pi2018": 0, "change_pct": 0, "n2025": 105, "grid": "4647_3119"}}, {"type": "Feature", "geometry": {"type": "Point", "coordinates": [14.79366, 50.89404]}, "properties": {"pi2025": 4.6, "pi2018": 3.9, "change_pct": 0, "n2025": 52, "grid": "4658_3098"}}, {"type": "Feature", "geometry": {"type": "Point", "coordinates": [14.95465, 51.06737]}, "properties": {"pi2025": 6.0, "pi2018": 0, "change_pct": 0, "n2025": 335, "grid": "4668_3118"}}, {"type": "Feature", "geometry": {"type": "Point", "coordinates": [14.96236, 51.13909]}, "properties": {"pi2025": 5.6, "pi2018": 0, "change_pct": 36.0, "n2025": 82, "grid": "4668_3126"}}, {"type": "Feature", "geometry": {"type": "Point", "coordinates": [14.96333, 51.14806]}, "properties": {"pi2025": 5.5, "pi2018": 0, "change_pct": 60.2, "n2025": 69, "grid": "4668_3127"}}, {"type": "Feature", "geometry": {"type": "Point", "coordinates": [14.97662, 51.13848]}, "properties": {"pi2025": 6.8, "pi2018": 4.5, "change_pct": 68.1, "n2025": 95, "grid": "4669_3126"}}, {"type": "Feature", "geometry": {"type": "Point", "coordinates": [14.97759, 51.14745]}, "properties": {"pi2025": 5.3, "pi2018": 0, "change_pct": 42.1, "n2025": 124, "grid": "4669_3127"}}]}